order_id,customer_id,product_id,quantity,amount,status,order_ts
100001,196,31,1,67.99,completed,2026-07-20 15:00:00
100002,136,30,4,1861.88,pending,2026-07-05 07:50:00
100003,175,7,2,162.84,completed,2026-07-07 23:44:00
100004,201,9,1,277.99,completed,2026-07-30 01:41:00
100005,112,45,2,630.2,completed,2026-07-20 03:04:00
100006,67,15,5,2360.25,completed,2026-07-20 00:00:00
100007,81,42,3,1494.63,completed,2026-08-04 07:30:00
100008,106,46,2,551.54,completed,2026-08-03 01:01:00
100009,21,17,4,1772.0,completed,2026-07-13 13:59:00
100010,184,27,2,498.02,completed,2026-07-24 12:12:00
100011,53,32,3,1112.61,completed,2026-07-01 09:49:00
100012,76,7,2,470.46,completed,2026-07-13 15:39:00
100013,15,39,2,490.2,cancelled,2026-07-12 12:03:00
100014,14,46,1,487.19,completed,2026-07-14 12:28:00
100015,85,13,1,498.78,pending,2026-07-21 16:47:00
100016,96,22,1,159.35,completed,2026-07-30 03:00:00
100017,32,36,3,134.94,completed,2026-07-06 06:24:00
100018,13,46,3,1235.67,completed,2026-07-23 11:34:00
100019,122,2,2,330.08,completed,2026-07-29 07:51:00
100020,17,4,4,100.48,completed,2026-08-10 23:04:00
100021,158,3,3,554.01,completed,2026-08-08 22:44:00
100022,153,41,3,456.66,completed,2026-07-21 02:01:00
100023,199,25,1,240.22,pending,2026-07-15 13:52:00
100024,206,48,2,928.82,completed,2026-08-01 22:49:00
100025,118,24,5,609.45,cancelled,2026-07-10 19:05:00
100026,105,5,2,397.76,completed,2026-08-02 15:35:00
100027,27,5,3,253.62,completed,2026-08-04 02:13:00
100028,115,12,4,1007.0,completed,2026-07-07 13:29:00
100029,171,49,2,750.5,cancelled,2026-08-09 09:18:00
100030,67,13,5,687.45,completed,2026-07-18 05:15:00
100031,49,21,2,288.54,cancelled,2026-07-16 08:15:00
100032,168,30,5,597.65,cancelled,2026-08-02 03:00:00
100033,11,19,2,842.16,cancelled,2026-07-31 01:12:00
100034,132,12,5,505.55,completed,2026-08-08 08:49:00
100035,90,14,1,320.54,completed,2026-07-01 10:09:00
100036,188,42,2,999.88,completed,2026-07-03 00:52:00
100037,80,5,4,1363.08,completed,2026-07-21 15:35:00
100038,170,36,1,207.04,cancelled,2026-07-31 17:05:00
100039,73,43,4,1396.92,completed,2026-07-11 01:19:00
100040,197,24,3,629.91,completed,2026-08-06 12:46:00
100041,41,28,2,942.56,completed,2026-07-26 02:25:00
100042,4,4,3,699.45,completed,2026-08-06 20:51:00
100043,189,33,1,288.57,pending,2026-07-26 11:18:00
100044,99,32,5,450.15,completed,2026-07-11 06:19:00
100045,14,39,1,487.9,completed,2026-07-09 12:05:00
100046,159,26,2,643.92,cancelled,2026-08-09 06:53:00
100047,133,11,2,569.78,completed,2026-07-31 03:09:00
100048,194,44,2,50.68,completed,2026-07-16 10:07:00
100049,200,20,5,1152.95,cancelled,2026-07-25 09:37:00
100050,129,29,4,790.64,completed,2026-07-16 00:39:00
100051,200,30,4,485.8,completed,2026-08-01 15:25:00
100052,24,29,1,68.59,completed,2026-07-07 21:02:00
100053,200,47,2,91.42,completed,2026-07-03 01:48:00
100054,7,5,4,1312.44,cancelled,2026-08-02 23:44:00
100055,74,11,2,140.3,cancelled,2026-07-08 23:59:00
100056,65,11,1,417.35,completed,2026-07-15 19:17:00
100057,123,14,2,261.62,pending,2026-07-30 19:32:00
100058,104,11,3,567.81,completed,2026-07-16 08:43:00
100059,30,50,4,354.12,cancelled,2026-07-21 20:54:00
100060,27,17,4,1119.24,completed,2026-07-24 20:54:00
100061,148,10,3,408.15,pending,2026-07-26 02:28:00
100062,76,34,2,619.22,pending,2026-07-15 20:55:00
100063,57,10,3,1103.55,completed,2026-08-07 20:27:00
100064,126,15,5,926.15,completed,2026-07-27 01:01:00
100065,134,23,1,285.72,completed,2026-07-04 13:37:00
100066,122,11,5,355.95,completed,2026-07-20 07:45:00
100067,171,18,4,209.68,completed,2026-07-10 08:00:00
100068,149,29,5,2234.35,completed,2026-07-04 16:46:00
100069,16,35,2,,completed,2026-08-01 05:15:00
100070,157,36,1,456.31,completed,2026-07-11 06:09:00
100071,166,42,2,523.08,completed,2026-07-27 19:11:00
100072,186,31,3,109.68,completed,2026-08-02 00:24:00
100073,45,15,4,179.36,completed,2026-07-28 08:14:00
100074,178,17,1,171.08,completed,2026-07-03 08:40:00
100075,68,19,4,1377.76,cancelled,2026-08-05 06:05:00
100076,191,13,1,89.04,cancelled,2026-08-02 23:58:00
100077,62,25,2,881.36,completed,2026-07-21 20:58:00
100078,2,2,4,954.84,completed,2026-08-04 23:14:00
100079,150,5,3,1186.98,completed,2026-08-06 05:09:00
100080,42,23,1,60.39,completed,2026-07-03 22:01:00
100081,11,45,1,73.51,completed,2026-07-02 01:04:00
100082,137,43,3,310.98,pending,2026-08-07 22:24:00
100083,9,49,2,213.66,completed,2026-07-07 20:40:00
100084,194,42,4,217.76,completed,2026-07-19 10:21:00
100085,73,4,3,46.05,completed,2026-07-28 11:58:00
100086,159,48,5,1271.75,cancelled,2026-07-21 13:01:00
100087,181,4,5,1938.25,completed,2026-07-28 06:45:00
100088,1,34,5,2054.05,completed,2026-07-06 01:00:00
100089,48,32,4,209.48,completed,2026-07-23 16:16:00
100090,180,15,2,290.9,completed,2026-08-06 03:40:00
100091,202,7,4,1580.08,completed,2026-07-06 11:06:00
100092,109,42,4,,completed,2026-07-26 06:19:00
100093,98,41,4,1804.4,completed,2026-07-17 14:08:00
100094,166,3,5,1892.35,completed,2026-08-04 10:33:00
100095,44,30,4,1330.96,completed,2026-07-10 08:37:00
100096,179,16,2,340.72,completed,2026-07-15 08:19:00
100097,186,21,2,726.1,pending,2026-08-09 11:10:00
100098,187,7,3,1434.36,completed,2026-07-16 21:06:00
100099,78,47,4,318.92,completed,2026-07-13 08:12:00
100100,119,3,1,,cancelled,2026-07-07 13:44:00
100101,6,10,5,2452.7,completed,2026-07-15 23:25:00
100102,147,38,2,908.92,completed,2026-07-01 13:54:00
100103,165,8,5,2134.8,completed,2026-07-15 10:16:00
100104,103,46,1,447.9,completed,2026-08-10 05:16:00
100105,105,34,4,921.28,completed,2026-07-28 05:57:00
100106,28,3,1,197.41,completed,2026-07-21 06:10:00
100107,117,35,5,886.8,cancelled,2026-07-13 15:32:00
100108,117,14,3,789.72,completed,2026-07-02 05:25:00
100109,164,4,1,365.91,completed,2026-08-02 12:25:00
100110,161,45,1,42.22,cancelled,2026-07-04 18:16:00
100111,135,15,2,310.46,completed,2026-07-07 12:29:00
100112,208,41,2,138.0,completed,2026-07-14 20:35:00
100113,210,27,2,359.6,completed,2026-07-15 09:48:00
100114,201,15,2,782.04,completed,2026-08-05 12:43:00
100115,207,47,4,1364.08,completed,2026-07-17 11:15:00
100116,164,6,3,727.14,completed,2026-07-20 11:09:00
100117,84,9,4,133.0,cancelled,2026-07-20 11:40:00
100118,19,42,1,330.37,completed,2026-08-07 19:06:00
100119,116,23,2,855.64,completed,2026-08-07 06:57:00
100120,156,6,5,440.6,cancelled,2026-07-26 17:50:00
100121,136,6,3,308.1,completed,2026-08-10 14:42:00
100122,36,31,5,318.1,completed,2026-07-08 01:30:00
100123,43,35,2,703.42,completed,2026-07-30 23:00:00
100124,171,19,3,709.92,completed,2026-07-11 11:27:00
100125,166,2,1,,completed,2026-07-27 01:43:00
100126,37,3,1,257.76,completed,2026-07-22 13:40:00
100127,88,31,3,155.28,completed,2026-07-09 17:49:00
100128,142,4,3,661.26,completed,2026-07-14 09:22:00
100129,130,23,4,680.76,pending,2026-08-01 20:31:00
100130,33,38,3,300.57,completed,2026-07-08 02:50:00
100131,140,37,4,1450.88,cancelled,2026-07-03 09:06:00
100132,156,50,1,99.02,pending,2026-07-01 16:58:00
100133,173,45,5,955.7,completed,2026-08-04 21:05:00
100134,196,12,1,335.17,completed,2026-07-14 05:55:00
100135,168,1,4,1553.56,cancelled,2026-07-03 04:50:00
100136,48,27,5,1782.6,cancelled,2026-07-20 00:27:00
100137,146,34,5,2336.3,completed,2026-08-06 03:49:00
100138,18,1,5,1746.9,completed,2026-07-27 19:37:00
100139,22,42,4,1544.36,completed,2026-07-10 04:40:00
100140,32,6,4,29.48,completed,2026-07-01 03:08:00
100141,116,47,1,141.35,completed,2026-07-31 01:23:00
100142,128,30,1,150.11,completed,2026-07-10 08:58:00
100143,167,44,1,10.64,completed,2026-07-04 02:24:00
100144,125,39,3,1098.21,completed,2026-07-20 11:36:00
100145,205,8,4,1360.24,completed,2026-07-29 20:10:00
100146,116,18,4,964.4,completed,2026-08-10 18:21:00
100147,181,39,3,105.06,pending,2026-07-19 19:46:00
100148,110,16,2,605.12,completed,2026-07-01 21:24:00
100149,1,21,2,809.4,completed,2026-08-08 13:10:00
100150,147,10,1,147.82,completed,2026-08-07 17:43:00
100151,125,25,3,808.83,completed,2026-08-01 23:59:00
100152,120,46,3,916.23,completed,2026-07-15 08:37:00
100153,207,23,4,930.24,completed,2026-07-01 07:25:00
100154,134,21,5,2244.9,cancelled,2026-08-07 18:12:00
100155,180,19,2,200.4,completed,2026-07-13 18:22:00
100156,127,24,5,2145.95,completed,2026-07-26 11:40:00
100157,89,18,1,82.3,completed,2026-07-30 00:06:00
100158,125,38,2,990.5,cancelled,2026-07-03 08:59:00
100159,152,39,4,212.28,completed,2026-07-18 08:53:00
100160,22,2,3,313.47,completed,2026-07-03 17:23:00
100161,17,39,4,1895.48,cancelled,2026-07-30 03:45:00
100162,23,43,3,488.28,completed,2026-07-06 05:28:00
100163,57,12,3,1449.18,pending,2026-07-11 08:22:00
100164,13,17,5,2263.8,cancelled,2026-07-04 22:47:00
100165,2,13,1,55.02,completed,2026-07-31 09:37:00
100166,83,24,4,1520.64,completed,2026-08-07 03:23:00
100167,37,44,4,353.8,completed,2026-07-31 14:45:00
100168,20,40,1,82.69,cancelled,2026-07-13 23:08:00
100169,6,41,1,463.34,completed,2026-07-29 10:20:00
100170,85,15,4,248.92,completed,2026-07-15 05:45:00
100171,39,18,5,2226.05,completed,2026-07-29 07:09:00
100172,206,11,3,862.92,completed,2026-07-02 03:20:00
100173,15,41,4,246.04,pending,2026-07-30 21:59:00
100174,66,49,5,1206.7,completed,2026-07-14 11:27:00
100175,75,27,2,925.82,completed,2026-07-17 01:53:00
100176,207,33,2,978.84,completed,2026-07-19 04:28:00
100177,11,27,5,733.85,completed,2026-07-01 18:11:00
100178,45,13,2,526.44,completed,2026-07-09 02:56:00
100179,36,40,4,1527.32,completed,2026-08-08 20:51:00
100180,178,47,5,787.4,completed,2026-07-13 23:58:00
100181,164,32,5,2031.35,completed,2026-07-04 13:58:00
100182,48,37,2,873.3,completed,2026-07-31 11:02:00
100183,92,34,3,868.77,cancelled,2026-07-11 16:04:00
100184,83,50,3,1076.16,cancelled,2026-07-08 12:36:00
100185,127,29,3,1311.12,pending,2026-07-04 16:51:00
100186,58,40,2,30.48,pending,2026-08-04 03:19:00
100187,25,45,5,2047.45,completed,2026-07-17 08:01:00
100188,114,7,5,1173.25,completed,2026-08-08 03:45:00
100189,150,33,1,140.14,completed,2026-07-12 03:07:00
100190,59,15,4,1771.2,completed,2026-07-08 18:29:00
100191,163,25,2,948.72,completed,2026-07-26 19:53:00
100192,14,50,5,114.6,pending,2026-08-08 12:15:00
100193,83,26,4,1689.2,completed,2026-07-22 01:20:00
100194,64,28,2,958.28,pending,2026-08-03 00:23:00
100195,52,33,5,489.05,completed,2026-07-07 07:08:00
100196,163,3,4,1557.64,pending,2026-07-27 01:02:00
100197,161,35,3,1378.14,completed,2026-08-09 01:39:00
100198,61,3,3,195.72,completed,2026-07-07 09:22:00
100199,132,18,1,34.87,pending,2026-07-11 18:34:00
100200,76,27,4,265.36,completed,2026-07-10 08:15:00
100201,178,37,5,735.75,completed,2026-07-06 12:12:00
100202,157,31,3,699.42,completed,2026-08-05 09:01:00
100203,99,38,3,344.04,completed,2026-07-16 11:10:00
100204,73,14,3,841.62,completed,2026-07-16 00:10:00
100205,169,4,1,304.93,completed,2026-08-05 14:22:00
100206,190,10,5,582.3,pending,2026-07-07 21:22:00
100207,133,7,2,620.14,cancelled,2026-07-09 23:59:00
100208,181,9,3,1180.65,completed,2026-07-31 03:00:00
100209,147,10,5,1474.95,completed,2026-07-27 08:55:00
100210,178,30,5,299.8,cancelled,2026-08-09 11:18:00
100211,166,21,4,,completed,2026-07-23 23:54:00
100212,78,10,4,899.2,completed,2026-08-01 12:37:00
100213,156,16,1,411.71,completed,2026-07-15 06:27:00
100214,128,20,1,28.48,completed,2026-07-01 09:34:00
100215,176,28,4,1044.56,completed,2026-08-09 11:02:00
100216,18,34,3,687.81,completed,2026-08-08 13:23:00
100217,40,13,4,1304.12,pending,2026-08-02 15:25:00
100218,178,34,5,2250.4,completed,2026-07-29 02:10:00
100219,80,33,3,559.5,completed,2026-07-24 20:57:00
100220,108,41,3,1233.51,pending,2026-07-19 09:52:00
100221,47,4,2,509.84,completed,2026-08-02 19:06:00
100222,11,45,5,2484.55,completed,2026-07-23 00:19:00
100223,26,38,1,,completed,2026-08-05 00:12:00
100224,166,35,4,1542.56,completed,2026-07-12 04:36:00
100225,133,49,4,1211.44,completed,2026-07-13 00:06:00
100226,120,40,2,948.36,completed,2026-07-05 01:41:00
100227,91,18,5,824.0,completed,2026-07-01 08:40:00
100228,160,25,5,,completed,2026-07-07 07:56:00
100229,14,40,5,1916.05,completed,2026-07-26 07:02:00
100230,209,30,5,2140.4,completed,2026-07-11 19:16:00
100231,184,38,1,125.25,completed,2026-08-01 09:25:00
100232,45,11,1,397.41,completed,2026-08-01 05:00:00
100233,137,25,4,1131.84,completed,2026-07-19 20:04:00
100234,63,25,4,1655.12,completed,2026-07-08 09:22:00
100235,88,10,4,89.12,completed,2026-07-16 04:05:00
100236,143,29,3,824.13,cancelled,2026-07-13 07:10:00
100237,162,38,3,336.48,completed,2026-07-24 15:32:00
100238,181,17,2,859.8,completed,2026-07-14 14:37:00
100239,55,9,5,634.45,completed,2026-07-24 03:43:00
100240,198,49,1,273.58,completed,2026-08-02 21:45:00
100241,23,45,2,317.68,completed,2026-08-06 07:20:00
100242,207,33,1,38.7,cancelled,2026-07-13 06:04:00
100243,184,26,1,117.08,completed,2026-07-20 12:54:00
100244,94,44,2,937.38,completed,2026-07-30 22:22:00
100245,64,26,1,331.24,completed,2026-07-27 20:06:00
100246,188,15,3,186.12,cancelled,2026-07-12 01:25:00
100247,78,10,5,426.0,completed,2026-07-03 01:35:00
100248,128,46,2,568.9,completed,2026-07-20 13:42:00
100249,196,50,3,1404.48,completed,2026-08-06 01:56:00
100250,175,8,5,1747.6,pending,2026-08-07 10:13:00
100251,192,40,1,211.53,completed,2026-07-23 08:33:00
100252,88,45,3,1420.35,completed,2026-07-06 22:53:00
100253,53,28,4,1027.16,completed,2026-08-10 04:31:00
100254,144,17,1,476.39,cancelled,2026-07-13 05:49:00
100255,16,11,2,548.5,completed,2026-08-10 13:05:00
100256,125,43,3,218.73,completed,2026-07-13 22:15:00
100257,165,23,5,1736.5,completed,2026-07-01 04:56:00
100258,209,8,5,1419.1,completed,2026-07-10 05:43:00
100259,104,14,5,2448.8,cancelled,2026-07-10 09:00:00
100260,72,20,4,428.72,completed,2026-07-24 22:19:00
100261,146,24,1,84.85,completed,2026-07-29 17:04:00
100262,125,6,1,236.91,pending,2026-07-03 10:47:00
100263,112,32,3,176.58,completed,2026-08-06 17:20:00
100264,161,40,3,1380.54,completed,2026-07-01 20:44:00
100265,7,50,2,87.36,completed,2026-07-17 04:18:00
100266,175,11,2,962.4,completed,2026-07-24 23:53:00
100267,92,21,5,833.5,completed,2026-07-20 04:35:00
100268,146,41,3,370.47,completed,2026-07-24 22:25:00
100269,41,20,2,499.44,completed,2026-07-04 20:05:00
100270,103,6,2,172.0,completed,2026-07-10 14:30:00
100271,157,33,2,725.72,completed,2026-07-13 09:04:00
100272,17,29,5,,cancelled,2026-07-04 05:57:00
100273,145,44,4,605.56,completed,2026-07-11 06:30:00
100274,137,41,5,826.15,completed,2026-07-06 12:38:00
100275,174,22,1,406.52,completed,2026-08-09 09:36:00
100276,166,9,4,1906.56,completed,2026-08-06 10:33:00
100277,190,29,1,424.81,completed,2026-08-10 04:42:00
100278,93,34,3,838.98,pending,2026-08-07 14:25:00
100279,52,36,1,117.49,pending,2026-07-17 07:55:00
100280,182,32,1,97.83,completed,2026-07-17 14:14:00
100281,151,37,5,1749.4,completed,2026-08-04 13:43:00
100282,130,46,4,285.88,completed,2026-07-05 03:40:00
100283,140,11,1,232.69,completed,2026-08-02 06:36:00
100284,15,26,1,72.72,completed,2026-07-31 11:02:00
100285,31,46,5,2390.2,completed,2026-07-01 02:39:00
100286,91,11,5,308.9,completed,2026-07-13 10:51:00
100287,189,34,3,197.25,completed,2026-07-01 23:31:00
100288,84,39,5,899.75,completed,2026-07-03 21:15:00
100289,149,29,3,301.83,completed,2026-07-17 00:31:00
100290,142,19,1,401.34,completed,2026-07-08 21:24:00
100291,177,49,5,2191.6,completed,2026-07-10 14:00:00
100292,124,3,3,1491.81,completed,2026-07-02 01:04:00
100293,101,31,5,2050.3,completed,2026-07-12 22:54:00
100294,133,5,4,473.84,pending,2026-07-29 16:13:00
100295,44,24,2,593.34,completed,2026-07-20 10:36:00
100296,86,38,4,1876.08,completed,2026-07-30 07:01:00
100297,162,10,4,1755.04,completed,2026-07-16 04:17:00
100298,92,37,3,109.26,pending,2026-07-25 18:08:00
100299,52,50,5,2259.05,completed,2026-07-03 18:40:00
100300,61,10,3,1190.97,cancelled,2026-07-07 09:48:00
100301,90,36,3,770.73,completed,2026-07-22 10:03:00
100302,129,24,3,1327.23,cancelled,2026-07-22 07:22:00
100303,172,30,2,213.3,cancelled,2026-07-10 12:36:00
100304,185,20,2,590.92,completed,2026-07-20 18:35:00
100305,21,38,1,461.01,completed,2026-07-22 18:22:00
100306,185,5,3,1456.26,completed,2026-07-30 10:57:00
100307,195,11,3,1348.14,completed,2026-07-12 07:45:00
100308,155,19,2,57.22,completed,2026-07-02 20:06:00
100309,154,4,2,736.56,pending,2026-07-13 18:21:00
100310,4,41,1,98.15,completed,2026-07-09 00:13:00
100311,125,26,3,1303.59,completed,2026-07-21 10:11:00
100312,157,22,4,1596.6,completed,2026-07-04 19:25:00
100313,82,37,4,1749.16,completed,2026-07-17 10:03:00
100314,41,6,5,,cancelled,2026-07-27 06:09:00
100315,89,35,1,182.13,completed,2026-08-03 17:09:00
100316,67,46,5,843.85,completed,2026-08-08 01:49:00
100317,72,24,5,2444.05,completed,2026-07-20 08:08:00
100318,208,50,1,281.28,completed,2026-07-17 04:40:00
100319,8,40,4,1518.04,completed,2026-07-15 01:34:00
100320,156,24,2,559.7,completed,2026-08-02 05:55:00
100321,63,29,5,96.9,completed,2026-07-11 15:13:00
100322,55,21,3,1353.03,completed,2026-08-10 00:06:00
100323,173,23,1,404.34,cancelled,2026-07-01 18:24:00
100324,58,2,4,1891.0,completed,2026-07-27 08:45:00
100325,195,28,2,239.06,completed,2026-07-28 09:56:00
100326,123,50,2,981.54,cancelled,2026-08-01 04:52:00
100327,64,11,3,146.31,completed,2026-07-20 19:38:00
100328,54,48,2,583.44,cancelled,2026-07-29 14:11:00
100329,7,8,2,994.88,completed,2026-07-28 00:08:00
100330,193,11,2,507.6,completed,2026-07-20 12:05:00
100331,102,22,3,968.61,completed,2026-07-27 01:37:00
100332,10,9,2,794.2,completed,2026-07-16 07:36:00
100333,82,5,1,365.61,completed,2026-07-28 03:31:00
100334,176,35,5,1085.5,completed,2026-07-09 23:34:00
100335,20,23,1,267.32,cancelled,2026-08-02 07:46:00
100336,69,5,3,1059.81,completed,2026-07-05 06:32:00
100337,69,1,4,1583.24,pending,2026-07-04 01:41:00
100338,106,48,5,723.3,completed,2026-07-30 12:27:00
100339,100,49,5,1062.4,pending,2026-07-21 13:51:00
100340,66,45,1,123.35,completed,2026-07-10 12:15:00
100341,9,46,1,47.97,completed,2026-07-13 22:35:00
100342,148,1,4,1106.92,completed,2026-07-21 20:54:00
100343,98,16,5,872.35,completed,2026-07-31 23:55:00
100344,135,18,3,1072.59,completed,2026-07-25 21:52:00
100345,58,40,1,316.31,completed,2026-07-21 08:58:00
100346,57,10,3,790.23,completed,2026-07-31 16:23:00
100347,62,44,2,532.2,cancelled,2026-08-03 21:29:00
100348,210,28,1,164.37,completed,2026-07-12 04:44:00
100349,206,34,4,223.56,completed,2026-07-17 14:42:00
100350,178,8,3,602.4,pending,2026-07-06 15:46:00
100351,94,32,5,395.95,completed,2026-07-12 07:39:00
100352,5,36,5,866.75,completed,2026-07-24 18:16:00
100353,71,21,5,466.6,completed,2026-07-04 08:53:00
100354,23,13,1,264.96,completed,2026-07-29 09:39:00
100355,11,46,1,360.12,completed,2026-07-24 13:27:00
100356,149,9,3,538.23,completed,2026-08-08 06:54:00
100357,19,6,3,109.08,completed,2026-08-07 12:25:00
100358,194,2,4,1003.28,cancelled,2026-08-03 18:29:00
100359,17,29,4,841.48,completed,2026-07-30 04:32:00
100360,11,44,2,743.04,completed,2026-07-01 10:49:00
100361,20,37,4,253.88,completed,2026-07-25 03:31:00
100362,175,13,2,568.76,completed,2026-07-06 15:55:00
100363,150,9,5,1735.25,completed,2026-07-04 01:55:00
100364,2,12,2,327.28,completed,2026-08-10 08:33:00
100365,77,36,1,159.96,completed,2026-07-17 13:43:00
100366,206,28,3,467.16,cancelled,2026-07-04 08:19:00
100367,96,30,2,61.58,completed,2026-07-13 22:37:00
100368,117,46,3,1396.74,completed,2026-07-10 01:46:00
100369,145,21,1,268.87,completed,2026-07-21 07:50:00
100370,152,40,3,312.81,completed,2026-07-29 23:28:00
100371,164,8,2,67.14,completed,2026-07-14 02:52:00
100372,144,48,4,376.72,pending,2026-08-08 15:14:00
100373,200,46,2,539.1,completed,2026-07-19 03:29:00
100374,107,15,2,786.42,pending,2026-07-07 08:45:00
100375,179,9,4,326.56,completed,2026-07-29 14:18:00
100376,185,10,5,1998.1,completed,2026-07-15 08:20:00
100377,60,26,2,160.38,cancelled,2026-08-05 10:24:00
100378,24,13,3,346.71,completed,2026-07-10 23:11:00
100379,91,8,3,1023.18,completed,2026-07-28 06:41:00
100380,5,49,5,205.5,completed,2026-08-03 02:12:00
100381,139,49,3,1298.04,completed,2026-08-01 04:30:00
100382,149,39,2,583.0,completed,2026-07-18 00:22:00
100383,86,23,2,659.96,completed,2026-07-13 07:21:00
100384,208,5,2,118.56,cancelled,2026-07-24 14:06:00
100385,119,3,1,395.05,completed,2026-08-05 16:37:00
100386,148,23,4,1300.68,completed,2026-07-07 23:42:00
100387,85,1,3,267.0,pending,2026-07-11 15:19:00
100388,30,10,3,154.62,cancelled,2026-07-10 17:34:00
100389,138,3,3,709.71,completed,2026-07-08 11:12:00
100390,62,47,4,1119.48,pending,2026-07-19 16:15:00
100391,203,45,1,57.35,completed,2026-07-07 22:47:00
100392,68,2,1,376.27,completed,2026-07-15 19:33:00
100393,170,38,3,861.18,completed,2026-07-08 07:38:00
100394,87,7,1,411.58,completed,2026-08-02 19:49:00
100395,119,38,3,522.99,cancelled,2026-07-12 00:20:00
100396,38,47,4,83.84,cancelled,2026-07-27 05:09:00
100397,176,22,2,211.7,pending,2026-07-23 02:00:00
100398,18,49,1,251.18,completed,2026-07-31 02:12:00
100399,24,42,1,423.63,cancelled,2026-08-10 11:37:00
100400,35,17,4,1352.0,completed,2026-07-11 09:57:00
100401,152,11,4,1668.28,cancelled,2026-07-04 20:50:00
100402,168,41,3,1125.81,completed,2026-08-02 08:48:00
100403,61,32,2,206.04,completed,2026-07-15 21:56:00
100404,161,44,4,1333.96,completed,2026-07-04 10:52:00
100405,173,22,4,1897.28,completed,2026-07-25 13:50:00
100406,29,31,1,153.73,completed,2026-07-20 19:19:00
100407,91,26,2,342.06,completed,2026-07-30 19:02:00
100408,180,29,3,145.65,completed,2026-07-19 17:51:00
100409,97,12,1,112.08,completed,2026-07-16 10:09:00
100410,157,26,2,231.96,cancelled,2026-07-24 10:56:00
100411,42,26,5,493.9,cancelled,2026-08-02 00:54:00
100412,208,43,1,472.78,completed,2026-07-12 11:43:00
100413,171,25,5,1843.05,completed,2026-07-07 08:42:00
100414,69,19,1,259.57,completed,2026-07-27 21:45:00
100415,16,42,4,1876.88,cancelled,2026-08-10 11:44:00
100416,31,36,1,438.23,cancelled,2026-07-02 09:48:00
100417,9,21,2,731.58,completed,2026-08-02 00:59:00
100418,131,3,2,195.78,cancelled,2026-07-18 05:47:00
100419,198,35,3,,completed,2026-08-07 17:26:00
100420,93,45,4,996.12,pending,2026-07-06 10:10:00
100421,89,9,4,1655.24,cancelled,2026-08-06 01:10:00
100422,14,38,5,447.45,completed,2026-07-20 12:49:00
100423,122,13,2,279.62,cancelled,2026-07-24 14:25:00
100424,204,31,3,552.27,completed,2026-07-07 06:59:00
100425,41,50,4,1012.48,completed,2026-08-09 01:09:00
100426,172,27,5,1188.8,completed,2026-07-18 08:25:00
100427,162,8,4,1068.08,completed,2026-07-24 00:02:00
100428,93,17,5,781.35,completed,2026-08-04 02:56:00
100429,106,46,1,378.1,completed,2026-08-05 09:10:00
100430,203,48,1,388.43,completed,2026-07-12 12:25:00
100431,37,35,3,534.33,completed,2026-08-01 13:42:00
100432,106,5,2,220.92,completed,2026-07-19 18:42:00
100433,187,18,5,1095.55,completed,2026-07-16 21:50:00
100434,62,33,2,229.96,cancelled,2026-07-09 09:57:00
100435,181,46,4,1759.76,completed,2026-07-03 08:45:00
100436,156,14,5,1522.0,completed,2026-07-05 09:06:00
100437,93,2,5,2437.7,cancelled,2026-07-24 02:07:00
100438,36,29,2,13.4,completed,2026-07-21 01:28:00
100439,138,30,5,1499.3,completed,2026-08-07 07:18:00
100440,59,14,3,1447.62,completed,2026-08-10 06:18:00
100441,45,2,5,1789.9,completed,2026-08-06 08:27:00
100442,23,38,1,477.49,completed,2026-07-24 12:32:00
100443,15,24,4,468.04,cancelled,2026-08-07 10:42:00
100444,111,30,1,322.68,completed,2026-07-17 22:39:00
100445,104,11,2,348.26,completed,2026-07-30 06:04:00
100446,181,48,1,222.11,completed,2026-08-03 08:12:00
100447,190,47,3,1125.27,pending,2026-08-05 00:04:00
100448,165,47,2,423.74,cancelled,2026-07-23 17:16:00
100449,81,23,3,946.95,completed,2026-08-05 01:47:00
100450,183,30,3,640.2,completed,2026-07-12 10:06:00
100451,22,22,3,1169.55,completed,2026-07-10 15:57:00
100452,100,14,1,266.51,completed,2026-07-09 21:01:00
100453,112,50,3,1418.79,pending,2026-07-13 12:10:00
100454,187,38,2,146.94,completed,2026-07-28 00:00:00
100455,147,35,4,1565.12,completed,2026-07-06 10:21:00
100456,164,14,5,,completed,2026-08-09 06:57:00
100457,33,13,4,1763.6,completed,2026-07-23 18:37:00
100458,185,4,4,1528.16,completed,2026-08-10 05:25:00
100459,37,8,4,1390.24,completed,2026-07-16 19:24:00
100460,2,26,2,801.98,cancelled,2026-07-05 23:52:00
100461,52,1,1,125.1,cancelled,2026-07-15 01:25:00
100462,143,41,2,777.58,completed,2026-07-16 13:16:00
100463,27,49,2,473.24,completed,2026-07-03 22:06:00
100464,132,21,2,809.0,completed,2026-07-12 12:58:00
100465,22,33,1,426.45,completed,2026-07-01 19:38:00
100466,158,19,1,354.44,completed,2026-08-04 21:00:00
100467,208,30,2,33.84,cancelled,2026-08-05 22:41:00
100468,23,35,4,1966.96,completed,2026-07-14 21:06:00
100469,26,6,2,851.24,cancelled,2026-07-06 09:19:00
100470,86,50,2,499.2,completed,2026-07-19 02:04:00
100471,55,34,1,343.02,completed,2026-07-03 13:59:00
100472,188,49,5,1630.25,cancelled,2026-08-09 00:53:00
100473,111,4,1,336.71,completed,2026-07-04 09:28:00
100474,90,2,2,260.12,completed,2026-07-17 03:10:00
100475,122,49,2,981.06,completed,2026-07-29 10:17:00
100476,60,35,1,209.15,completed,2026-07-16 10:00:00
100477,27,3,3,1194.99,completed,2026-07-16 10:27:00
100478,118,11,3,560.19,completed,2026-08-10 01:41:00
100479,133,45,2,938.56,completed,2026-08-04 20:05:00
100480,4,46,2,294.52,cancelled,2026-07-14 22:07:00
100481,177,48,5,1109.05,completed,2026-07-12 12:15:00
100482,54,42,3,1441.47,completed,2026-07-22 20:41:00
100483,178,26,2,659.56,completed,2026-08-07 02:46:00
100484,37,36,5,61.0,completed,2026-07-05 15:41:00
100485,26,17,3,1382.25,completed,2026-08-02 13:44:00
100486,118,22,4,1978.84,cancelled,2026-07-12 06:01:00
100487,90,43,2,115.5,completed,2026-07-25 19:00:00
100488,169,43,1,452.92,completed,2026-07-13 21:16:00
100489,15,25,1,76.11,completed,2026-07-12 02:36:00
100490,69,9,2,71.44,completed,2026-08-07 11:23:00
100491,65,24,2,146.98,cancelled,2026-08-04 16:42:00
100492,195,25,2,910.14,completed,2026-07-08 00:14:00
100493,62,42,2,765.02,cancelled,2026-07-13 08:55:00
100494,95,16,1,54.31,completed,2026-07-01 15:28:00
100495,126,6,1,59.39,completed,2026-08-01 15:30:00
100496,49,5,2,431.58,completed,2026-07-12 14:30:00
100497,57,31,3,838.86,completed,2026-07-16 18:39:00
100498,15,16,1,34.65,completed,2026-07-25 16:55:00
100499,120,30,2,110.48,completed,2026-07-21 04:04:00
100500,203,24,3,160.44,completed,2026-07-29 22:30:00
100501,168,33,3,282.27,completed,2026-07-31 20:30:00
100502,171,39,5,1629.85,completed,2026-07-03 11:09:00
100503,95,43,3,1114.44,cancelled,2026-07-25 05:44:00
100504,21,29,1,300.99,cancelled,2026-07-15 01:18:00
100505,81,38,2,840.88,completed,2026-07-29 02:25:00
100506,60,5,2,22.48,pending,2026-07-02 16:54:00
100507,121,13,2,625.0,completed,2026-08-01 14:17:00
100508,106,43,3,62.16,completed,2026-07-15 18:23:00
100509,156,17,2,829.74,completed,2026-07-11 15:35:00
100510,31,18,4,292.64,completed,2026-08-05 04:58:00
100511,193,4,5,359.75,completed,2026-07-09 13:10:00
100512,65,37,5,2053.05,cancelled,2026-07-06 04:47:00
100513,210,7,4,207.8,completed,2026-07-18 09:04:00
100514,136,25,2,871.74,completed,2026-07-19 21:41:00
100515,169,34,5,313.6,completed,2026-08-02 11:57:00
100516,65,37,5,501.9,completed,2026-08-03 22:16:00
100517,174,5,4,745.2,completed,2026-07-16 01:39:00
100518,3,29,2,675.38,cancelled,2026-07-31 21:48:00
100519,60,28,4,1917.8,cancelled,2026-07-12 06:34:00
100520,60,24,4,1923.96,cancelled,2026-07-27 11:24:00
100521,56,18,3,204.42,completed,2026-08-01 16:08:00
100522,150,30,5,1066.45,completed,2026-07-26 18:34:00
100523,45,31,3,1061.1,completed,2026-07-23 21:43:00
100524,197,19,4,752.0,pending,2026-07-11 20:13:00
100525,51,24,2,707.84,pending,2026-08-10 09:41:00
100526,171,50,2,823.36,completed,2026-07-17 06:57:00
100527,70,2,5,1348.75,completed,2026-07-01 00:53:00
100528,59,12,1,349.46,completed,2026-07-12 22:50:00
100529,23,13,1,16.85,completed,2026-07-16 10:04:00
100530,123,17,3,490.44,completed,2026-08-03 02:16:00
100531,179,17,3,150.72,completed,2026-07-11 23:21:00
100532,144,4,5,1242.2,completed,2026-07-22 22:27:00
100533,205,5,3,1079.76,completed,2026-07-25 03:04:00
100534,206,30,2,199.38,completed,2026-08-07 07:39:00
100535,50,38,4,1138.76,completed,2026-07-06 20:29:00
100536,85,47,3,759.42,completed,2026-07-16 07:46:00
100537,184,45,2,517.66,completed,2026-07-02 06:57:00
100538,67,9,2,986.38,pending,2026-07-12 07:29:00
100539,79,4,3,603.84,completed,2026-07-22 10:05:00
100540,45,41,1,165.89,completed,2026-07-19 14:01:00
100541,134,24,3,192.57,completed,2026-07-13 15:33:00
100542,100,28,1,57.58,completed,2026-07-20 08:51:00
100543,183,27,2,455.14,cancelled,2026-08-02 11:34:00
100544,117,6,3,933.84,completed,2026-07-29 08:08:00
100545,159,3,5,344.15,completed,2026-07-03 02:54:00
100546,179,7,4,1049.2,completed,2026-07-22 23:03:00
100547,136,7,3,1366.08,completed,2026-07-03 10:10:00
100548,45,25,5,2086.9,completed,2026-08-04 13:45:00
100549,142,8,3,198.06,completed,2026-07-22 23:57:00
100550,208,19,4,468.4,completed,2026-07-25 12:45:00
100551,126,7,2,751.5,cancelled,2026-07-13 16:21:00
100552,179,10,1,131.3,completed,2026-07-16 19:20:00
100553,175,13,2,732.08,cancelled,2026-07-21 01:52:00
100554,196,17,2,579.14,completed,2026-07-01 01:20:00
100555,94,20,3,1231.08,completed,2026-07-15 11:25:00
100556,174,27,3,178.71,completed,2026-07-25 18:48:00
100557,194,10,1,495.37,completed,2026-07-16 08:32:00
100558,62,35,4,885.24,completed,2026-07-21 21:52:00
100559,82,50,3,1345.38,completed,2026-07-04 23:55:00
100560,117,22,1,397.83,cancelled,2026-08-04 14:50:00
100561,31,21,3,550.95,completed,2026-07-14 00:14:00
100562,14,13,1,309.45,completed,2026-07-24 20:25:00
100563,162,37,4,1909.04,completed,2026-07-20 11:46:00
100564,151,34,3,866.31,completed,2026-07-20 14:26:00
100565,93,43,2,215.86,completed,2026-07-01 03:41:00
100566,7,46,1,233.46,completed,2026-08-06 02:11:00
100567,92,7,3,1233.3,cancelled,2026-08-03 23:38:00
100568,189,28,2,373.06,pending,2026-07-04 20:45:00
100569,85,33,4,419.4,completed,2026-07-05 05:31:00
100570,155,25,5,51.8,cancelled,2026-08-04 17:57:00
100571,195,8,2,27.38,completed,2026-07-11 11:03:00
100572,183,46,2,509.86,cancelled,2026-07-04 16:29:00
100573,113,2,5,553.1,completed,2026-07-10 19:44:00
100574,132,41,5,708.15,completed,2026-07-17 02:49:00
100575,201,16,3,1356.3,completed,2026-07-01 07:33:00
100576,52,38,2,606.9,cancelled,2026-07-12 03:47:00
100577,109,33,5,1783.65,completed,2026-07-30 00:28:00
100578,107,10,1,449.35,completed,2026-07-06 05:40:00
100579,63,13,5,856.7,completed,2026-07-14 13:22:00
100580,56,29,4,620.32,completed,2026-08-09 06:37:00
100581,123,29,1,254.76,completed,2026-07-21 18:31:00
100582,152,33,3,715.08,completed,2026-07-31 05:14:00
100583,104,7,3,1056.48,pending,2026-07-05 13:21:00
100584,147,36,4,,completed,2026-07-23 23:30:00
100585,103,28,5,1584.15,pending,2026-07-23 05:35:00
100586,103,21,2,630.28,completed,2026-07-01 21:14:00
100587,47,19,2,553.9,completed,2026-07-22 00:39:00
100588,134,2,4,892.8,completed,2026-07-21 17:50:00
100589,157,39,4,250.16,completed,2026-07-21 08:01:00
100590,161,35,4,,cancelled,2026-07-24 10:18:00
100591,20,13,2,939.9,completed,2026-08-01 23:51:00
100592,112,17,2,318.02,completed,2026-07-09 23:58:00
100593,23,50,2,555.38,pending,2026-07-07 13:53:00
100594,99,28,1,375.28,cancelled,2026-07-13 22:48:00
100595,22,4,5,337.65,completed,2026-07-12 01:01:00
100596,47,13,2,121.22,completed,2026-07-21 21:12:00
100597,101,27,1,489.61,completed,2026-07-24 07:30:00
100598,204,23,2,173.9,cancelled,2026-07-02 20:03:00
100599,201,29,5,1564.95,cancelled,2026-07-29 18:00:00
100600,87,43,4,1765.12,completed,2026-07-29 04:55:00
100601,177,25,5,1303.45,completed,2026-07-04 20:00:00
100602,93,27,5,2348.3,cancelled,2026-08-02 06:36:00
100603,149,40,4,680.84,completed,2026-07-25 12:12:00
100604,2,38,2,794.28,cancelled,2026-07-18 10:41:00
100605,147,35,3,1204.59,completed,2026-08-05 08:54:00
100606,39,28,4,1861.8,completed,2026-07-06 18:26:00
100607,2,6,5,1281.3,completed,2026-07-19 04:06:00
100608,112,29,3,1316.61,completed,2026-07-25 08:05:00
100609,185,20,3,159.9,completed,2026-07-29 20:16:00
100610,129,34,3,320.46,completed,2026-07-18 18:44:00
100611,175,45,4,1293.28,completed,2026-07-18 03:02:00
100612,139,48,3,94.5,pending,2026-07-10 04:22:00
100613,130,3,4,1718.64,completed,2026-08-10 00:05:00
100614,184,6,1,111.63,completed,2026-07-06 10:53:00
100615,195,8,2,957.2,completed,2026-08-08 16:16:00
100616,122,15,2,172.16,pending,2026-07-22 01:14:00
100617,17,41,5,772.3,pending,2026-07-11 19:54:00
100618,207,21,2,107.36,cancelled,2026-07-29 23:24:00
100619,51,17,4,972.12,completed,2026-07-15 21:07:00
100620,36,31,3,616.65,completed,2026-08-05 08:36:00
100621,151,22,1,279.25,completed,2026-07-24 03:23:00
100622,150,19,1,490.92,completed,2026-07-25 12:36:00
100623,53,30,2,320.72,completed,2026-08-05 09:29:00
100624,176,45,3,851.1,pending,2026-08-10 20:12:00
100625,77,19,2,366.74,completed,2026-08-04 07:45:00
100626,19,14,1,213.14,completed,2026-08-07 21:07:00
100627,50,44,1,343.7,pending,2026-07-16 21:00:00
100628,72,21,1,487.59,completed,2026-07-18 22:00:00
100629,137,12,4,,completed,2026-08-02 06:11:00
100630,150,48,1,109.23,completed,2026-07-15 10:43:00
100631,153,45,4,1985.44,completed,2026-07-25 03:53:00
100632,170,2,5,391.1,completed,2026-07-18 01:27:00
100633,186,24,5,1642.25,completed,2026-08-09 11:58:00
100634,39,10,3,822.12,completed,2026-07-24 03:10:00
100635,128,27,5,1428.6,completed,2026-07-20 00:46:00
100636,194,1,2,428.44,completed,2026-07-04 11:15:00
100637,122,49,4,1186.16,completed,2026-07-06 21:53:00
100638,10,39,4,1975.84,completed,2026-07-04 06:04:00
100639,87,42,1,388.12,completed,2026-07-17 09:04:00
100640,79,28,4,503.88,completed,2026-08-02 03:45:00
100641,128,8,4,1858.16,completed,2026-08-02 23:41:00
100642,13,7,1,146.03,completed,2026-07-11 23:45:00
100643,54,28,5,1025.95,completed,2026-07-13 14:05:00
100644,102,7,4,27.08,completed,2026-07-16 02:34:00
100645,172,22,3,512.43,completed,2026-07-19 12:26:00
100646,140,13,1,82.09,completed,2026-07-28 20:06:00
100647,26,43,5,1709.1,completed,2026-07-25 18:51:00
100648,122,9,3,109.23,completed,2026-07-29 15:27:00
100649,185,3,1,350.25,completed,2026-07-09 02:07:00
100650,186,18,2,63.22,completed,2026-07-21 22:53:00
100651,113,29,4,1430.2,completed,2026-07-24 04:05:00
100652,40,43,4,1732.16,completed,2026-08-04 22:07:00
100653,40,3,4,202.08,completed,2026-07-08 02:55:00
100654,202,36,5,812.85,cancelled,2026-07-20 18:28:00
100655,124,47,5,511.45,completed,2026-08-06 11:22:00
100656,72,43,5,1480.4,completed,2026-08-02 16:01:00
100657,137,19,4,1335.04,completed,2026-07-27 20:45:00
100658,131,35,3,783.33,completed,2026-07-29 09:18:00
100659,188,44,1,410.19,completed,2026-07-26 14:55:00
100660,93,47,3,690.69,completed,2026-07-23 07:50:00
100661,70,36,3,958.32,completed,2026-07-28 11:26:00
100662,172,20,4,1924.72,completed,2026-07-03 07:21:00
100663,189,12,4,234.96,cancelled,2026-07-22 11:12:00
100664,87,27,4,105.6,completed,2026-07-18 14:18:00
100665,47,46,2,320.9,pending,2026-07-27 08:03:00
100666,14,28,3,69.51,completed,2026-07-16 04:49:00
100667,113,33,5,320.35,cancelled,2026-07-24 19:16:00
100668,3,48,4,792.32,completed,2026-07-02 10:21:00
100669,6,38,1,314.16,completed,2026-07-09 19:14:00
100670,62,15,1,104.09,cancelled,2026-07-19 18:56:00
100671,165,39,1,23.02,completed,2026-07-21 14:07:00
100672,93,1,2,446.1,pending,2026-07-16 03:21:00
100673,86,38,2,657.34,completed,2026-07-26 20:02:00
100674,199,46,5,2030.9,completed,2026-08-03 00:03:00
100675,200,39,4,471.12,completed,2026-07-25 17:24:00
100676,192,29,1,489.57,completed,2026-07-11 02:19:00
100677,24,12,2,696.22,completed,2026-07-30 13:26:00
100678,133,24,4,592.8,completed,2026-08-02 05:06:00
100679,139,14,5,1246.95,completed,2026-08-02 12:22:00
100680,73,49,5,1546.7,completed,2026-07-22 22:23:00
100681,84,9,3,989.91,completed,2026-07-08 03:21:00
100682,57,26,4,,cancelled,2026-07-11 21:12:00
100683,45,46,4,734.2,completed,2026-08-04 11:52:00
100684,83,44,1,191.44,cancelled,2026-07-04 01:31:00
100685,18,42,4,1605.68,completed,2026-08-04 05:16:00
100686,169,33,2,705.12,completed,2026-08-02 09:35:00
100687,29,9,2,719.36,completed,2026-08-04 09:43:00
100688,147,15,5,2434.5,cancelled,2026-07-13 23:53:00
100689,127,29,5,337.55,cancelled,2026-07-21 05:52:00
100690,152,45,1,44.99,completed,2026-07-04 23:09:00
100691,134,2,1,,cancelled,2026-07-18 07:28:00
100692,52,21,4,1074.8,cancelled,2026-07-06 10:38:00
100693,19,2,2,343.2,completed,2026-07-02 03:03:00
100694,189,6,3,1012.29,completed,2026-07-11 14:38:00
100695,188,19,5,2318.1,cancelled,2026-07-18 02:59:00
100696,37,25,4,1232.44,cancelled,2026-08-05 14:24:00
100697,70,48,2,940.0,completed,2026-07-30 16:15:00
100698,56,29,3,603.21,completed,2026-07-09 11:29:00
100699,193,50,3,759.39,completed,2026-08-02 22:22:00
100700,169,26,2,168.36,completed,2026-07-26 04:27:00
100701,51,42,4,1941.76,completed,2026-07-12 11:36:00
100702,124,19,3,424.8,completed,2026-07-07 18:53:00
100703,205,20,3,664.5,completed,2026-07-14 04:35:00
100704,180,50,5,1419.2,cancelled,2026-08-05 21:55:00
100705,173,46,4,1634.04,completed,2026-07-07 06:54:00
100706,39,21,2,417.82,completed,2026-07-07 13:24:00
100707,49,11,2,108.76,completed,2026-07-18 17:12:00
100708,52,29,5,1228.2,completed,2026-07-29 20:36:00
100709,79,41,5,1102.5,cancelled,2026-07-07 07:36:00
100710,17,42,3,566.91,completed,2026-07-12 09:09:00
100711,16,37,5,2035.9,cancelled,2026-07-17 01:12:00
100712,23,17,2,93.22,completed,2026-07-16 08:00:00
100713,186,27,4,461.88,completed,2026-07-20 07:55:00
100714,179,32,1,168.0,completed,2026-07-01 07:13:00
100715,167,35,1,160.13,completed,2026-07-23 09:26:00
100716,113,44,5,2371.05,completed,2026-07-05 16:53:00
100717,105,14,3,279.57,completed,2026-07-31 17:13:00
100718,131,8,5,2258.5,pending,2026-07-30 11:57:00
100719,162,11,1,11.58,completed,2026-07-28 15:52:00
100720,53,10,3,659.55,completed,2026-07-09 21:00:00
100721,134,39,1,194.06,completed,2026-07-19 02:08:00
100722,79,35,1,147.03,cancelled,2026-07-04 05:07:00
100723,200,47,1,497.8,completed,2026-07-06 22:11:00
100724,32,8,4,1280.64,completed,2026-08-09 09:31:00
100725,98,13,4,231.32,pending,2026-07-29 20:45:00
100726,29,38,4,1047.8,completed,2026-07-25 14:16:00
100727,71,24,2,446.08,completed,2026-07-13 16:10:00
100728,61,8,2,939.1,cancelled,2026-07-28 13:05:00
100729,78,38,5,1124.75,cancelled,2026-07-03 02:06:00
100730,5,25,4,617.04,completed,2026-07-07 15:05:00
100731,21,6,1,79.8,completed,2026-07-02 19:33:00
100732,113,17,2,296.72,pending,2026-07-05 10:53:00
100733,169,27,5,1861.95,completed,2026-07-04 01:55:00
100734,56,38,1,216.8,completed,2026-07-08 08:43:00
100735,73,30,3,292.17,completed,2026-08-01 09:35:00
100736,127,22,5,236.75,cancelled,2026-07-18 03:20:00
100737,64,27,5,745.9,completed,2026-08-02 16:17:00
100738,120,17,5,2234.05,pending,2026-08-08 19:51:00
100739,208,36,2,,completed,2026-07-14 08:55:00
100740,50,26,3,399.78,completed,2026-07-12 22:41:00
100741,122,42,3,996.09,completed,2026-07-07 21:26:00
100742,176,28,2,958.48,completed,2026-07-03 21:44:00
100743,132,26,3,612.48,completed,2026-08-05 04:32:00
100744,62,44,5,1177.3,cancelled,2026-07-22 22:35:00
100745,202,30,3,1320.78,completed,2026-07-12 09:38:00
100746,44,6,2,846.2,completed,2026-07-24 18:33:00
100747,40,10,4,686.4,completed,2026-07-14 07:54:00
100748,102,1,3,464.4,completed,2026-07-22 07:24:00
100749,202,1,1,223.08,completed,2026-07-30 07:25:00
100750,182,27,2,34.04,completed,2026-07-17 16:05:00
100751,96,37,4,587.72,pending,2026-07-16 03:48:00
100752,179,32,1,316.19,completed,2026-08-07 12:09:00
100753,49,6,4,546.4,completed,2026-08-04 18:50:00
100754,208,19,3,904.8,pending,2026-08-10 10:03:00
100755,66,46,3,767.67,completed,2026-08-02 20:16:00
100756,119,30,4,1560.2,completed,2026-07-18 10:58:00
100757,191,44,5,458.75,completed,2026-07-08 22:08:00
100758,49,22,2,217.0,completed,2026-07-14 14:30:00
100759,115,5,2,815.44,completed,2026-07-03 00:01:00
100760,60,9,4,1018.28,completed,2026-07-31 18:26:00
100761,102,4,3,467.7,completed,2026-07-16 16:00:00
100762,52,15,1,305.37,pending,2026-07-21 00:01:00
100763,126,45,1,427.35,cancelled,2026-07-07 11:53:00
100764,99,41,5,961.85,completed,2026-07-07 19:04:00
100765,26,26,5,1329.3,completed,2026-08-01 15:46:00
100766,154,31,5,1505.5,completed,2026-07-28 09:02:00
100767,1,31,4,1336.72,completed,2026-08-08 07:22:00
100768,195,39,4,770.2,completed,2026-08-06 10:19:00
100769,145,43,2,,completed,2026-08-04 14:56:00
100770,123,20,5,2422.6,completed,2026-08-05 17:02:00
100771,180,4,1,78.16,completed,2026-07-19 07:01:00
100772,58,48,3,368.55,completed,2026-07-11 16:38:00
100773,200,7,5,1477.1,pending,2026-07-21 16:56:00
100774,143,50,3,243.0,completed,2026-07-25 11:01:00
100775,32,11,3,1197.18,completed,2026-08-03 00:25:00
100776,98,9,1,166.57,completed,2026-08-05 17:44:00
100777,118,33,5,2198.5,cancelled,2026-07-03 15:52:00
100778,79,15,2,888.42,completed,2026-07-08 01:55:00
100779,113,41,1,449.68,completed,2026-07-17 10:53:00
100780,176,10,2,320.4,completed,2026-07-09 18:28:00
100781,158,24,3,913.2,completed,2026-07-18 07:44:00
100782,2,20,1,104.84,completed,2026-07-02 23:18:00
100783,90,26,5,420.0,completed,2026-07-30 05:13:00
100784,22,9,1,50.2,completed,2026-07-05 21:03:00
100785,52,16,4,251.08,completed,2026-07-27 13:45:00
100786,33,25,4,1072.8,completed,2026-07-23 13:18:00
100787,73,13,1,111.0,completed,2026-07-19 20:50:00
100788,31,29,3,579.06,pending,2026-07-31 14:55:00
100789,60,33,3,749.34,completed,2026-07-28 20:10:00
100790,98,22,4,397.8,completed,2026-08-02 03:35:00
100791,79,27,1,462.0,completed,2026-08-10 09:20:00
100792,199,38,4,589.72,cancelled,2026-07-29 19:08:00
100793,106,46,3,965.82,cancelled,2026-07-12 00:17:00
100794,55,28,4,760.96,cancelled,2026-08-04 14:26:00
100795,57,20,1,49.06,pending,2026-07-13 13:23:00
100796,28,15,4,1273.76,completed,2026-08-06 16:07:00
100797,170,23,4,1525.0,pending,2026-08-07 20:10:00
100798,85,17,5,1280.45,pending,2026-07-16 15:46:00
100799,53,43,1,489.75,completed,2026-07-29 05:03:00
100800,61,32,3,1176.96,cancelled,2026-07-23 14:57:00
100801,17,12,4,1075.16,completed,2026-08-04 22:05:00
100802,78,24,2,919.86,cancelled,2026-07-25 17:20:00
100803,84,3,2,133.08,completed,2026-07-28 12:40:00
100804,48,30,3,676.83,completed,2026-07-18 14:45:00
100805,101,49,2,599.88,completed,2026-07-23 06:19:00
100806,26,36,3,805.71,completed,2026-07-24 07:39:00
100807,111,41,1,9.71,completed,2026-07-21 09:31:00
100808,186,41,5,1768.2,completed,2026-07-15 15:36:00
100809,148,49,4,,cancelled,2026-07-23 17:44:00
100810,167,36,3,754.35,completed,2026-07-25 06:31:00
100811,121,50,4,,completed,2026-07-03 08:18:00
100812,53,19,4,1607.28,completed,2026-07-09 19:11:00
100813,76,23,3,606.27,completed,2026-07-13 06:36:00
100814,96,49,2,419.8,completed,2026-07-10 03:19:00
100815,117,19,5,1048.35,completed,2026-07-17 21:44:00
100816,187,1,3,393.57,pending,2026-08-05 07:20:00
100817,187,42,4,540.68,completed,2026-07-13 00:32:00
100818,95,22,2,219.98,completed,2026-07-18 05:27:00
100819,79,24,1,291.27,completed,2026-07-17 23:02:00
100820,144,12,4,1837.64,cancelled,2026-07-22 10:58:00
100821,26,16,2,886.7,completed,2026-07-09 07:02:00
100822,127,23,5,614.55,completed,2026-07-13 11:42:00
100823,133,31,2,668.46,completed,2026-07-04 22:21:00
100824,39,33,1,140.7,completed,2026-07-03 05:50:00
100825,97,9,1,260.86,completed,2026-08-10 18:48:00
100826,202,26,4,176.44,completed,2026-07-22 11:01:00
100827,31,45,4,416.56,completed,2026-08-01 23:14:00
100828,49,36,1,171.82,completed,2026-08-08 10:23:00
100829,77,41,4,226.44,completed,2026-07-06 14:30:00
100830,7,13,3,462.21,completed,2026-07-18 02:13:00
100831,17,43,5,1077.05,pending,2026-07-23 22:54:00
100832,125,29,5,337.85,completed,2026-07-03 21:52:00
100833,145,18,3,1375.35,completed,2026-07-17 08:08:00
100834,38,2,2,742.38,completed,2026-07-30 21:43:00
100835,1,28,3,209.79,completed,2026-08-07 01:32:00
100836,188,3,4,1908.36,cancelled,2026-07-07 04:31:00
100837,206,9,2,153.74,completed,2026-08-01 13:17:00
100838,166,24,1,123.41,completed,2026-07-18 16:34:00
100839,5,6,2,989.02,completed,2026-08-02 10:14:00
100840,123,31,1,211.99,completed,2026-07-08 21:44:00
100841,53,10,4,617.2,completed,2026-07-14 19:29:00
100842,54,22,2,52.02,completed,2026-07-31 03:46:00
100843,191,22,4,231.12,completed,2026-07-14 16:37:00
100844,168,18,2,921.82,completed,2026-08-05 15:36:00
100845,161,27,5,157.65,completed,2026-07-27 07:35:00
100846,67,24,3,783.21,completed,2026-08-03 19:05:00
100847,127,29,1,165.06,completed,2026-07-29 03:23:00
100848,14,46,2,569.6,completed,2026-07-03 14:43:00
100849,172,16,1,454.73,completed,2026-07-21 22:55:00
100850,205,24,4,787.16,completed,2026-07-31 18:52:00
100851,56,5,2,968.44,completed,2026-07-30 14:42:00
100852,196,40,4,1580.6,pending,2026-08-07 22:37:00
100853,184,47,4,829.68,completed,2026-07-01 18:14:00
100854,24,29,3,337.77,cancelled,2026-07-29 05:46:00
100855,17,21,3,1450.74,completed,2026-08-03 00:07:00
100856,129,22,4,1873.6,completed,2026-07-17 14:07:00
100857,138,40,5,533.05,cancelled,2026-07-21 16:17:00
100858,186,10,5,1717.5,completed,2026-07-17 22:28:00
100859,34,14,5,434.4,completed,2026-07-14 05:25:00
100860,40,50,4,1708.68,pending,2026-07-20 01:27:00
100861,175,14,2,978.04,completed,2026-07-17 08:52:00
100862,179,30,2,886.48,completed,2026-07-09 19:13:00
100863,198,35,2,647.56,pending,2026-07-09 21:45:00
100864,55,7,2,78.26,completed,2026-07-28 17:31:00
100865,72,23,5,640.2,completed,2026-07-21 22:50:00
100866,12,2,5,1643.45,completed,2026-07-04 08:55:00
100867,111,13,1,411.92,completed,2026-08-03 17:48:00
100868,66,50,4,111.04,pending,2026-07-22 20:49:00
100869,51,39,5,760.25,completed,2026-07-23 21:20:00
100870,200,3,3,419.61,completed,2026-07-19 12:22:00
100871,69,16,2,657.74,completed,2026-08-06 20:42:00
100872,29,36,5,755.75,completed,2026-08-03 07:23:00
100873,187,27,5,1204.0,completed,2026-08-02 14:10:00
100874,82,10,3,,completed,2026-07-03 01:50:00
100875,177,7,2,311.32,cancelled,2026-07-12 05:50:00
100876,45,9,2,547.1,completed,2026-07-27 14:25:00
100877,83,36,2,309.98,completed,2026-07-12 11:51:00
100878,192,7,5,841.25,pending,2026-07-06 17:35:00
100879,157,7,5,2172.65,completed,2026-08-10 10:20:00
100880,181,27,1,271.42,completed,2026-07-27 08:20:00
100881,32,24,2,750.78,completed,2026-07-04 20:09:00
100882,78,21,4,1312.08,completed,2026-07-30 03:47:00
100883,104,44,1,179.86,completed,2026-07-21 17:35:00
100884,19,20,3,682.38,completed,2026-08-07 22:12:00
100885,73,36,1,24.92,pending,2026-07-28 05:26:00
100886,27,44,5,247.75,cancelled,2026-08-05 21:28:00
100887,3,47,1,465.69,completed,2026-08-09 04:24:00
100888,195,48,2,164.7,completed,2026-08-04 15:51:00
100889,175,21,1,480.49,cancelled,2026-07-18 23:50:00
100890,176,40,1,185.11,cancelled,2026-08-01 18:38:00
100891,183,46,3,1440.96,completed,2026-08-03 17:09:00
100892,102,24,3,724.95,cancelled,2026-07-01 00:41:00
100893,23,37,1,458.25,completed,2026-08-01 07:16:00
100894,144,29,1,225.14,completed,2026-07-29 16:38:00
100895,187,14,3,737.34,cancelled,2026-08-04 02:26:00
100896,109,43,5,880.3,completed,2026-07-08 07:14:00
100897,74,4,2,,completed,2026-07-16 13:19:00
100898,189,37,4,1202.76,completed,2026-08-05 22:10:00
100899,11,7,4,938.48,completed,2026-07-31 19:20:00
100900,209,32,5,2200.55,cancelled,2026-07-12 07:17:00
100901,2,38,5,2461.9,completed,2026-07-24 11:24:00
100902,85,46,1,473.19,cancelled,2026-08-08 09:09:00
100903,17,30,1,296.78,cancelled,2026-07-12 23:20:00
100904,105,35,5,282.1,completed,2026-07-15 10:16:00
100905,179,36,1,42.14,completed,2026-08-04 02:36:00
100906,194,2,4,1756.56,completed,2026-08-05 00:18:00
100907,61,36,1,186.77,completed,2026-07-17 20:29:00
100908,179,17,5,2302.25,completed,2026-07-07 04:04:00
100909,184,35,4,1593.28,pending,2026-07-30 16:21:00
100910,210,13,3,622.23,completed,2026-07-31 00:34:00
100911,113,22,5,167.15,cancelled,2026-08-04 13:54:00
100912,24,46,3,652.11,completed,2026-08-07 04:16:00
100913,45,46,5,,cancelled,2026-07-29 00:38:00
100914,61,16,3,42.51,completed,2026-07-24 14:13:00
100915,113,38,2,116.58,completed,2026-07-05 10:27:00
100916,121,45,4,1870.32,cancelled,2026-07-21 12:50:00
100917,25,29,2,539.94,completed,2026-07-29 15:06:00
100918,33,6,2,673.14,completed,2026-07-05 13:30:00
100919,109,32,4,1377.72,completed,2026-07-31 14:18:00
100920,143,11,1,448.76,pending,2026-08-05 07:38:00
100921,101,33,2,255.32,completed,2026-08-10 13:34:00
100922,85,5,2,235.5,cancelled,2026-07-10 03:30:00
100923,172,30,4,,pending,2026-07-12 02:37:00
100924,135,41,5,1093.3,completed,2026-07-03 11:26:00
100925,139,17,2,364.22,completed,2026-07-21 00:15:00
100926,4,40,5,168.35,completed,2026-07-21 03:01:00
100927,92,2,5,2093.2,completed,2026-07-25 23:39:00
100928,173,46,2,592.0,completed,2026-07-29 10:36:00
100929,90,2,5,1183.95,completed,2026-07-18 02:57:00
100930,202,47,1,264.51,cancelled,2026-07-29 02:50:00
100931,137,41,3,34.86,completed,2026-07-08 07:25:00
100932,177,34,1,344.71,completed,2026-07-15 18:37:00
100933,3,6,5,1941.9,pending,2026-07-11 07:14:00
100934,16,23,3,1496.76,completed,2026-07-12 04:32:00
100935,197,13,2,704.88,completed,2026-08-01 13:13:00
100936,189,25,2,316.18,cancelled,2026-07-29 13:59:00
100937,80,35,4,172.12,completed,2026-08-06 01:55:00
100938,33,40,5,104.35,completed,2026-07-06 19:36:00
100939,165,22,4,493.4,completed,2026-07-27 05:28:00
100940,56,35,5,1179.3,cancelled,2026-07-17 09:58:00
100941,94,42,5,,cancelled,2026-08-06 17:50:00
100942,169,41,1,60.38,completed,2026-07-09 00:10:00
100943,98,14,2,16.06,completed,2026-08-01 08:43:00
100944,84,21,3,215.25,completed,2026-07-16 16:53:00
100945,60,6,5,1244.95,completed,2026-07-20 14:42:00
100946,129,30,4,1785.12,completed,2026-07-14 03:00:00
100947,161,39,2,622.06,completed,2026-07-21 12:33:00
100948,77,5,1,101.87,completed,2026-07-05 03:10:00
100949,210,25,3,187.38,completed,2026-07-29 06:16:00
100950,65,25,5,312.05,completed,2026-07-26 13:50:00
100951,39,41,2,171.16,cancelled,2026-08-03 04:33:00
100952,62,12,4,1078.68,completed,2026-07-14 02:30:00
100953,57,5,3,989.37,completed,2026-07-23 16:01:00
100954,194,6,1,289.41,pending,2026-07-02 11:15:00
100955,187,26,4,1068.72,completed,2026-08-07 17:34:00
100956,12,20,5,2276.65,cancelled,2026-07-11 06:10:00
100957,201,31,4,890.24,completed,2026-08-06 22:04:00
100958,78,28,4,837.64,completed,2026-08-01 08:45:00
100959,7,42,1,226.29,completed,2026-08-01 17:53:00
100960,19,11,3,171.27,completed,2026-07-20 11:30:00
100961,35,30,3,,completed,2026-08-02 17:05:00
100962,83,48,3,238.17,completed,2026-07-24 19:50:00
100963,95,15,2,141.34,completed,2026-07-01 12:08:00
100964,11,42,4,1176.4,completed,2026-08-06 07:21:00
100965,18,48,2,539.02,completed,2026-07-03 13:41:00
100966,52,18,3,573.21,completed,2026-08-01 07:14:00
100967,141,8,3,279.6,completed,2026-08-01 15:50:00
100968,66,5,4,1020.96,completed,2026-07-05 03:22:00
100969,123,24,2,476.96,cancelled,2026-08-01 04:58:00
100970,52,37,2,59.32,completed,2026-08-01 19:09:00
100971,102,17,4,546.96,completed,2026-07-15 23:46:00
100972,28,19,5,2124.4,completed,2026-07-16 01:16:00
100973,158,33,2,912.98,completed,2026-08-10 14:08:00
100974,138,23,1,74.74,completed,2026-07-31 01:59:00
100975,116,10,4,156.48,completed,2026-07-21 23:55:00
100976,56,29,2,254.22,pending,2026-07-08 10:29:00
100977,40,18,5,962.55,completed,2026-07-21 12:00:00
100978,109,11,4,208.08,completed,2026-08-09 03:14:00
100979,198,25,1,165.14,completed,2026-07-16 16:22:00
100980,131,7,1,410.86,completed,2026-07-07 23:28:00
100981,31,26,1,416.06,completed,2026-07-21 01:15:00
100982,86,23,5,1600.5,pending,2026-07-17 15:15:00
100983,34,1,4,254.32,completed,2026-08-08 19:49:00
100984,147,17,1,43.26,completed,2026-07-01 03:06:00
100985,2,12,2,566.64,completed,2026-07-22 19:26:00
100986,46,42,5,116.0,completed,2026-08-02 23:06:00
100987,103,23,3,1102.26,completed,2026-07-19 01:37:00
100988,95,44,1,284.9,cancelled,2026-07-16 18:24:00
100989,83,38,4,378.72,completed,2026-08-08 22:09:00
100990,128,30,5,671.15,completed,2026-07-02 02:18:00
100991,58,25,3,209.19,completed,2026-07-08 15:15:00
100992,174,24,3,391.65,cancelled,2026-07-23 02:37:00
100993,174,20,5,86.25,cancelled,2026-08-10 14:16:00
100994,23,44,2,384.26,completed,2026-07-20 03:07:00
100995,164,42,5,659.95,completed,2026-07-14 15:35:00
100996,9,30,4,55.2,completed,2026-07-27 15:25:00
100997,160,2,3,540.21,completed,2026-07-01 15:22:00
100998,180,25,2,96.42,completed,2026-07-16 20:39:00
100999,5,39,1,22.72,completed,2026-08-02 11:07:00
101000,166,6,5,1944.5,completed,2026-07-06 13:21:00
101001,2,8,2,867.02,completed,2026-07-10 17:54:00
101002,148,21,4,1754.76,completed,2026-08-09 10:58:00
101003,166,14,4,1427.4,cancelled,2026-07-10 03:04:00
101004,21,21,5,962.1,completed,2026-08-07 05:50:00
101005,170,20,2,497.64,completed,2026-08-04 14:36:00
101006,42,11,4,628.12,completed,2026-07-18 11:42:00
101007,16,18,1,382.48,completed,2026-07-25 20:19:00
101008,199,21,1,52.01,completed,2026-07-07 22:39:00
101009,150,12,4,1606.08,completed,2026-07-28 15:08:00
101010,131,46,3,1279.62,completed,2026-07-20 04:24:00
101011,66,33,1,339.46,completed,2026-08-05 20:23:00
101012,207,8,4,1713.2,completed,2026-07-11 19:47:00
101013,194,15,3,1253.85,completed,2026-07-18 13:23:00
101014,176,18,5,215.6,cancelled,2026-07-24 17:32:00
101015,38,35,1,31.21,completed,2026-07-29 21:16:00
101016,179,22,1,173.78,pending,2026-07-15 16:12:00
101017,129,8,1,182.83,completed,2026-07-07 07:23:00
101018,63,5,1,361.44,completed,2026-07-18 22:41:00
101019,95,34,4,1973.16,completed,2026-07-14 11:57:00
101020,143,42,3,328.86,cancelled,2026-08-04 18:04:00
101021,129,31,1,98.27,completed,2026-08-01 00:12:00
101022,190,34,2,70.92,completed,2026-08-06 11:52:00
101023,207,41,3,1079.31,completed,2026-07-09 17:11:00
101024,201,13,1,166.09,cancelled,2026-07-22 17:03:00
101025,149,12,1,234.17,completed,2026-07-04 12:23:00
101026,141,30,5,546.3,cancelled,2026-07-05 17:17:00
101027,136,33,4,1999.28,completed,2026-08-03 12:27:00
101028,181,3,1,206.91,cancelled,2026-07-03 17:09:00
101029,112,46,5,1068.3,completed,2026-07-17 12:51:00
101030,181,9,3,105.9,completed,2026-08-03 11:12:00
101031,47,20,1,176.74,cancelled,2026-07-23 06:20:00
101032,126,27,5,323.05,cancelled,2026-08-04 10:18:00
101033,158,42,4,1176.04,completed,2026-07-15 13:05:00
101034,157,12,1,243.46,completed,2026-07-19 10:14:00
101035,180,44,2,836.08,completed,2026-07-15 08:05:00
101036,169,35,4,868.76,completed,2026-07-05 02:54:00
101037,164,5,4,1893.24,completed,2026-07-24 02:55:00
101038,65,2,3,567.48,completed,2026-07-24 04:04:00
101039,117,11,2,956.66,pending,2026-08-02 00:54:00
101040,158,18,2,976.16,cancelled,2026-07-09 13:08:00
101041,71,13,5,385.7,completed,2026-07-28 13:36:00
101042,11,5,3,1243.62,completed,2026-08-07 20:09:00
101043,134,49,3,99.24,completed,2026-08-05 06:24:00
101044,60,14,5,781.05,cancelled,2026-07-12 01:32:00
101045,122,21,5,1254.8,completed,2026-07-06 12:45:00
101046,12,25,1,213.06,completed,2026-08-05 18:56:00
101047,169,49,1,145.78,completed,2026-07-23 19:03:00
101048,42,37,2,544.8,completed,2026-08-05 12:01:00
101049,144,43,2,657.06,completed,2026-07-11 05:00:00
101050,55,31,4,1741.96,pending,2026-07-27 03:25:00
101051,180,30,5,1462.7,completed,2026-07-05 22:30:00
101052,76,30,1,357.32,pending,2026-08-09 12:23:00
101053,67,32,5,1915.0,completed,2026-08-02 03:09:00
101054,160,38,5,2059.3,completed,2026-07-22 12:18:00
101055,4,16,5,1562.4,completed,2026-07-28 03:33:00
101056,24,9,1,23.25,completed,2026-07-09 21:59:00
101057,188,33,5,88.75,completed,2026-07-27 13:29:00
101058,200,45,4,384.2,completed,2026-07-12 20:48:00
101059,157,6,5,1223.6,completed,2026-07-06 22:55:00
101060,52,31,2,368.92,completed,2026-08-08 15:11:00
101061,62,29,3,921.87,pending,2026-07-14 15:25:00
101062,112,46,4,810.36,cancelled,2026-07-01 21:47:00
101063,202,35,1,110.88,completed,2026-08-01 05:13:00
101064,24,34,1,106.67,completed,2026-07-05 21:17:00
101065,114,36,3,273.9,completed,2026-08-02 19:07:00
101066,206,36,5,50.3,completed,2026-07-08 17:47:00
101067,47,27,2,910.38,completed,2026-08-09 22:47:00
101068,120,49,1,267.22,completed,2026-07-10 17:57:00
101069,97,17,5,712.25,completed,2026-07-02 16:45:00
101070,3,21,2,482.84,cancelled,2026-07-10 23:40:00
101071,52,5,5,117.65,pending,2026-07-24 01:10:00
101072,92,21,3,25.44,completed,2026-07-13 15:08:00
101073,131,5,4,1482.32,completed,2026-07-23 02:57:00
101074,56,21,5,1673.75,completed,2026-07-16 23:12:00
101075,95,37,5,84.95,completed,2026-07-22 11:05:00
101076,62,45,3,768.93,completed,2026-07-24 18:46:00
101077,193,2,3,223.11,completed,2026-08-07 17:17:00
101078,143,48,3,24.6,completed,2026-07-06 16:09:00
101079,42,15,5,1757.2,completed,2026-07-17 19:23:00
101080,187,41,3,410.94,completed,2026-07-01 22:33:00
101081,143,40,4,1348.0,completed,2026-08-01 05:52:00
101082,103,2,2,311.32,completed,2026-08-01 08:15:00
101083,206,21,5,1724.35,completed,2026-07-03 23:33:00
101084,56,17,5,1259.55,completed,2026-07-26 05:54:00
101085,147,12,3,1037.49,completed,2026-07-22 00:58:00
101086,120,4,3,1455.03,completed,2026-07-29 08:29:00
101087,106,9,1,152.61,completed,2026-07-10 13:23:00
101088,89,44,4,,pending,2026-08-03 02:00:00
101089,64,36,4,229.32,cancelled,2026-07-17 21:50:00
101090,186,3,3,1254.21,cancelled,2026-07-13 18:15:00
101091,190,29,2,136.42,completed,2026-07-22 04:05:00
101092,30,29,4,178.52,completed,2026-07-16 08:56:00
101093,81,49,3,1127.7,cancelled,2026-07-09 01:39:00
101094,75,20,4,1033.2,completed,2026-08-04 10:41:00
101095,151,33,2,690.04,pending,2026-07-08 03:18:00
101096,173,50,3,1182.0,completed,2026-08-08 15:56:00
101097,117,9,5,1529.7,completed,2026-07-18 18:43:00
101098,163,8,3,434.73,cancelled,2026-07-29 00:58:00
101099,138,21,2,707.36,completed,2026-07-16 09:31:00
101100,154,17,2,224.76,pending,2026-07-05 18:43:00
101101,36,8,1,256.74,pending,2026-07-10 19:02:00
101102,77,8,4,1690.24,completed,2026-08-08 02:30:00
101103,208,49,1,477.57,completed,2026-07-03 18:06:00
101104,125,15,2,753.18,completed,2026-07-28 06:24:00
101105,159,50,5,451.5,completed,2026-08-10 06:37:00
101106,68,18,4,1489.8,completed,2026-08-08 06:29:00
101107,185,10,4,1051.2,cancelled,2026-07-01 16:45:00
101108,177,30,5,177.25,cancelled,2026-08-07 16:00:00
101109,81,19,4,256.76,completed,2026-07-03 15:18:00
101110,180,33,2,736.74,completed,2026-07-30 05:49:00
101111,29,21,3,1438.77,completed,2026-08-10 15:51:00
101112,195,47,4,888.4,completed,2026-08-08 12:58:00
101113,2,4,3,276.06,completed,2026-08-02 10:58:00
101114,169,27,4,996.16,completed,2026-07-12 10:43:00
101115,54,49,3,425.61,cancelled,2026-07-01 09:57:00
101116,168,2,2,699.42,completed,2026-07-17 01:05:00
101117,159,38,4,1274.12,completed,2026-07-19 07:47:00
101118,142,47,2,257.14,completed,2026-07-11 06:54:00
101119,74,10,1,460.45,cancelled,2026-07-12 05:42:00
101120,26,1,1,193.73,cancelled,2026-07-09 10:47:00
101121,130,48,1,53.98,completed,2026-07-03 06:24:00
101122,30,10,2,804.62,completed,2026-07-18 01:37:00
101123,176,2,3,250.65,completed,2026-07-30 01:30:00
101124,205,37,3,1046.46,completed,2026-08-10 16:08:00
101125,9,13,5,1157.9,pending,2026-07-27 13:13:00
101126,205,48,4,78.2,cancelled,2026-07-22 21:29:00
101127,191,7,5,335.6,completed,2026-07-15 12:28:00
101128,29,2,5,1256.75,completed,2026-07-11 12:54:00
101129,193,39,2,758.04,completed,2026-07-20 04:37:00
101130,68,46,5,353.25,pending,2026-08-06 21:38:00
101131,103,6,4,1999.0,completed,2026-07-17 01:00:00
101132,108,47,3,808.26,completed,2026-08-10 02:57:00
101133,194,35,5,1993.35,completed,2026-08-02 06:51:00
101134,182,23,2,227.38,completed,2026-07-10 17:11:00
101135,21,27,4,1476.6,cancelled,2026-07-25 03:08:00
101136,83,34,1,495.86,completed,2026-07-12 16:07:00
101137,123,46,2,410.74,completed,2026-07-13 01:38:00
101138,7,50,1,41.98,completed,2026-07-12 07:34:00
101139,7,39,3,1400.91,completed,2026-08-02 22:27:00
101140,101,6,5,1392.15,completed,2026-07-20 04:06:00
101141,102,48,5,,completed,2026-07-26 01:45:00
101142,50,12,2,620.88,completed,2026-07-13 23:07:00
101143,158,5,1,54.3,completed,2026-07-02 14:53:00
101144,84,50,1,98.41,completed,2026-07-02 00:05:00
101145,108,12,5,1006.2,completed,2026-07-01 11:13:00
101146,173,29,2,821.54,pending,2026-07-17 14:39:00
101147,45,31,2,83.88,completed,2026-07-08 15:36:00
101148,80,14,4,502.6,completed,2026-07-29 01:25:00
101149,38,34,3,403.86,completed,2026-08-10 16:09:00
101150,201,32,5,912.9,pending,2026-08-03 13:39:00
101151,118,43,1,276.68,completed,2026-07-22 05:59:00
101152,210,39,2,854.96,completed,2026-07-25 18:13:00
101153,184,38,3,1389.18,completed,2026-07-16 13:21:00
101154,50,22,3,619.17,completed,2026-07-01 05:51:00
101155,31,27,3,745.5,completed,2026-07-15 00:43:00
101156,192,26,1,229.42,pending,2026-08-01 02:06:00
101157,11,28,5,1531.45,completed,2026-07-23 15:23:00
101158,81,22,2,793.24,cancelled,2026-07-12 10:01:00
101159,27,13,1,158.36,cancelled,2026-07-16 07:51:00
101160,114,16,4,854.2,completed,2026-07-04 18:37:00
101161,194,31,1,,completed,2026-07-09 04:28:00
101162,120,39,3,1466.61,completed,2026-07-14 06:33:00
101163,2,4,3,1405.68,pending,2026-07-04 03:08:00
101164,172,17,2,437.18,cancelled,2026-08-09 18:59:00
101165,87,23,4,1949.28,cancelled,2026-08-08 10:04:00
101166,156,16,1,332.47,pending,2026-08-04 19:22:00
101167,116,31,2,88.02,completed,2026-07-15 17:07:00
101168,159,44,4,539.4,cancelled,2026-07-17 17:27:00
101169,87,50,4,1426.8,completed,2026-07-17 12:19:00
101170,199,10,2,17.8,completed,2026-07-14 02:46:00
101171,71,42,2,494.7,completed,2026-07-21 16:09:00
101172,162,36,5,753.5,completed,2026-08-03 22:05:00
101173,5,16,4,54.24,completed,2026-07-26 16:10:00
101174,125,39,5,1198.85,completed,2026-07-15 02:25:00
101175,205,42,5,851.7,completed,2026-08-05 04:43:00
101176,69,27,1,81.2,completed,2026-07-28 22:48:00
101177,15,21,1,264.26,cancelled,2026-07-26 18:02:00
101178,98,20,5,1525.2,completed,2026-07-22 00:23:00
101179,198,18,5,1604.6,completed,2026-07-11 12:25:00
101180,129,7,4,325.84,pending,2026-08-09 13:01:00
101181,75,14,4,1280.6,cancelled,2026-07-18 14:20:00
101182,167,10,1,127.03,completed,2026-07-02 15:08:00
101183,37,49,5,823.0,completed,2026-07-18 21:05:00
101184,99,23,4,1084.44,completed,2026-07-27 00:14:00
101185,115,38,5,38.65,cancelled,2026-08-01 15:23:00
101186,85,4,2,468.04,completed,2026-07-08 12:59:00
101187,12,24,3,719.79,completed,2026-08-09 05:25:00
101188,114,19,3,349.02,completed,2026-07-09 16:56:00
101189,124,9,1,14.45,completed,2026-07-05 07:23:00
101190,34,31,1,213.16,completed,2026-07-30 00:56:00
101191,179,3,2,917.3,completed,2026-07-19 02:47:00
101192,204,21,3,48.96,completed,2026-08-09 09:46:00
101193,57,26,5,756.15,completed,2026-07-06 07:12:00
101194,186,10,5,1119.9,completed,2026-07-28 15:14:00
101195,93,49,4,541.04,completed,2026-07-07 04:58:00
101196,80,23,4,377.28,completed,2026-08-04 04:02:00
101197,93,1,4,1865.32,completed,2026-07-20 21:21:00
101198,177,31,1,81.97,completed,2026-08-01 05:51:00
101199,174,48,4,641.08,completed,2026-07-28 15:21:00
101200,97,1,2,381.84,completed,2026-08-07 23:49:00
101201,155,37,4,1903.04,cancelled,2026-07-07 17:18:00
101202,55,24,1,463.36,cancelled,2026-08-03 23:02:00
101203,140,10,4,1245.0,completed,2026-07-29 06:38:00
101204,126,30,4,1038.72,completed,2026-08-01 15:40:00
101205,158,39,2,245.9,completed,2026-07-16 20:47:00
101206,201,32,3,904.2,completed,2026-07-21 23:06:00
101207,135,5,2,14.74,cancelled,2026-07-18 21:24:00
101208,63,24,4,793.12,completed,2026-08-01 09:23:00
101209,16,12,2,417.86,cancelled,2026-07-22 17:32:00
101210,208,25,3,1411.47,completed,2026-08-05 07:48:00
101211,115,47,1,426.77,completed,2026-07-17 05:00:00
101212,14,21,5,720.4,completed,2026-07-23 19:47:00
101213,9,38,2,752.0,completed,2026-07-24 17:44:00
101214,109,1,4,1377.24,completed,2026-08-07 13:39:00
101215,105,39,4,717.68,completed,2026-08-06 19:10:00
101216,123,14,5,1976.35,cancelled,2026-07-27 08:06:00
101217,176,12,1,155.05,completed,2026-07-03 02:23:00
101218,39,19,3,540.39,completed,2026-07-05 18:31:00
101219,86,5,2,847.28,completed,2026-07-07 04:44:00
101220,23,23,2,408.44,completed,2026-07-07 01:58:00
101221,168,32,4,1176.72,completed,2026-08-10 09:57:00
101222,89,22,5,1706.2,pending,2026-07-26 12:57:00
101223,49,42,1,180.62,cancelled,2026-07-14 09:07:00
101224,125,42,5,1938.85,completed,2026-08-07 20:40:00
101225,85,18,4,476.56,completed,2026-07-15 14:46:00
101226,200,26,4,1257.96,completed,2026-07-13 22:19:00
101227,163,33,4,1166.8,completed,2026-08-03 23:31:00
101228,13,47,4,516.8,completed,2026-07-17 11:58:00
101229,153,7,5,2198.95,completed,2026-07-05 15:48:00
101230,157,21,4,1966.44,completed,2026-07-30 18:05:00
101231,130,4,1,410.19,completed,2026-07-29 18:54:00
101232,41,6,2,814.12,completed,2026-07-02 17:38:00
101233,15,5,2,626.5,cancelled,2026-07-08 05:43:00
101234,35,12,4,454.6,completed,2026-08-10 10:29:00
101235,194,17,4,1022.52,cancelled,2026-07-22 01:00:00
101236,207,11,4,1905.0,pending,2026-07-10 16:56:00
101237,22,9,5,202.7,pending,2026-07-21 21:30:00
101238,85,28,5,1808.2,cancelled,2026-07-10 15:54:00
101239,66,14,4,119.96,completed,2026-07-09 05:19:00
101240,22,28,3,991.71,completed,2026-07-14 23:23:00
101241,129,18,3,1140.48,completed,2026-07-19 20:57:00
101242,14,19,1,345.31,completed,2026-07-19 13:07:00
101243,97,36,5,723.6,completed,2026-07-21 23:28:00
101244,25,26,4,1528.2,completed,2026-07-02 17:53:00
101245,198,47,3,1274.07,completed,2026-07-07 00:11:00
101246,155,21,5,1401.75,completed,2026-07-28 21:19:00
101247,33,34,2,629.22,cancelled,2026-07-03 21:51:00
101248,79,40,3,265.17,completed,2026-07-07 15:38:00
101249,186,31,4,1881.36,completed,2026-08-02 09:56:00
101250,57,3,5,1375.3,completed,2026-07-13 03:09:00
101251,192,5,2,393.56,cancelled,2026-07-23 17:07:00
101252,189,8,1,284.6,completed,2026-08-08 11:12:00
101253,171,43,1,86.81,cancelled,2026-07-30 09:30:00
101254,96,27,4,1398.24,completed,2026-08-04 11:04:00
101255,140,7,4,1906.4,completed,2026-07-11 01:13:00
101256,51,13,1,78.15,completed,2026-07-28 16:35:00
101257,102,40,5,1907.55,completed,2026-07-26 10:24:00
101258,111,1,5,1208.25,completed,2026-07-04 19:53:00
101259,109,6,3,613.14,completed,2026-07-30 12:48:00
101260,67,21,2,791.9,completed,2026-07-21 16:32:00
101261,12,38,3,1497.39,completed,2026-07-13 21:31:00
101262,15,49,4,1800.48,completed,2026-07-09 13:11:00
101263,86,5,5,1500.5,completed,2026-08-05 23:21:00
101264,66,12,1,94.48,completed,2026-07-22 19:58:00
101265,136,7,3,1041.39,completed,2026-07-02 13:20:00
101266,39,49,5,1793.3,completed,2026-07-27 22:43:00
101267,63,47,2,748.3,pending,2026-08-06 08:47:00
101268,165,43,5,238.35,completed,2026-07-21 14:21:00
101269,47,14,3,1210.56,completed,2026-08-07 04:10:00
101270,159,32,3,34.98,cancelled,2026-07-12 21:34:00
101271,41,36,4,672.8,completed,2026-07-06 04:06:00
101272,21,37,2,383.78,completed,2026-08-08 12:22:00
101273,135,35,4,570.36,completed,2026-08-01 03:16:00
101274,98,40,1,298.54,completed,2026-08-08 22:28:00
101275,23,2,1,358.31,cancelled,2026-07-29 09:12:00
101276,4,15,1,205.38,completed,2026-07-10 19:03:00
101277,193,50,1,289.53,completed,2026-07-10 12:11:00
101278,91,29,5,1778.75,completed,2026-07-27 07:48:00
101279,15,12,3,1125.42,completed,2026-07-28 18:03:00
101280,31,12,4,948.6,completed,2026-07-15 04:04:00
101281,140,13,2,104.04,completed,2026-07-18 20:12:00
101282,154,43,1,161.01,completed,2026-07-21 12:29:00
101283,78,11,5,1733.0,completed,2026-07-21 21:44:00
101284,164,48,5,1974.25,completed,2026-07-30 22:04:00
101285,186,26,4,390.0,completed,2026-07-20 13:26:00
101286,184,29,3,1215.87,completed,2026-07-05 14:54:00
101287,80,35,2,33.7,completed,2026-07-02 17:00:00
101288,11,10,4,1143.76,completed,2026-07-20 18:56:00
101289,75,29,5,969.9,completed,2026-07-18 21:53:00
101290,58,1,1,11.32,completed,2026-08-10 11:47:00
101291,160,17,3,165.21,completed,2026-08-01 02:28:00
101292,92,15,1,242.5,completed,2026-07-25 13:48:00
101293,176,46,1,25.03,completed,2026-07-26 13:42:00
101294,174,36,3,76.98,completed,2026-07-21 11:22:00
101295,86,11,5,1739.4,pending,2026-07-16 11:33:00
101296,198,24,2,434.92,completed,2026-07-24 05:36:00
101297,178,15,3,313.59,completed,2026-07-25 18:25:00
101298,164,42,2,148.54,cancelled,2026-08-09 09:27:00
101299,130,50,5,1777.4,completed,2026-07-15 03:53:00
101300,105,43,4,670.4,completed,2026-07-04 19:32:00
101301,89,39,1,187.46,completed,2026-07-20 13:51:00
101302,111,39,1,239.33,pending,2026-07-09 09:38:00
101303,114,31,4,24.48,completed,2026-07-26 14:18:00
101304,194,4,1,359.73,completed,2026-07-02 22:30:00
101305,77,41,5,1302.1,completed,2026-07-04 13:05:00
101306,8,44,1,220.55,completed,2026-07-19 08:47:00
101307,151,4,2,798.28,completed,2026-07-31 20:59:00
101308,137,5,5,1078.1,cancelled,2026-08-08 15:49:00
101309,120,42,5,,completed,2026-07-31 05:25:00
101310,175,35,4,279.56,completed,2026-07-27 04:01:00
101311,75,47,2,882.02,completed,2026-07-12 16:02:00
101312,43,45,2,861.04,completed,2026-07-22 07:26:00
101313,39,47,1,236.15,completed,2026-07-29 10:45:00
101314,113,16,2,272.58,cancelled,2026-07-15 03:12:00
101315,162,6,2,228.66,completed,2026-07-05 08:35:00
101316,130,16,1,409.99,completed,2026-07-28 01:29:00
101317,97,3,5,296.3,completed,2026-08-10 22:57:00
101318,127,12,5,1105.55,completed,2026-07-20 12:50:00
101319,54,19,3,659.67,cancelled,2026-07-19 20:14:00
101320,64,21,3,769.11,completed,2026-07-20 11:59:00
101321,135,48,2,444.72,completed,2026-07-19 16:15:00
101322,101,27,5,1019.05,completed,2026-07-17 10:59:00
101323,29,39,5,1183.7,pending,2026-07-12 07:09:00
101324,34,20,4,1044.8,completed,2026-08-02 03:19:00
101325,35,41,5,110.45,completed,2026-08-03 10:53:00
101326,179,25,4,1458.84,completed,2026-08-05 10:23:00
101327,119,34,3,1065.72,completed,2026-07-29 06:45:00
101328,137,3,1,279.4,completed,2026-07-02 14:32:00
101329,88,34,3,1290.78,completed,2026-07-28 06:29:00
101330,132,23,5,2478.15,completed,2026-08-10 15:37:00
101331,146,43,4,921.8,pending,2026-07-15 03:46:00
101332,169,46,2,764.18,completed,2026-08-06 08:38:00
101333,154,16,1,16.13,completed,2026-08-03 17:11:00
101334,163,23,2,416.98,completed,2026-08-02 09:46:00
101335,59,42,5,480.9,completed,2026-07-24 21:15:00
101336,129,43,1,486.08,completed,2026-07-09 07:46:00
101337,195,36,5,2159.8,completed,2026-07-14 06:45:00
101338,134,23,4,231.72,completed,2026-07-21 17:15:00
101339,8,47,4,895.32,completed,2026-07-12 13:39:00
101340,103,31,4,1973.28,completed,2026-07-14 04:01:00
101341,110,24,3,559.29,completed,2026-07-07 07:08:00
101342,71,27,4,1610.04,completed,2026-07-05 07:12:00
101343,140,34,2,138.86,completed,2026-07-04 22:01:00
101344,36,41,5,1529.75,completed,2026-07-15 05:42:00
101345,53,39,5,1106.4,completed,2026-07-11 22:29:00
101346,69,27,1,283.56,completed,2026-07-24 13:27:00
101347,59,16,1,437.25,completed,2026-07-10 17:29:00
101348,141,28,1,97.08,completed,2026-07-09 13:21:00
101349,73,18,2,269.84,cancelled,2026-07-07 20:58:00
101350,69,16,4,374.36,completed,2026-07-09 16:34:00
101351,163,17,1,109.8,completed,2026-08-05 15:55:00
101352,181,19,4,1579.4,completed,2026-07-22 02:45:00
101353,186,27,4,557.4,completed,2026-08-05 11:39:00
101354,11,20,2,958.96,pending,2026-08-07 03:34:00
101355,184,35,1,192.99,cancelled,2026-07-03 20:18:00
101356,31,38,5,1996.35,completed,2026-07-21 18:25:00
101357,155,31,5,779.2,cancelled,2026-07-17 13:57:00
101358,177,2,5,2433.25,completed,2026-08-07 19:34:00
101359,158,13,2,509.22,completed,2026-07-27 05:36:00
101360,58,27,2,324.16,completed,2026-07-21 04:15:00
101361,52,46,4,1212.36,pending,2026-08-08 17:50:00
101362,92,19,4,1188.44,pending,2026-07-23 18:36:00
101363,121,20,3,1373.64,completed,2026-07-24 14:44:00
101364,136,22,3,962.52,completed,2026-07-01 01:41:00
101365,130,6,1,27.6,cancelled,2026-07-01 20:27:00
101366,24,1,1,157.94,pending,2026-07-31 19:43:00
101367,152,8,5,2286.35,completed,2026-07-29 19:58:00
101368,88,28,4,930.8,cancelled,2026-07-14 08:10:00
101369,45,5,3,895.77,completed,2026-07-24 09:20:00
101370,74,2,5,316.85,cancelled,2026-07-01 14:33:00
101371,74,46,3,1232.07,completed,2026-07-24 05:06:00
101372,56,24,2,954.56,completed,2026-07-17 00:39:00
101373,50,31,1,95.5,completed,2026-08-05 00:34:00
101374,42,3,2,496.66,completed,2026-07-31 15:23:00
101375,22,11,5,573.65,completed,2026-07-06 10:28:00
101376,2,25,2,990.96,completed,2026-08-04 22:06:00
101377,84,35,2,603.62,cancelled,2026-08-03 04:36:00
101378,93,44,3,1205.88,completed,2026-07-27 06:24:00
101379,26,5,4,716.28,completed,2026-07-05 05:21:00
101380,107,50,3,456.87,completed,2026-07-19 16:35:00
101381,169,34,4,42.96,completed,2026-08-06 19:22:00
101382,18,19,2,698.7,completed,2026-07-07 17:26:00
101383,129,29,5,2308.4,completed,2026-07-06 00:27:00
101384,68,9,5,324.15,completed,2026-07-20 11:57:00
101385,31,49,3,65.13,pending,2026-07-15 12:03:00
101386,201,16,3,657.78,completed,2026-07-27 10:48:00
101387,69,40,2,223.26,completed,2026-07-06 05:06:00
101388,106,26,3,526.71,cancelled,2026-07-16 05:03:00
101389,152,39,5,,cancelled,2026-07-14 09:01:00
101390,174,32,5,1534.4,completed,2026-07-27 10:05:00
101391,136,5,3,697.65,pending,2026-08-10 21:23:00
101392,61,20,4,1707.88,cancelled,2026-07-31 20:52:00
101393,166,27,5,2359.25,completed,2026-07-15 05:27:00
101394,23,7,3,1189.59,completed,2026-07-09 22:49:00
101395,10,44,2,66.74,completed,2026-07-13 00:37:00
101396,207,33,5,2362.1,completed,2026-07-05 11:45:00
101397,135,42,4,1402.48,completed,2026-08-06 19:25:00
101398,108,50,1,,completed,2026-07-22 07:56:00
101399,100,35,4,350.28,completed,2026-07-17 02:25:00
101400,11,11,4,1784.2,completed,2026-07-19 08:11:00
101401,184,49,2,575.46,pending,2026-07-03 16:42:00
101402,107,40,2,317.94,completed,2026-07-04 02:10:00
101403,37,1,3,391.65,completed,2026-07-22 07:46:00
101404,83,25,3,583.53,completed,2026-07-08 13:57:00
101405,203,28,5,1236.3,completed,2026-08-02 08:51:00
101406,43,14,5,914.9,completed,2026-07-19 06:04:00
101407,130,11,3,1496.4,cancelled,2026-07-07 21:53:00
101408,62,23,4,1050.4,completed,2026-07-29 21:19:00
101409,201,5,2,245.3,cancelled,2026-07-16 16:12:00
101410,17,15,4,1718.4,completed,2026-07-14 23:37:00
101411,171,35,5,627.9,completed,2026-07-01 18:11:00
101412,108,50,3,343.5,completed,2026-08-03 16:49:00
101413,11,13,4,1389.36,cancelled,2026-07-09 14:59:00
101414,192,47,1,429.61,cancelled,2026-08-06 07:24:00
101415,92,20,3,1114.77,completed,2026-07-28 05:50:00
101416,73,30,5,312.15,completed,2026-08-04 14:28:00
101417,191,34,5,2158.75,completed,2026-08-07 09:43:00
101418,199,42,5,1012.55,cancelled,2026-08-03 00:47:00
101419,200,22,4,1268.08,cancelled,2026-07-18 12:09:00
101420,71,7,5,1250.75,cancelled,2026-07-04 21:24:00
101421,150,35,2,256.9,completed,2026-08-08 16:29:00
101422,88,8,2,907.06,completed,2026-07-23 04:06:00
101423,163,31,4,1313.08,pending,2026-07-13 13:38:00
101424,74,45,4,1174.56,completed,2026-07-26 07:06:00
101425,103,25,4,1375.56,completed,2026-08-08 21:27:00
101426,173,10,4,1759.76,completed,2026-07-22 07:40:00
101427,142,39,1,495.22,completed,2026-08-02 08:42:00
101428,21,29,5,1026.25,completed,2026-07-06 19:21:00
101429,113,24,2,596.1,completed,2026-08-10 21:43:00
101430,119,32,3,1008.81,pending,2026-08-04 12:36:00
101431,146,11,1,11.18,completed,2026-07-29 21:44:00
101432,158,27,5,2479.9,completed,2026-08-02 06:14:00
101433,93,26,5,2409.8,completed,2026-07-01 07:15:00
101434,145,28,3,1296.96,completed,2026-07-05 04:34:00
101435,97,17,5,723.25,completed,2026-08-10 10:51:00
101436,101,46,1,402.86,completed,2026-07-06 16:05:00
101437,202,39,3,780.45,completed,2026-07-07 22:07:00
101438,59,24,1,234.64,completed,2026-07-25 08:59:00
101439,144,3,3,1312.62,completed,2026-07-13 21:39:00
101440,85,40,5,2331.15,cancelled,2026-07-11 20:46:00
101441,140,44,1,191.87,completed,2026-07-02 01:53:00
101442,1,10,3,524.4,cancelled,2026-07-05 15:28:00
101443,63,37,4,1579.36,completed,2026-07-05 16:25:00
101444,36,19,3,361.92,pending,2026-07-02 19:56:00
101445,170,5,4,621.2,completed,2026-07-29 23:40:00
101446,170,12,2,981.96,completed,2026-07-27 05:05:00
101447,70,43,1,431.86,completed,2026-07-16 16:20:00
101448,160,1,2,584.04,completed,2026-07-22 06:24:00
101449,68,42,3,295.05,completed,2026-08-05 03:54:00
101450,90,33,1,230.38,completed,2026-08-06 16:26:00
101451,154,29,5,1874.7,completed,2026-07-04 23:05:00
101452,26,6,3,373.17,completed,2026-08-01 02:56:00
101453,53,22,1,22.96,pending,2026-07-26 13:38:00
101454,130,48,4,1215.48,completed,2026-08-07 22:47:00
101455,201,3,2,182.34,completed,2026-08-07 02:06:00
101456,32,40,1,137.18,completed,2026-08-06 22:38:00
101457,97,7,3,1310.76,completed,2026-08-06 19:35:00
101458,147,47,2,666.66,completed,2026-07-26 11:03:00
101459,207,22,4,1449.28,completed,2026-07-10 04:55:00
101460,168,20,1,77.9,completed,2026-07-24 13:37:00
101461,61,10,2,237.38,pending,2026-07-16 19:45:00
101462,96,24,2,223.04,completed,2026-08-09 16:33:00
101463,48,47,1,299.6,completed,2026-07-15 00:07:00
101464,148,32,2,869.46,completed,2026-07-03 05:00:00
101465,20,6,3,1348.92,completed,2026-07-24 04:57:00
101466,139,49,5,2401.25,completed,2026-08-02 15:34:00
101467,154,8,4,284.52,completed,2026-07-20 14:29:00
101468,206,42,3,1249.71,completed,2026-08-10 20:00:00
101469,57,9,4,,completed,2026-07-05 07:51:00
101470,194,1,2,703.82,completed,2026-07-28 19:09:00
101471,123,5,2,443.44,completed,2026-07-24 06:27:00
101472,43,23,2,510.1,completed,2026-07-30 09:06:00
101473,1,33,3,871.44,completed,2026-07-22 12:37:00
101474,37,1,5,1587.55,completed,2026-07-09 13:11:00
101475,50,10,3,957.6,pending,2026-07-23 05:51:00
101476,210,23,2,586.76,completed,2026-07-29 02:05:00
101477,134,42,4,656.24,completed,2026-07-10 10:05:00
101478,142,40,1,227.89,cancelled,2026-07-04 04:40:00
101479,37,13,1,370.6,cancelled,2026-07-13 22:37:00
101480,136,8,3,1393.83,completed,2026-08-02 16:17:00
101481,8,46,2,,completed,2026-07-26 09:39:00
101482,184,36,1,24.78,completed,2026-07-03 12:02:00
101483,68,9,4,478.76,completed,2026-07-14 20:13:00
101484,106,23,4,516.68,cancelled,2026-07-29 13:27:00
101485,107,8,4,1760.88,completed,2026-07-09 01:57:00
101486,108,1,5,2473.0,cancelled,2026-07-15 07:54:00
101487,184,1,2,571.4,completed,2026-08-03 19:11:00
101488,124,26,4,403.68,completed,2026-07-14 10:59:00
101489,37,20,2,848.94,completed,2026-07-16 20:56:00
101490,163,36,1,350.65,cancelled,2026-07-21 16:21:00
101491,62,46,3,77.46,completed,2026-07-17 05:30:00
101492,87,9,2,701.02,completed,2026-07-26 08:14:00
101493,85,36,1,119.72,cancelled,2026-07-28 00:15:00
101494,16,33,3,1372.65,completed,2026-08-06 12:44:00
101495,90,12,1,445.82,completed,2026-07-13 20:26:00
101496,35,48,2,290.8,pending,2026-07-04 05:16:00
101497,165,32,3,1201.89,completed,2026-07-18 04:54:00
101498,23,15,5,1339.45,completed,2026-08-04 01:20:00
101499,186,46,3,1374.24,pending,2026-08-05 09:29:00
101500,196,28,4,1801.72,cancelled,2026-07-02 03:41:00
101501,48,22,1,490.81,completed,2026-07-03 19:58:00
101502,203,32,1,,completed,2026-08-10 06:41:00
101503,201,29,2,586.92,completed,2026-07-05 17:10:00
101504,19,22,3,729.09,completed,2026-07-13 05:16:00
101505,186,7,2,290.58,completed,2026-07-02 04:45:00
101506,150,46,2,580.44,completed,2026-07-12 02:14:00
101507,67,44,1,365.39,completed,2026-08-01 06:28:00
101508,170,38,3,1030.71,completed,2026-07-29 01:50:00
101509,175,49,2,655.76,cancelled,2026-07-07 21:49:00
101510,42,21,5,1498.6,completed,2026-07-19 02:35:00
101511,145,28,5,994.55,completed,2026-07-08 08:52:00
101512,51,30,3,300.27,completed,2026-08-10 07:52:00
101513,92,49,1,251.01,completed,2026-07-14 02:03:00
101514,89,6,1,429.44,completed,2026-07-02 16:05:00
101515,183,16,1,79.3,completed,2026-07-22 01:11:00
101516,126,21,5,1323.95,completed,2026-07-15 08:42:00
101517,141,35,4,378.36,pending,2026-07-08 18:46:00
101518,66,20,1,464.5,cancelled,2026-07-23 16:28:00
101519,132,15,3,935.34,completed,2026-08-03 11:29:00
101520,25,45,4,368.96,completed,2026-07-09 17:19:00
101521,171,8,4,1905.32,completed,2026-07-25 12:09:00
101522,135,28,4,1649.64,completed,2026-07-02 09:30:00
101523,153,23,3,1406.49,completed,2026-07-04 23:19:00
101524,24,46,1,,completed,2026-07-08 05:15:00
101525,152,46,1,417.37,cancelled,2026-08-02 05:28:00
101526,65,11,2,847.6,completed,2026-07-04 22:46:00
101527,64,40,2,930.54,completed,2026-07-17 10:06:00
101528,126,12,1,480.78,completed,2026-07-07 09:15:00
101529,84,35,2,719.48,completed,2026-07-14 19:36:00
101530,103,29,2,473.96,completed,2026-07-17 05:35:00
101531,164,36,1,318.96,completed,2026-07-08 06:07:00
101532,143,26,4,873.84,completed,2026-08-04 00:07:00
101533,78,2,1,139.54,completed,2026-08-08 20:24:00
101534,162,28,1,431.28,completed,2026-07-27 16:25:00
101535,185,34,2,895.56,completed,2026-07-17 12:15:00
101536,83,6,3,1294.95,completed,2026-07-03 13:48:00
101537,78,27,2,174.7,completed,2026-07-13 12:52:00
101538,31,4,1,412.02,completed,2026-07-30 21:57:00
101539,16,44,4,997.92,completed,2026-07-29 10:18:00
101540,120,9,4,1522.8,completed,2026-07-09 05:36:00
101541,83,27,5,212.65,cancelled,2026-07-04 08:28:00
101542,37,2,1,387.42,completed,2026-07-30 18:24:00
101543,140,21,4,1735.28,cancelled,2026-07-07 17:01:00
101544,203,34,4,1591.44,completed,2026-07-22 09:13:00
101545,64,16,4,1287.12,pending,2026-07-11 17:13:00
101546,53,16,2,694.68,completed,2026-07-14 20:13:00
101547,114,43,2,903.58,completed,2026-07-16 15:17:00
101548,83,6,4,452.64,completed,2026-07-28 06:43:00
101549,195,40,1,157.86,completed,2026-07-17 12:34:00
101550,41,12,5,819.4,completed,2026-07-28 06:26:00
101551,52,6,4,223.36,completed,2026-07-22 22:48:00
101552,55,18,5,1955.8,completed,2026-08-01 22:23:00
101553,154,17,3,400.89,completed,2026-07-24 01:54:00
101554,202,16,2,185.8,completed,2026-07-29 14:17:00
101555,168,46,1,478.96,cancelled,2026-07-28 22:03:00
101556,157,9,1,107.54,completed,2026-07-25 07:43:00
101557,63,48,3,1198.23,completed,2026-07-26 11:53:00
101558,140,24,4,1650.96,cancelled,2026-07-31 23:32:00
101559,51,47,2,617.02,cancelled,2026-08-04 07:36:00
101560,177,25,3,1214.31,completed,2026-07-23 14:32:00
101561,65,24,5,2029.95,cancelled,2026-08-03 17:57:00
101562,206,18,4,944.48,completed,2026-07-16 00:16:00
101563,89,15,2,820.48,completed,2026-07-07 18:25:00
101564,89,20,1,218.02,completed,2026-08-09 21:24:00
101565,72,43,5,,completed,2026-07-26 14:58:00
101566,38,13,2,,completed,2026-08-06 22:59:00
101567,37,18,5,1434.1,pending,2026-08-01 16:11:00
101568,27,49,5,961.7,pending,2026-07-18 08:41:00
101569,201,2,2,57.62,completed,2026-07-19 13:37:00
101570,172,30,3,1347.06,completed,2026-07-18 18:43:00
101571,201,40,5,1725.2,pending,2026-08-04 08:15:00
101572,56,20,2,958.6,completed,2026-07-08 09:47:00
101573,17,34,1,,completed,2026-07-12 02:48:00
101574,115,38,3,373.2,cancelled,2026-07-22 11:10:00
101575,154,36,3,85.5,completed,2026-07-22 14:12:00
101576,22,36,2,74.64,completed,2026-07-10 22:35:00
101577,46,13,3,1058.61,cancelled,2026-07-04 04:50:00
101578,122,11,1,277.94,completed,2026-07-31 16:09:00
101579,76,38,1,,completed,2026-07-22 11:56:00
101580,85,29,4,1114.2,completed,2026-07-05 20:54:00
101581,23,48,5,523.95,completed,2026-08-08 11:45:00
101582,43,34,1,329.31,cancelled,2026-07-13 16:53:00
101583,7,37,3,767.58,pending,2026-07-14 06:19:00
101584,121,22,1,296.41,pending,2026-07-11 22:56:00
101585,155,47,2,185.52,cancelled,2026-07-22 04:32:00
101586,62,24,1,404.93,completed,2026-07-07 15:42:00
101587,99,17,4,308.24,completed,2026-07-13 12:16:00
101588,49,46,1,223.29,completed,2026-07-19 18:43:00
101589,76,27,4,1079.52,completed,2026-07-26 18:57:00
101590,156,9,3,1270.47,completed,2026-07-26 18:00:00
101591,55,10,4,1274.96,cancelled,2026-08-04 15:41:00
101592,90,7,1,31.78,completed,2026-07-20 04:14:00
101593,210,32,5,699.95,completed,2026-07-13 12:44:00
101594,66,32,2,622.96,completed,2026-07-16 01:51:00
101595,144,11,3,1021.32,cancelled,2026-07-14 01:00:00
101596,116,28,1,50.41,completed,2026-08-10 16:50:00
101597,151,46,3,756.81,completed,2026-07-19 18:54:00
101598,158,11,3,782.1,completed,2026-08-07 14:02:00
101599,147,16,3,1415.85,completed,2026-07-16 19:37:00
101600,90,44,3,1186.86,completed,2026-08-01 20:41:00
101601,64,48,4,1026.52,completed,2026-07-20 23:01:00
101602,26,28,4,730.68,completed,2026-07-24 17:55:00
101603,68,33,3,867.3,completed,2026-07-09 10:20:00
101604,100,49,1,104.63,completed,2026-07-03 02:13:00
101605,86,24,3,391.86,completed,2026-08-03 12:51:00
101606,73,14,2,945.9,completed,2026-07-30 12:58:00
101607,149,30,3,67.08,completed,2026-07-21 22:40:00
101608,48,39,2,841.54,pending,2026-07-26 05:21:00
101609,198,5,4,1531.6,completed,2026-08-05 02:00:00
101610,55,33,2,581.32,completed,2026-07-30 16:16:00
101611,97,38,2,471.3,completed,2026-07-11 12:07:00
101612,52,13,2,144.7,completed,2026-08-04 11:58:00
101613,61,31,5,1739.75,completed,2026-07-03 11:36:00
101614,115,39,1,326.15,cancelled,2026-08-08 13:14:00
101615,103,34,3,270.27,completed,2026-08-03 16:40:00
101616,15,43,4,527.16,pending,2026-08-01 18:44:00
101617,19,27,4,1052.2,completed,2026-07-17 12:07:00
101618,101,10,5,400.95,completed,2026-08-08 16:40:00
101619,14,41,2,883.42,completed,2026-07-21 09:35:00
101620,154,15,1,175.74,completed,2026-07-26 20:42:00
101621,167,45,5,2361.15,completed,2026-08-10 23:06:00
101622,57,29,4,460.4,pending,2026-08-05 10:19:00
101623,154,40,5,942.2,completed,2026-07-13 01:19:00
101624,73,21,1,265.0,completed,2026-07-07 14:04:00
101625,61,3,3,,completed,2026-07-17 03:34:00
101626,6,25,5,251.4,cancelled,2026-07-16 16:24:00
101627,155,5,4,1461.24,completed,2026-07-24 16:15:00
101628,78,21,4,1070.28,completed,2026-07-13 04:40:00
101629,55,9,5,356.05,cancelled,2026-08-03 06:18:00
101630,7,3,1,,completed,2026-07-23 12:06:00
101631,115,21,3,,completed,2026-08-10 05:00:00
101632,210,43,4,1044.56,completed,2026-08-04 20:40:00
101633,59,36,4,272.4,completed,2026-08-09 19:29:00
101634,135,6,1,351.81,completed,2026-07-23 00:48:00
101635,183,25,1,416.18,completed,2026-07-05 17:15:00
101636,4,47,5,2484.85,completed,2026-07-20 13:41:00
101637,152,28,3,152.37,cancelled,2026-08-08 18:49:00
101638,50,21,4,1775.28,cancelled,2026-07-02 18:00:00
101639,65,33,3,187.2,completed,2026-07-29 18:56:00
101640,40,28,1,169.02,completed,2026-08-01 09:04:00
101641,146,28,4,1230.6,completed,2026-08-09 19:55:00
101642,181,45,4,1504.44,completed,2026-08-03 17:48:00
101643,34,42,5,2393.2,cancelled,2026-08-07 19:28:00
101644,50,8,3,446.64,completed,2026-07-25 17:23:00
101645,94,41,5,1015.2,completed,2026-08-10 20:12:00
101646,129,17,3,67.35,completed,2026-07-15 14:31:00
101647,193,5,5,1284.1,cancelled,2026-07-17 10:14:00
101648,40,19,2,899.72,completed,2026-07-15 07:23:00
101649,196,24,2,439.84,completed,2026-07-17 16:00:00
101650,48,18,1,187.22,completed,2026-07-19 13:29:00
101651,58,16,5,1833.4,completed,2026-07-01 10:08:00
101652,172,16,5,411.0,completed,2026-08-09 00:19:00
101653,62,33,3,1247.07,completed,2026-07-03 05:20:00
101654,52,20,4,1491.4,completed,2026-07-14 05:09:00
101655,96,46,5,351.9,completed,2026-07-14 03:04:00
101656,118,12,1,63.0,completed,2026-07-31 23:28:00
101657,162,14,4,980.8,completed,2026-08-10 09:21:00
101658,189,7,1,49.98,completed,2026-07-17 18:39:00
101659,41,1,2,327.14,completed,2026-07-13 01:12:00
101660,174,19,2,600.78,completed,2026-07-05 10:32:00
101661,97,6,5,1768.7,completed,2026-07-03 02:14:00
101662,186,22,3,243.24,completed,2026-08-04 20:56:00
101663,108,29,5,1185.75,completed,2026-07-22 23:47:00
101664,128,41,4,167.28,completed,2026-07-20 23:35:00
101665,30,22,3,773.73,completed,2026-07-25 13:57:00
101666,134,21,5,1940.35,completed,2026-08-04 16:51:00
101667,197,36,1,493.52,completed,2026-08-06 06:08:00
101668,58,13,2,12.92,completed,2026-08-07 10:31:00
101669,15,17,3,254.61,pending,2026-07-03 15:56:00
101670,111,5,4,,completed,2026-07-04 01:42:00
101671,40,14,2,931.64,completed,2026-08-02 01:27:00
101672,141,46,2,581.12,completed,2026-08-10 10:34:00
101673,177,43,5,459.8,cancelled,2026-07-26 12:12:00
101674,17,28,3,37.08,cancelled,2026-07-08 16:32:00
101675,43,26,2,849.74,completed,2026-07-28 00:11:00
101676,108,16,5,220.75,completed,2026-07-03 21:06:00
101677,34,50,3,235.95,completed,2026-08-05 14:09:00
101678,137,39,4,123.96,completed,2026-07-01 07:31:00
101679,104,47,3,1216.29,completed,2026-08-06 22:13:00
101680,45,48,4,1129.2,pending,2026-07-22 05:06:00
101681,92,15,1,272.57,completed,2026-07-14 22:49:00
101682,39,31,4,749.96,pending,2026-07-23 14:49:00
101683,191,36,5,1846.55,cancelled,2026-07-17 18:22:00
101684,40,21,4,1106.84,completed,2026-07-21 02:52:00
101685,4,28,4,1618.92,completed,2026-07-15 11:30:00
101686,54,21,3,742.89,cancelled,2026-07-10 11:37:00
101687,78,42,1,441.47,completed,2026-07-24 14:40:00
101688,120,49,1,279.92,completed,2026-07-08 15:42:00
101689,85,33,4,53.96,completed,2026-07-18 20:01:00
101690,88,4,2,936.48,completed,2026-08-10 17:59:00
101691,121,23,2,534.26,completed,2026-08-06 06:05:00
101692,13,40,5,1072.45,cancelled,2026-08-04 05:34:00
101693,184,44,2,997.56,completed,2026-07-19 06:10:00
101694,14,23,5,2181.75,completed,2026-07-26 12:02:00
101695,36,3,5,961.35,completed,2026-07-26 16:16:00
101696,42,18,1,376.46,completed,2026-07-28 20:42:00
101697,197,25,4,1497.04,completed,2026-08-10 08:37:00
101698,168,5,5,1574.1,cancelled,2026-07-09 18:28:00
101699,70,28,1,151.69,cancelled,2026-07-16 17:02:00
101700,158,49,1,43.61,completed,2026-07-02 05:28:00
101701,22,48,2,801.9,completed,2026-07-11 16:45:00
101702,135,21,5,748.55,completed,2026-07-03 18:03:00
101703,26,50,2,854.96,completed,2026-07-05 06:48:00
101704,42,47,3,1083.03,completed,2026-07-28 20:14:00
101705,63,43,5,498.55,cancelled,2026-07-12 01:08:00
101706,166,4,1,365.37,completed,2026-08-03 19:01:00
101707,13,27,1,11.42,completed,2026-08-07 06:11:00
101708,182,42,1,25.16,completed,2026-08-08 06:45:00
101709,6,49,3,1493.1,completed,2026-08-04 03:50:00
101710,17,20,5,2436.8,completed,2026-07-28 17:21:00
101711,98,11,1,194.6,completed,2026-07-16 14:29:00
101712,175,4,2,983.56,completed,2026-07-31 18:04:00
101713,16,50,5,1825.4,completed,2026-07-19 07:11:00
101714,152,18,5,1505.75,cancelled,2026-07-27 07:09:00
101715,104,38,1,215.69,completed,2026-08-07 17:59:00
101716,128,37,2,34.96,completed,2026-07-13 14:23:00
101717,51,32,2,495.68,completed,2026-07-04 12:28:00
101718,19,24,2,307.52,completed,2026-07-11 10:34:00
101719,110,50,4,1242.12,completed,2026-07-07 14:42:00
101720,15,20,5,580.15,cancelled,2026-07-09 20:39:00
101721,151,11,3,983.79,completed,2026-07-30 13:21:00
101722,64,30,5,1095.6,completed,2026-07-25 22:52:00
101723,77,47,2,233.86,completed,2026-07-17 11:33:00
101724,34,26,4,733.12,completed,2026-07-26 14:54:00
101725,99,13,4,531.76,completed,2026-07-29 04:53:00
101726,6,43,4,1063.56,completed,2026-08-06 13:41:00
101727,138,13,4,949.24,completed,2026-07-04 21:32:00
101728,178,3,1,395.48,completed,2026-07-28 15:19:00
101729,50,49,2,221.42,completed,2026-07-31 08:53:00
101730,142,11,2,659.22,completed,2026-08-01 12:19:00
101731,65,18,1,342.73,completed,2026-07-16 23:41:00
101732,52,26,5,,cancelled,2026-07-01 08:29:00
101733,2,30,5,2096.15,pending,2026-08-09 06:45:00
101734,14,10,2,618.88,completed,2026-07-26 01:30:00
101735,51,11,2,844.78,pending,2026-07-20 14:38:00
101736,139,1,1,404.33,completed,2026-07-10 20:14:00
101737,200,13,4,1033.32,completed,2026-07-08 10:53:00
101738,126,47,2,308.2,pending,2026-07-02 11:04:00
101739,57,20,2,319.66,completed,2026-07-04 08:40:00
101740,199,50,1,459.72,cancelled,2026-07-13 22:24:00
101741,154,29,1,139.2,completed,2026-08-05 00:37:00
101742,124,46,1,400.7,completed,2026-08-09 20:56:00
101743,49,49,2,23.32,completed,2026-07-04 09:44:00
101744,104,27,3,974.34,completed,2026-07-24 17:07:00
101745,146,12,1,223.85,pending,2026-07-13 00:27:00
101746,156,29,4,1987.96,completed,2026-07-22 14:43:00
101747,146,30,3,1330.8,completed,2026-07-31 05:14:00
101748,94,19,1,457.43,completed,2026-07-28 23:35:00
101749,43,15,5,563.9,cancelled,2026-07-05 10:36:00
101750,129,26,2,168.06,completed,2026-07-16 01:20:00
101751,35,17,3,989.61,completed,2026-07-21 11:50:00
101752,208,31,4,1832.88,cancelled,2026-07-13 12:15:00
101753,82,4,1,62.35,completed,2026-07-09 12:15:00
101754,153,47,5,68.35,completed,2026-08-10 11:01:00
101755,166,37,2,797.4,completed,2026-08-01 06:18:00
101756,47,3,3,1062.21,completed,2026-07-02 22:19:00
101757,177,8,3,362.31,completed,2026-07-04 23:34:00
101758,167,11,1,477.01,completed,2026-08-06 09:03:00
101759,177,2,4,1484.36,completed,2026-07-20 08:15:00
101760,208,33,1,16.97,completed,2026-08-07 12:44:00
101761,108,21,1,435.25,completed,2026-07-11 22:13:00
101762,205,32,1,411.99,completed,2026-07-13 21:52:00
101763,190,6,3,622.59,completed,2026-07-12 08:56:00
101764,30,31,5,1844.0,completed,2026-08-03 19:25:00
101765,136,48,2,644.28,cancelled,2026-08-03 22:12:00
101766,114,39,1,441.6,completed,2026-07-31 10:22:00
101767,21,30,1,201.52,completed,2026-08-03 23:12:00
101768,27,42,3,1410.45,completed,2026-08-03 10:29:00
101769,75,43,4,1592.88,completed,2026-07-01 15:38:00
101770,49,34,3,498.69,completed,2026-07-10 00:06:00
101771,60,4,1,99.73,completed,2026-08-04 14:31:00
101772,16,41,3,366.96,completed,2026-07-11 10:13:00
101773,96,39,5,618.45,cancelled,2026-07-23 00:05:00
101774,158,21,5,620.65,completed,2026-07-16 09:14:00
101775,68,38,2,981.26,completed,2026-08-07 09:33:00
101776,36,37,4,826.4,completed,2026-07-29 04:09:00
101777,48,5,2,594.58,completed,2026-07-15 16:33:00
101778,191,12,4,161.08,cancelled,2026-07-22 12:09:00
101779,184,18,5,1720.2,cancelled,2026-08-10 10:48:00
101780,109,49,3,1189.62,completed,2026-08-08 14:09:00
101781,9,41,2,918.68,pending,2026-07-29 03:11:00
101782,184,49,5,712.0,completed,2026-07-13 02:06:00
101783,127,9,5,1451.35,completed,2026-07-12 07:55:00
101784,70,13,1,146.33,cancelled,2026-07-29 13:17:00
101785,189,20,3,1313.22,pending,2026-07-25 20:00:00
101786,2,10,3,475.32,cancelled,2026-07-03 02:19:00
101787,74,17,5,1087.65,completed,2026-08-09 21:53:00
101788,99,47,2,620.02,completed,2026-07-17 13:01:00
101789,77,24,4,1207.64,completed,2026-07-29 15:38:00
101790,125,15,2,42.7,completed,2026-08-04 01:23:00
101791,193,50,2,296.82,completed,2026-07-14 01:15:00
101792,133,22,1,299.23,completed,2026-07-03 04:21:00
101793,52,28,4,1091.4,completed,2026-07-28 05:59:00
101794,3,8,5,571.65,pending,2026-07-10 05:26:00
101795,173,2,1,457.98,completed,2026-07-24 14:18:00
101796,160,9,3,991.29,completed,2026-07-20 11:20:00
101797,107,3,2,586.84,pending,2026-07-21 10:54:00
101798,15,15,4,236.12,completed,2026-08-04 16:20:00
101799,38,18,3,1082.94,completed,2026-07-11 21:50:00
101800,166,44,2,678.1,cancelled,2026-07-15 10:29:00
101801,166,49,2,945.18,cancelled,2026-07-04 11:21:00
101802,22,6,2,600.28,completed,2026-07-23 21:27:00
101803,127,35,2,346.36,completed,2026-07-28 16:11:00
101804,73,37,3,459.81,cancelled,2026-08-05 04:09:00
101805,13,17,3,148.59,completed,2026-07-06 11:23:00
101806,93,19,1,68.73,completed,2026-07-05 06:47:00
101807,165,15,3,364.68,pending,2026-08-04 13:09:00
101808,196,47,5,2045.65,completed,2026-07-05 14:52:00
101809,90,4,1,334.08,completed,2026-07-25 05:57:00
101810,152,17,4,,completed,2026-08-01 12:28:00
101811,198,10,4,1039.84,completed,2026-07-20 01:02:00
101812,52,5,3,1128.42,cancelled,2026-07-04 20:14:00
101813,84,11,5,1522.7,completed,2026-07-25 17:42:00
101814,19,36,4,520.84,completed,2026-07-15 07:52:00
101815,105,16,5,,completed,2026-07-28 09:17:00
101816,188,45,5,1682.65,completed,2026-08-06 13:03:00
101817,107,24,3,596.46,cancelled,2026-07-26 13:21:00
101818,188,35,3,162.36,completed,2026-07-06 07:18:00
101819,49,45,1,207.3,completed,2026-07-27 21:28:00
101820,122,14,5,2205.85,completed,2026-07-02 21:19:00
101821,131,20,4,1170.92,completed,2026-07-26 09:27:00
101822,203,21,2,848.24,completed,2026-07-22 03:23:00
101823,9,31,3,399.09,completed,2026-08-06 13:42:00
101824,49,5,3,1470.45,completed,2026-07-17 19:51:00
101825,123,22,5,1947.45,pending,2026-07-15 14:20:00
101826,134,34,1,233.81,completed,2026-07-02 05:58:00
101827,183,21,5,60.3,completed,2026-07-25 07:25:00
101828,180,24,2,243.72,completed,2026-07-28 04:18:00
101829,90,42,5,775.3,pending,2026-07-25 10:46:00
101830,196,13,3,,cancelled,2026-07-21 16:07:00
101831,58,21,2,549.66,completed,2026-07-02 15:16:00
101832,66,24,3,937.29,cancelled,2026-07-01 01:20:00
101833,39,10,2,460.52,completed,2026-07-09 18:07:00
101834,114,31,1,93.96,completed,2026-07-14 22:09:00
101835,180,11,1,288.28,cancelled,2026-07-26 10:24:00
101836,22,3,2,418.24,completed,2026-07-20 17:41:00
101837,169,15,1,333.88,pending,2026-07-29 12:26:00
101838,114,6,5,2151.75,completed,2026-07-10 17:39:00
101839,141,45,4,1560.84,completed,2026-07-24 06:26:00
101840,115,14,2,814.32,completed,2026-08-05 02:38:00
101841,148,12,4,217.64,completed,2026-08-09 02:09:00
101842,10,40,3,586.41,completed,2026-07-18 16:38:00
101843,26,38,2,407.24,completed,2026-07-08 00:03:00
101844,108,3,4,102.64,completed,2026-07-25 14:24:00
101845,99,48,3,981.39,completed,2026-07-17 11:00:00
101846,135,29,3,426.57,completed,2026-07-02 18:24:00
101847,180,15,5,2050.35,completed,2026-07-03 00:14:00
101848,140,35,2,83.12,completed,2026-07-21 07:48:00
101849,115,1,4,948.52,completed,2026-07-13 09:36:00
101850,168,5,3,436.02,completed,2026-07-15 02:22:00
101851,100,47,4,1197.44,completed,2026-07-13 09:29:00
101852,147,18,4,176.52,completed,2026-08-05 04:31:00
101853,72,27,5,925.65,completed,2026-07-04 05:37:00
101854,167,46,1,418.15,completed,2026-07-29 10:44:00
101855,25,20,4,1661.52,completed,2026-07-15 15:15:00
101856,176,16,3,440.1,cancelled,2026-07-14 16:57:00
101857,80,21,2,944.4,completed,2026-07-15 07:02:00
101858,61,45,5,1441.05,completed,2026-08-08 21:14:00
101859,99,14,3,1490.97,completed,2026-07-15 06:07:00
101860,60,48,3,617.49,completed,2026-07-11 01:01:00
101861,31,45,1,151.01,completed,2026-07-18 18:05:00
101862,4,15,3,269.91,completed,2026-08-10 14:32:00
101863,179,24,5,814.45,completed,2026-07-26 22:16:00
101864,108,27,5,2473.1,completed,2026-07-07 09:29:00
101865,89,14,4,667.48,completed,2026-07-23 04:28:00
101866,190,43,4,1773.16,completed,2026-07-06 12:05:00
101867,197,6,5,250.3,completed,2026-07-11 14:23:00
101868,167,10,2,222.1,completed,2026-07-06 07:26:00
101869,12,8,2,,completed,2026-07-04 10:29:00
101870,180,47,4,135.08,completed,2026-08-01 23:39:00
101871,111,21,4,704.04,completed,2026-07-16 04:01:00
101872,53,35,2,386.28,completed,2026-07-28 00:06:00
101873,60,42,2,799.78,completed,2026-07-22 17:12:00
101874,164,20,4,1176.52,completed,2026-07-08 04:49:00
101875,49,18,5,492.25,completed,2026-07-29 04:26:00
101876,132,7,4,1935.2,completed,2026-07-27 20:22:00
101877,156,16,1,146.15,completed,2026-08-08 06:31:00
101878,122,32,3,423.69,completed,2026-07-02 08:05:00
101879,28,15,4,970.0,completed,2026-07-13 15:59:00
101880,108,17,1,193.29,completed,2026-07-02 02:43:00
101881,200,49,5,2446.35,completed,2026-08-01 00:23:00
101882,119,13,1,42.55,completed,2026-08-08 08:53:00
101883,13,31,2,327.28,completed,2026-07-20 04:22:00
101884,185,33,3,57.45,completed,2026-07-19 09:23:00
101885,157,8,3,1066.11,completed,2026-07-21 23:46:00
101886,128,45,5,2159.7,completed,2026-08-09 02:37:00
101887,46,42,4,609.92,completed,2026-08-02 14:34:00
101888,89,2,3,816.9,completed,2026-07-04 09:47:00
101889,86,16,3,560.07,completed,2026-07-15 09:30:00
101890,68,6,3,149.28,completed,2026-07-03 07:02:00
101891,19,36,4,761.44,completed,2026-07-11 04:39:00
101892,4,25,3,225.06,completed,2026-07-31 13:26:00
101893,162,22,3,849.54,pending,2026-07-20 13:52:00
101894,99,27,1,184.14,completed,2026-07-30 13:41:00
101895,24,48,4,1575.84,completed,2026-07-23 01:58:00
101896,117,33,3,215.28,completed,2026-07-04 03:26:00
101897,204,29,3,694.14,completed,2026-07-10 08:19:00
101898,138,28,3,1419.33,completed,2026-07-17 12:36:00
101899,90,8,4,1534.88,completed,2026-07-25 00:10:00
101900,179,12,5,873.55,completed,2026-08-09 14:54:00
101901,11,40,5,1300.2,cancelled,2026-08-10 03:31:00
101902,6,45,3,1239.15,completed,2026-08-05 22:35:00
101903,121,32,4,1569.6,completed,2026-08-01 16:17:00
101904,172,39,2,929.78,cancelled,2026-07-03 13:07:00
101905,136,2,5,650.75,completed,2026-07-19 18:55:00
101906,84,26,2,783.72,completed,2026-07-04 15:43:00
101907,176,45,3,471.15,completed,2026-07-06 03:01:00
101908,47,32,1,322.32,cancelled,2026-08-03 17:27:00
101909,30,2,2,717.34,cancelled,2026-08-05 00:55:00
101910,86,20,5,2234.95,completed,2026-07-13 08:33:00
101911,205,32,5,2474.05,completed,2026-07-26 11:35:00
101912,103,33,1,105.4,completed,2026-07-04 01:46:00
101913,24,16,2,386.14,completed,2026-08-07 12:27:00
101914,198,9,2,657.96,completed,2026-08-04 16:16:00
101915,196,13,2,781.5,completed,2026-07-26 23:17:00
101916,200,15,1,140.17,completed,2026-07-19 12:13:00
101917,134,22,4,408.4,cancelled,2026-08-06 06:45:00
101918,101,23,1,356.16,completed,2026-07-30 14:00:00
101919,185,19,4,1677.16,completed,2026-08-02 22:29:00
101920,51,29,2,298.58,completed,2026-07-01 08:06:00
101921,34,25,4,153.52,completed,2026-07-14 11:15:00
101922,179,47,4,1498.2,completed,2026-07-06 12:52:00
101923,48,7,4,822.04,pending,2026-07-04 03:15:00
101924,99,4,2,423.9,pending,2026-07-11 21:55:00
101925,135,12,5,2363.2,completed,2026-07-10 00:02:00
101926,87,49,1,128.32,completed,2026-07-08 10:08:00
101927,99,43,4,509.96,cancelled,2026-08-09 14:51:00
101928,87,22,3,865.11,cancelled,2026-07-01 08:49:00
101929,40,11,5,1731.7,completed,2026-07-18 20:23:00
101930,157,14,5,2165.55,completed,2026-07-06 17:23:00
101931,61,36,1,496.91,completed,2026-07-09 06:04:00
101932,189,38,1,276.41,completed,2026-07-11 01:37:00
101933,199,16,2,995.78,completed,2026-07-18 09:14:00
101934,187,23,4,1190.04,completed,2026-07-23 00:59:00
101935,186,39,3,796.2,completed,2026-08-06 19:02:00
101936,112,49,5,860.75,completed,2026-08-02 23:52:00
101937,154,25,1,386.2,completed,2026-07-02 02:03:00
101938,78,43,1,215.19,completed,2026-07-08 17:26:00
101939,76,6,3,376.83,completed,2026-07-06 09:40:00
101940,67,21,2,763.52,completed,2026-07-23 09:05:00
101941,58,25,4,226.48,cancelled,2026-07-15 04:46:00
101942,9,10,3,868.2,completed,2026-08-02 16:33:00
101943,67,13,5,1998.4,completed,2026-07-16 06:52:00
101944,194,36,4,1452.04,completed,2026-07-13 19:59:00
101945,58,14,4,59.44,completed,2026-07-09 15:37:00
101946,94,19,3,1276.11,completed,2026-08-03 21:17:00
101947,64,49,3,1096.95,completed,2026-07-27 23:13:00
101948,71,12,1,227.17,completed,2026-07-12 06:10:00
101949,32,39,4,1834.92,completed,2026-07-25 07:21:00
101950,106,21,5,234.85,completed,2026-07-18 10:36:00
101951,124,14,1,65.13,cancelled,2026-07-21 07:52:00
101952,85,13,4,1692.04,pending,2026-07-14 17:22:00
101953,117,30,4,1303.0,pending,2026-08-10 00:06:00
101954,52,10,1,486.3,completed,2026-07-31 00:50:00
101955,113,13,2,83.3,completed,2026-07-07 16:48:00
101956,138,47,5,1826.35,completed,2026-07-24 06:36:00
101957,57,39,2,73.9,completed,2026-07-09 14:51:00
101958,85,48,2,124.62,cancelled,2026-07-12 23:25:00
101959,208,3,4,978.8,completed,2026-08-07 17:20:00
101960,202,47,3,292.92,completed,2026-07-18 13:26:00
101961,96,34,3,277.59,completed,2026-07-12 16:16:00
101962,95,12,4,1260.32,completed,2026-08-01 02:03:00
101963,161,5,5,2003.15,completed,2026-07-20 04:09:00
101964,19,21,1,165.43,completed,2026-07-28 00:40:00
101965,20,29,1,,completed,2026-07-15 17:11:00
101966,31,31,5,79.75,completed,2026-07-15 00:53:00
101967,11,10,4,1025.16,completed,2026-07-15 23:15:00
101968,92,32,2,727.28,completed,2026-07-13 21:41:00
101969,193,28,3,1108.89,completed,2026-07-28 15:11:00
101970,80,16,4,1132.96,completed,2026-07-19 17:53:00
101971,192,14,4,144.96,completed,2026-07-13 12:27:00
101972,50,4,5,1417.35,completed,2026-08-10 01:57:00
101973,60,25,2,428.06,completed,2026-07-02 11:09:00
101974,164,1,4,1766.4,completed,2026-07-07 17:38:00
101975,30,43,2,738.3,completed,2026-07-16 07:24:00
101976,178,40,3,61.65,completed,2026-07-15 03:34:00
101977,34,48,4,959.36,completed,2026-07-12 01:02:00
101978,180,42,2,999.28,completed,2026-07-28 16:51:00
101979,14,42,3,635.67,pending,2026-07-03 15:24:00
101980,203,38,4,154.64,cancelled,2026-07-23 20:35:00
101981,209,20,5,695.3,completed,2026-07-05 07:16:00
101982,140,12,4,1006.72,completed,2026-08-07 05:32:00
101983,121,49,4,827.32,completed,2026-08-02 03:11:00
101984,33,33,2,25.6,completed,2026-08-01 11:22:00
101985,131,17,5,,cancelled,2026-07-17 14:19:00
101986,132,41,3,1449.03,completed,2026-07-19 14:05:00
101987,150,35,5,1735.9,completed,2026-07-28 03:29:00
101988,172,39,4,397.32,completed,2026-07-25 18:38:00
101989,136,2,4,765.2,completed,2026-08-03 23:54:00
101990,93,40,2,999.92,completed,2026-07-01 19:16:00
101991,47,44,1,108.55,pending,2026-07-26 12:09:00
101992,205,49,4,819.8,completed,2026-07-30 23:42:00
101993,191,40,3,548.58,completed,2026-07-05 15:00:00
101994,42,23,2,200.72,completed,2026-07-21 21:53:00
101995,116,15,1,188.82,completed,2026-08-08 10:15:00
101996,48,27,3,1420.38,pending,2026-08-03 05:21:00
101997,60,39,3,,completed,2026-07-24 10:37:00
101998,65,21,5,2356.45,cancelled,2026-07-24 02:43:00
101999,123,22,2,868.32,completed,2026-07-12 04:30:00
102000,80,19,3,985.89,completed,2026-07-28 12:31:00
102001,48,10,5,1232.05,completed,2026-07-31 10:03:00
102002,204,1,4,1483.6,completed,2026-07-26 11:21:00
102003,196,36,2,662.8,completed,2026-08-03 13:34:00
102004,132,14,2,372.28,cancelled,2026-07-30 07:36:00
102005,158,45,4,1941.04,completed,2026-07-06 15:35:00
102006,114,48,3,993.3,pending,2026-07-22 21:41:00
102007,156,38,5,2477.8,completed,2026-08-07 14:52:00
102008,207,31,5,2455.1,completed,2026-07-16 12:19:00
102009,107,21,5,854.9,completed,2026-07-03 17:37:00
102010,167,1,3,171.93,completed,2026-08-04 19:17:00
102011,41,17,1,165.83,completed,2026-07-13 20:23:00
102012,171,40,1,280.56,completed,2026-07-30 19:56:00
102013,174,8,5,1008.25,completed,2026-07-12 11:09:00
102014,92,24,3,959.76,completed,2026-08-02 20:41:00
102015,143,35,5,1255.5,completed,2026-07-20 11:52:00
102016,186,4,4,559.44,cancelled,2026-07-14 05:15:00
102017,45,45,2,173.88,cancelled,2026-07-24 18:16:00
102018,179,28,2,867.16,completed,2026-08-01 17:24:00
102019,13,19,2,299.38,completed,2026-08-04 06:29:00
102020,72,14,4,1208.6,completed,2026-08-01 22:07:00
102021,33,8,5,327.05,completed,2026-07-20 00:08:00
102022,200,29,3,766.92,cancelled,2026-07-13 08:56:00
102023,173,29,3,187.77,completed,2026-07-06 12:26:00
102024,107,1,3,1293.39,cancelled,2026-07-24 10:26:00
102025,193,47,1,107.91,completed,2026-07-26 04:05:00
102026,187,40,1,,completed,2026-07-07 21:48:00
102027,182,15,2,988.5,completed,2026-07-03 11:31:00
102028,40,47,4,87.96,completed,2026-07-14 15:52:00
102029,133,18,2,917.7,completed,2026-07-07 19:58:00
102030,103,40,4,903.04,cancelled,2026-07-23 02:45:00
102031,129,31,1,323.49,completed,2026-07-01 02:31:00
102032,64,47,1,172.05,cancelled,2026-08-10 01:53:00
102033,129,1,1,382.95,completed,2026-08-07 00:16:00
102034,84,3,3,1022.94,completed,2026-07-04 08:48:00
102035,88,1,5,969.55,completed,2026-07-15 17:39:00
102036,49,18,4,944.56,completed,2026-07-09 01:15:00
102037,12,16,4,1356.12,completed,2026-08-05 03:44:00
102038,15,11,2,925.58,completed,2026-07-16 09:01:00
102039,88,41,2,279.46,completed,2026-07-30 16:29:00
102040,97,42,3,1396.29,completed,2026-08-04 09:27:00
102041,66,13,5,1494.25,completed,2026-07-07 04:21:00
102042,87,40,5,2187.7,completed,2026-08-07 08:08:00
102043,63,12,1,315.43,completed,2026-08-02 17:52:00
102044,162,16,1,279.49,completed,2026-08-10 12:31:00
102045,125,44,2,627.96,completed,2026-07-28 11:28:00
102046,181,22,2,680.42,completed,2026-07-04 04:03:00
102047,66,12,3,520.26,completed,2026-07-31 14:05:00
102048,58,8,1,490.72,completed,2026-08-05 11:17:00
102049,135,25,5,511.35,completed,2026-07-12 01:10:00
102050,79,20,4,1210.92,completed,2026-07-29 08:58:00
102051,111,48,4,1421.04,completed,2026-07-09 23:19:00
102052,30,44,1,32.49,completed,2026-07-27 10:11:00
102053,59,27,4,451.8,completed,2026-07-21 14:24:00
102054,154,33,4,651.8,pending,2026-08-04 21:20:00
102055,110,20,1,371.66,completed,2026-07-01 11:50:00
102056,47,38,5,485.2,pending,2026-08-04 02:03:00
102057,164,46,1,459.08,completed,2026-08-03 04:56:00
102058,62,28,3,861.42,completed,2026-07-31 11:02:00
102059,190,20,5,314.5,cancelled,2026-07-19 21:22:00
102060,145,35,5,1429.75,completed,2026-08-02 10:21:00
102061,137,15,4,343.08,completed,2026-07-24 14:24:00
102062,62,48,2,36.08,completed,2026-08-03 09:02:00
102063,122,15,1,102.78,completed,2026-08-02 19:40:00
102064,130,37,3,107.46,completed,2026-07-29 04:19:00
102065,171,29,4,1838.0,completed,2026-07-30 17:37:00
102066,180,30,5,780.0,completed,2026-07-16 13:29:00
102067,134,48,2,49.24,completed,2026-08-03 05:59:00
102068,209,33,3,1124.61,cancelled,2026-08-03 23:47:00
102069,42,25,5,937.9,cancelled,2026-07-25 01:50:00
102070,176,13,3,317.52,completed,2026-07-06 07:25:00
102071,137,50,4,397.52,completed,2026-07-10 12:04:00
102072,120,2,3,837.96,completed,2026-07-14 03:11:00
102073,150,47,5,986.0,cancelled,2026-07-01 04:40:00
102074,111,28,5,2197.6,completed,2026-07-28 15:54:00
102075,55,28,4,930.04,completed,2026-07-16 15:41:00
102076,106,27,5,1028.5,completed,2026-08-06 15:42:00
102077,78,41,5,1472.45,completed,2026-07-13 10:56:00
102078,165,29,5,1919.65,cancelled,2026-07-09 04:45:00
102079,1,49,5,1956.75,completed,2026-07-05 18:50:00
102080,89,27,2,943.92,completed,2026-07-15 20:49:00
102081,196,31,3,,completed,2026-07-10 21:56:00
102082,193,18,2,119.2,completed,2026-07-26 03:46:00
102083,131,24,1,157.61,completed,2026-07-16 21:05:00
102084,33,6,3,1333.86,pending,2026-07-27 23:32:00
102085,36,28,1,418.9,pending,2026-07-29 18:42:00
102086,81,36,2,883.14,completed,2026-07-05 17:23:00
102087,14,20,1,366.86,completed,2026-07-25 18:55:00
102088,110,20,1,338.94,completed,2026-07-25 23:40:00
102089,46,15,2,20.38,completed,2026-07-18 12:23:00
102090,207,20,1,478.01,completed,2026-07-14 12:37:00
102091,145,10,2,906.4,completed,2026-08-03 00:59:00
102092,146,29,1,401.04,pending,2026-07-19 21:01:00
102093,30,9,2,821.5,pending,2026-08-10 15:34:00
102094,81,33,5,538.6,completed,2026-07-26 02:29:00
102095,31,28,1,56.62,completed,2026-07-04 14:51:00
102096,100,27,2,60.32,completed,2026-08-08 07:08:00
102097,65,22,3,1462.47,pending,2026-08-08 02:02:00
102098,35,48,4,1959.8,completed,2026-08-04 10:15:00
102099,84,45,5,871.25,completed,2026-07-03 02:19:00
102100,183,24,1,346.37,pending,2026-08-03 12:06:00
102101,119,28,4,1140.52,completed,2026-08-08 13:38:00
102102,100,45,3,513.87,completed,2026-08-08 22:12:00
102103,44,38,3,1319.34,completed,2026-07-01 13:43:00
102104,166,34,5,1233.35,pending,2026-07-20 11:15:00
102105,136,18,4,1521.48,completed,2026-07-07 01:54:00
102106,93,6,5,1391.25,completed,2026-07-12 14:47:00
102107,130,49,5,399.35,completed,2026-07-20 08:48:00
102108,111,27,3,695.43,completed,2026-07-07 13:19:00
102109,136,17,3,824.64,completed,2026-08-07 10:50:00
102110,72,32,5,1629.8,completed,2026-07-05 02:00:00
102111,66,16,2,594.96,cancelled,2026-08-07 20:32:00
102112,68,42,1,163.19,completed,2026-08-02 23:53:00
102113,33,32,2,732.2,cancelled,2026-07-03 15:53:00
102114,119,28,2,131.32,cancelled,2026-07-13 22:13:00
102115,100,46,4,1184.28,completed,2026-07-10 06:36:00
102116,189,46,4,1549.72,completed,2026-07-31 09:10:00
102117,157,2,2,183.44,completed,2026-07-10 17:36:00
102118,122,16,5,948.0,completed,2026-07-08 12:22:00
102119,150,43,4,1495.96,completed,2026-07-19 14:03:00
102120,144,11,2,342.3,cancelled,2026-07-22 17:07:00
102121,186,28,3,1373.82,cancelled,2026-07-15 12:40:00
102122,119,31,1,356.92,completed,2026-07-17 17:00:00
102123,23,27,1,200.55,completed,2026-08-08 12:12:00
102124,56,4,2,46.42,completed,2026-07-15 21:52:00
102125,93,12,1,100.91,completed,2026-07-03 08:17:00
102126,209,50,2,302.08,completed,2026-07-29 06:49:00
102127,39,47,5,1343.05,pending,2026-07-01 14:34:00
102128,194,37,2,735.04,completed,2026-08-07 00:31:00
102129,15,33,4,404.56,completed,2026-07-19 10:31:00
102130,205,24,4,1647.56,completed,2026-07-20 04:16:00
102131,2,14,5,1702.65,cancelled,2026-07-01 04:52:00
102132,183,28,3,181.17,cancelled,2026-07-21 20:40:00
102133,166,19,1,90.95,completed,2026-07-10 16:50:00
102134,102,43,1,207.77,completed,2026-07-30 13:33:00
102135,83,1,4,808.2,cancelled,2026-07-10 08:31:00
102136,135,7,2,958.14,completed,2026-07-25 16:02:00
102137,209,6,3,365.85,completed,2026-07-17 21:25:00
102138,47,15,3,1479.33,completed,2026-08-09 12:18:00
102139,155,37,1,368.44,completed,2026-08-08 13:52:00
102140,171,14,5,88.55,pending,2026-08-09 13:12:00
102141,41,37,2,844.04,completed,2026-07-20 06:01:00
102142,132,3,5,325.9,completed,2026-07-09 22:41:00
102143,9,13,5,400.15,completed,2026-07-21 02:45:00
102144,141,27,2,993.3,cancelled,2026-07-23 20:07:00
102145,166,17,2,945.6,completed,2026-07-13 21:41:00
102146,14,3,1,132.54,completed,2026-07-04 06:37:00
102147,113,21,3,196.56,completed,2026-07-11 05:41:00
102148,112,1,4,231.72,completed,2026-07-12 17:59:00
102149,107,18,1,427.0,completed,2026-07-25 01:43:00
102150,144,8,1,,completed,2026-08-01 21:09:00
102151,58,27,2,411.54,completed,2026-08-04 17:04:00
102152,119,23,1,359.5,completed,2026-07-16 06:24:00
102153,173,1,5,329.35,cancelled,2026-07-27 05:08:00
102154,40,15,2,370.22,completed,2026-07-10 04:13:00
102155,111,24,3,,completed,2026-07-24 19:07:00
102156,197,12,5,,completed,2026-07-24 06:29:00
102157,20,43,3,192.81,completed,2026-07-16 11:56:00
102158,138,10,4,,completed,2026-08-06 22:37:00
102159,176,20,2,441.36,completed,2026-07-11 10:48:00
102160,166,37,3,1389.24,completed,2026-08-09 15:11:00
102161,118,50,4,1094.36,pending,2026-07-03 05:10:00
102162,83,22,2,984.14,completed,2026-07-12 03:22:00
102163,82,40,2,48.0,completed,2026-08-01 19:48:00
102164,148,19,1,312.35,completed,2026-07-30 09:14:00
102165,2,30,4,1383.52,completed,2026-07-30 05:18:00
102166,196,41,3,438.18,completed,2026-08-06 05:12:00
102167,56,19,1,18.17,completed,2026-07-29 23:35:00
102168,9,48,5,2268.3,completed,2026-07-09 00:39:00
102169,88,12,5,1419.6,completed,2026-07-17 17:48:00
102170,24,41,1,300.08,completed,2026-08-06 15:27:00
102171,122,28,1,265.09,pending,2026-07-14 07:28:00
102172,2,1,2,53.18,completed,2026-07-31 08:28:00
102173,48,44,1,264.79,completed,2026-08-06 21:29:00
102174,84,26,2,705.72,cancelled,2026-07-31 04:20:00
102175,7,4,1,20.66,completed,2026-07-23 22:17:00
102176,181,38,4,589.8,completed,2026-08-08 22:42:00
102177,33,33,1,439.34,completed,2026-07-06 15:33:00
102178,45,6,1,16.71,pending,2026-07-14 16:39:00
102179,96,30,5,1663.5,completed,2026-08-10 15:37:00
102180,124,50,3,1304.55,cancelled,2026-07-17 06:44:00
102181,178,18,3,357.27,completed,2026-08-07 23:07:00
102182,138,47,5,359.6,completed,2026-07-20 15:59:00
102183,188,25,3,639.9,completed,2026-08-09 08:06:00
102184,18,9,5,736.4,completed,2026-08-04 13:04:00
102185,129,9,3,546.66,completed,2026-08-07 17:40:00
102186,8,18,5,2048.5,cancelled,2026-07-13 13:08:00
102187,205,21,3,1198.44,completed,2026-07-01 22:55:00
102188,201,26,4,1122.52,completed,2026-08-10 14:23:00
102189,143,5,4,1713.88,cancelled,2026-07-05 11:16:00
102190,204,39,5,557.75,cancelled,2026-07-28 15:44:00
102191,172,2,1,421.96,completed,2026-07-17 03:54:00
102192,23,35,1,140.95,completed,2026-07-09 10:12:00
102193,189,33,4,471.8,completed,2026-07-25 21:09:00
102194,170,28,1,21.55,completed,2026-08-08 15:40:00
102195,52,15,3,880.26,completed,2026-07-30 17:04:00
102196,133,33,5,755.5,completed,2026-07-21 14:40:00
102197,12,50,5,982.65,completed,2026-07-23 09:16:00
102198,174,37,4,773.44,completed,2026-07-14 17:58:00
102199,74,42,1,415.19,completed,2026-07-17 23:34:00
102200,149,21,2,915.34,completed,2026-08-05 05:53:00
102201,136,50,1,420.21,completed,2026-07-13 07:18:00
102202,199,22,1,198.25,completed,2026-07-14 21:17:00
102203,159,11,3,889.53,completed,2026-07-23 11:45:00
102204,127,45,4,1190.24,cancelled,2026-07-23 04:30:00
102205,96,42,2,220.16,completed,2026-07-26 15:58:00
102206,153,6,2,405.8,completed,2026-08-05 20:20:00
102207,133,2,3,879.21,completed,2026-08-02 14:56:00
102208,193,44,2,125.54,completed,2026-08-08 05:52:00
102209,148,21,3,513.63,completed,2026-08-05 08:37:00
102210,67,11,5,1643.15,completed,2026-07-25 02:37:00
102211,150,11,5,1240.6,completed,2026-07-22 01:28:00
102212,166,32,2,72.76,cancelled,2026-07-19 22:43:00
102213,60,21,1,419.79,cancelled,2026-07-22 11:41:00
102214,191,44,2,68.68,completed,2026-07-18 23:16:00
102215,135,35,1,353.92,completed,2026-08-01 07:40:00
102216,17,31,1,105.77,cancelled,2026-07-11 07:08:00
102217,27,42,1,154.94,cancelled,2026-08-04 12:16:00
102218,33,20,3,349.77,completed,2026-08-09 19:11:00
102219,118,20,5,869.4,completed,2026-07-02 17:23:00
102220,57,33,2,45.34,completed,2026-07-24 03:56:00
102221,103,16,5,2118.45,completed,2026-08-09 17:19:00
102222,31,14,2,778.48,completed,2026-07-25 05:31:00
102223,26,47,2,502.88,completed,2026-07-12 14:18:00
102224,132,6,4,929.8,completed,2026-07-12 01:18:00
102225,165,19,5,1799.25,completed,2026-08-01 23:52:00
102226,170,25,5,2319.15,pending,2026-07-12 02:24:00
102227,156,4,3,653.7,completed,2026-07-24 12:54:00
102228,142,40,2,545.26,completed,2026-07-26 22:26:00
102229,176,40,2,745.44,pending,2026-07-03 20:05:00
102230,62,16,2,,completed,2026-07-25 02:55:00
102231,1,22,5,1123.6,completed,2026-07-18 06:40:00
102232,25,17,4,1808.12,pending,2026-07-23 05:02:00
102233,14,23,4,952.08,completed,2026-07-27 02:51:00
102234,49,28,3,585.0,completed,2026-07-01 21:28:00
102235,62,3,3,52.02,completed,2026-08-04 18:00:00
102236,133,17,1,426.51,cancelled,2026-07-30 08:22:00
102237,24,4,2,561.68,completed,2026-07-02 04:21:00
102238,90,2,5,2172.95,cancelled,2026-07-07 18:33:00
102239,28,8,1,,completed,2026-07-31 13:21:00
102240,172,31,5,1712.05,cancelled,2026-08-10 12:37:00
102241,142,2,1,471.99,completed,2026-07-01 20:29:00
102242,141,36,2,102.84,cancelled,2026-07-21 06:36:00
102243,160,38,4,994.28,completed,2026-07-28 01:57:00
102244,44,13,2,69.54,completed,2026-07-07 12:15:00
102245,191,43,3,1085.82,completed,2026-08-07 21:15:00
102246,33,18,5,2495.2,completed,2026-07-12 05:04:00
102247,47,21,5,1376.7,completed,2026-08-10 23:14:00
102248,75,13,2,748.58,pending,2026-07-13 23:02:00
102249,178,15,4,1019.92,completed,2026-07-23 16:47:00
102250,133,12,4,843.24,cancelled,2026-07-30 21:00:00
102251,151,8,3,618.27,completed,2026-07-14 08:25:00
102252,16,16,3,811.53,completed,2026-07-23 02:55:00
102253,56,21,5,611.45,completed,2026-07-24 04:15:00
102254,147,33,2,424.56,completed,2026-07-20 03:46:00
102255,44,27,4,176.28,completed,2026-08-03 17:58:00
102256,107,43,3,1425.0,cancelled,2026-08-10 18:03:00
102257,178,23,3,811.23,pending,2026-08-04 14:20:00
102258,193,30,3,937.02,completed,2026-07-09 20:19:00
102259,157,18,2,,completed,2026-07-14 14:49:00
102260,105,27,3,,completed,2026-07-08 09:15:00
102261,58,27,3,1118.25,completed,2026-07-08 07:10:00
102262,178,2,2,497.16,completed,2026-07-23 16:56:00
102263,140,25,4,122.48,completed,2026-08-09 10:14:00
102264,6,7,3,198.03,completed,2026-07-23 22:43:00
102265,185,50,2,771.8,completed,2026-08-05 03:12:00
102266,44,35,4,1833.24,completed,2026-07-07 11:58:00
102267,137,34,2,419.96,completed,2026-07-12 00:02:00
102268,166,37,4,182.56,completed,2026-07-15 23:16:00
102269,162,42,2,25.9,completed,2026-07-11 21:21:00
102270,156,7,3,702.69,completed,2026-07-29 05:09:00
102271,210,11,4,1856.12,cancelled,2026-08-07 18:00:00
102272,55,32,3,190.62,completed,2026-07-15 09:46:00
102273,166,12,1,364.27,completed,2026-08-04 03:46:00
102274,35,32,4,1348.32,completed,2026-07-18 21:39:00
102275,6,41,4,210.08,completed,2026-07-30 17:24:00
102276,2,45,4,111.2,completed,2026-07-29 06:27:00
102277,176,43,5,2167.45,completed,2026-07-12 20:43:00
102278,173,20,2,,completed,2026-07-05 04:02:00
102279,177,8,4,1934.04,completed,2026-08-04 14:16:00
102280,4,26,5,637.55,cancelled,2026-08-04 21:50:00
102281,103,6,5,871.85,cancelled,2026-07-30 23:22:00
102282,60,27,4,288.28,cancelled,2026-07-26 02:16:00
102283,63,11,4,1880.56,completed,2026-08-08 20:17:00
102284,170,48,4,491.48,completed,2026-08-07 11:00:00
102285,25,2,4,991.08,cancelled,2026-07-24 11:16:00
102286,124,35,4,915.12,completed,2026-08-10 23:20:00
102287,71,13,3,426.81,completed,2026-07-17 21:06:00
102288,76,21,4,1906.44,completed,2026-07-15 20:50:00
102289,97,49,5,727.25,completed,2026-07-20 07:09:00
102290,197,41,2,668.32,pending,2026-07-12 02:21:00
102291,135,3,3,40.26,completed,2026-07-21 06:48:00
102292,170,45,1,261.02,completed,2026-08-08 11:17:00
102293,84,37,2,526.24,completed,2026-07-05 11:23:00
102294,202,31,2,647.58,completed,2026-07-09 22:14:00
102295,65,21,4,1558.32,pending,2026-07-15 16:28:00
102296,103,29,5,233.75,pending,2026-07-28 04:19:00
102297,13,42,2,353.9,completed,2026-07-10 10:16:00
102298,51,13,5,1875.25,completed,2026-07-09 23:53:00
102299,44,28,2,128.26,cancelled,2026-07-05 08:18:00
102300,204,17,3,718.29,completed,2026-07-13 12:37:00
102301,118,50,4,411.92,completed,2026-07-28 14:10:00
102302,86,8,3,1146.03,completed,2026-07-17 03:36:00
102303,47,37,5,1035.4,cancelled,2026-07-26 12:42:00
102304,49,3,1,73.6,cancelled,2026-07-11 07:31:00
102305,133,13,2,688.24,completed,2026-07-25 06:37:00
102306,179,47,2,258.62,completed,2026-07-15 11:18:00
102307,152,19,1,403.98,completed,2026-07-20 16:39:00
102308,124,35,1,370.41,completed,2026-08-05 15:21:00
102309,54,19,5,1648.55,cancelled,2026-07-10 02:55:00
102310,180,46,3,992.46,completed,2026-07-13 20:52:00
102311,154,30,4,799.04,completed,2026-07-17 08:02:00
102312,201,20,1,147.93,completed,2026-07-26 11:55:00
102313,33,14,4,1303.76,completed,2026-07-26 06:34:00
102314,175,13,3,1098.93,completed,2026-07-28 05:34:00
102315,200,42,3,1264.17,completed,2026-07-28 23:40:00
102316,165,2,2,145.0,cancelled,2026-07-07 01:44:00
102317,93,17,1,358.54,completed,2026-07-17 08:44:00
102318,176,50,3,180.45,completed,2026-07-29 11:51:00
102319,195,39,2,638.16,completed,2026-07-03 19:42:00
102320,99,16,2,590.2,completed,2026-07-19 20:04:00
102321,65,13,5,1323.4,completed,2026-08-05 11:18:00
102322,88,43,4,434.96,completed,2026-07-01 16:55:00
102323,41,29,4,573.0,completed,2026-07-31 20:59:00
102324,209,7,2,796.72,completed,2026-07-08 09:31:00
102325,198,21,2,162.02,completed,2026-07-01 06:53:00
102326,64,40,5,1484.9,completed,2026-07-03 16:56:00
102327,60,37,3,424.02,completed,2026-07-16 01:23:00
102328,81,23,1,267.37,completed,2026-07-17 13:16:00
102329,82,19,2,311.14,cancelled,2026-08-06 04:56:00
102330,117,42,2,699.42,completed,2026-07-12 05:33:00
102331,31,14,5,989.6,completed,2026-07-15 14:41:00
102332,202,20,3,1406.94,completed,2026-07-04 08:45:00
102333,59,34,4,821.24,completed,2026-07-15 22:20:00
102334,93,44,3,1182.93,completed,2026-07-13 00:41:00
102335,181,36,4,1078.16,pending,2026-07-27 19:11:00
102336,20,4,3,1047.78,completed,2026-08-01 01:35:00
102337,62,12,1,205.34,completed,2026-07-02 04:12:00
102338,78,11,2,886.68,pending,2026-07-22 22:43:00
102339,38,13,5,1262.05,completed,2026-07-05 01:14:00
102340,190,38,3,504.93,cancelled,2026-08-03 17:31:00
102341,83,32,3,1215.15,completed,2026-07-29 04:40:00
102342,85,47,2,391.72,completed,2026-07-29 16:48:00
102343,156,24,3,1050.0,completed,2026-07-30 17:24:00
102344,67,29,1,123.79,completed,2026-07-23 14:07:00
102345,68,43,2,,completed,2026-08-08 17:24:00
102346,78,45,1,394.08,completed,2026-07-21 18:37:00
102347,96,27,4,1611.16,completed,2026-07-30 17:29:00
102348,116,27,3,377.94,completed,2026-07-09 00:56:00
102349,11,33,5,1551.8,completed,2026-08-01 20:10:00
102350,135,21,2,821.5,completed,2026-07-26 05:37:00
102351,1,34,4,,completed,2026-07-04 00:34:00
102352,158,10,4,1518.64,completed,2026-07-22 20:33:00
102353,24,13,1,328.68,completed,2026-07-31 20:37:00
102354,180,50,2,333.16,cancelled,2026-07-16 19:41:00
102355,103,11,1,57.12,completed,2026-07-20 05:51:00
102356,187,41,1,482.99,completed,2026-08-04 18:02:00
102357,137,3,1,270.26,completed,2026-07-17 22:54:00
102358,75,2,2,762.62,completed,2026-07-08 03:40:00
102359,74,12,1,278.67,completed,2026-08-01 09:41:00
102360,53,17,3,1444.26,completed,2026-07-16 04:02:00
102361,203,35,4,,completed,2026-08-03 03:14:00
102362,186,35,5,1152.75,completed,2026-07-31 16:26:00
102363,28,9,1,384.48,completed,2026-08-10 00:05:00
102364,97,35,4,488.4,completed,2026-08-02 20:43:00
102365,170,13,3,,completed,2026-07-06 12:07:00
102366,93,36,3,1476.9,cancelled,2026-08-10 16:38:00
102367,86,12,2,291.7,completed,2026-08-02 19:34:00
102368,200,38,2,858.1,completed,2026-07-14 10:17:00
102369,70,25,1,338.54,completed,2026-07-25 18:38:00
102370,24,35,2,360.88,completed,2026-07-27 16:43:00
102371,143,5,1,337.49,completed,2026-07-21 16:53:00
102372,143,21,1,74.13,completed,2026-08-02 01:50:00
102373,28,45,3,,completed,2026-08-04 19:39:00
102374,205,34,5,271.4,cancelled,2026-07-01 06:09:00
102375,90,3,3,357.18,completed,2026-07-16 11:26:00
102376,92,28,1,183.42,completed,2026-08-09 22:48:00
102377,103,16,5,1828.45,completed,2026-07-25 18:32:00
102378,165,42,3,472.35,completed,2026-08-10 08:41:00
102379,129,9,5,1832.2,completed,2026-07-25 17:10:00
102380,54,7,5,2438.1,completed,2026-07-04 14:09:00
102381,196,22,1,94.8,completed,2026-08-01 22:59:00
102382,202,26,4,676.08,completed,2026-08-04 16:45:00
102383,151,44,4,983.8,completed,2026-08-09 11:23:00
102384,115,39,3,1035.57,completed,2026-07-05 21:01:00
102385,138,18,2,175.52,completed,2026-07-07 22:27:00
102386,154,24,3,959.82,completed,2026-07-10 22:56:00
102387,147,2,2,772.42,completed,2026-08-09 15:47:00
102388,186,34,3,1037.19,completed,2026-07-06 19:40:00
102389,67,44,4,,completed,2026-08-05 03:46:00
102390,114,34,4,1379.12,pending,2026-07-14 20:47:00
102391,84,8,3,820.74,cancelled,2026-08-10 21:16:00
102392,118,48,4,1882.2,completed,2026-07-07 04:40:00
102393,92,27,1,287.25,completed,2026-07-23 02:37:00
102394,201,16,3,1162.2,completed,2026-07-17 13:35:00
102395,43,44,4,65.32,completed,2026-07-31 02:26:00
102396,176,38,1,184.81,completed,2026-07-11 20:30:00
102397,129,15,3,187.59,completed,2026-08-09 17:15:00
102398,14,46,5,1701.6,completed,2026-07-16 12:07:00
102399,118,20,1,279.78,completed,2026-07-05 18:16:00
102400,150,1,1,481.41,completed,2026-07-02 22:31:00
102401,179,27,3,1264.56,cancelled,2026-07-03 04:11:00
102402,32,43,1,89.92,completed,2026-07-02 18:04:00
102403,95,24,3,925.68,completed,2026-07-03 04:16:00
102404,14,35,4,1075.64,completed,2026-07-24 09:49:00
102405,145,23,3,1365.03,pending,2026-08-03 14:36:00
102406,31,6,1,371.41,completed,2026-08-10 20:15:00
102407,94,28,5,2445.3,completed,2026-08-08 07:57:00
102408,207,18,3,1262.64,completed,2026-07-30 07:02:00
102409,79,31,5,1244.65,cancelled,2026-08-02 22:25:00
102410,78,37,5,2069.5,completed,2026-07-30 03:07:00
102411,198,31,1,442.5,completed,2026-07-23 18:49:00
102412,119,31,5,2259.4,cancelled,2026-08-08 14:27:00
102413,148,4,2,615.1,completed,2026-08-09 17:11:00
102414,108,32,1,157.38,cancelled,2026-07-12 09:32:00
102415,124,41,2,172.7,completed,2026-08-06 08:46:00
102416,144,30,4,941.48,completed,2026-07-13 06:11:00
102417,35,49,4,571.4,completed,2026-08-03 16:48:00
102418,115,17,1,340.81,completed,2026-08-09 05:50:00
102419,78,19,1,240.92,completed,2026-08-05 15:48:00
102420,202,41,1,68.6,completed,2026-07-09 19:09:00
102421,206,39,3,452.43,completed,2026-07-26 05:51:00
102422,4,39,2,704.46,completed,2026-07-02 11:48:00
102423,122,40,4,382.84,completed,2026-07-26 00:16:00
102424,23,36,4,170.8,cancelled,2026-07-21 15:11:00
102425,157,50,4,432.88,completed,2026-08-03 13:20:00
102426,73,38,4,371.8,completed,2026-08-06 04:15:00
102427,77,37,4,1503.72,cancelled,2026-07-19 05:50:00
102428,196,1,4,1024.12,completed,2026-07-30 07:33:00
102429,198,29,3,251.01,completed,2026-07-05 08:54:00
102430,154,24,3,325.29,completed,2026-08-08 16:07:00
102431,97,36,3,292.59,cancelled,2026-08-08 08:27:00
102432,66,26,4,775.56,completed,2026-07-21 09:10:00
102433,70,1,3,1008.93,pending,2026-07-10 21:29:00
102434,17,45,2,79.5,completed,2026-07-25 09:08:00
102435,45,8,4,1724.32,completed,2026-07-07 07:13:00
102436,180,8,5,2181.35,pending,2026-07-11 13:18:00
102437,24,23,2,200.4,completed,2026-07-14 17:46:00
102438,76,6,5,1080.8,pending,2026-07-05 05:54:00
102439,44,49,2,712.94,completed,2026-07-25 02:08:00
102440,78,37,3,655.71,completed,2026-07-30 22:52:00
102441,78,23,5,2408.05,completed,2026-08-10 03:17:00
102442,199,31,5,1449.8,cancelled,2026-08-07 15:34:00
102443,85,37,5,2433.15,completed,2026-07-10 04:50:00
102444,142,25,5,2482.35,completed,2026-07-19 10:08:00
102445,195,34,4,150.6,completed,2026-07-09 11:36:00
102446,96,8,4,716.04,pending,2026-07-26 12:22:00
102447,181,1,3,65.13,completed,2026-07-08 06:42:00
102448,100,34,2,991.24,completed,2026-07-25 17:21:00
102449,86,2,1,398.88,completed,2026-07-17 00:10:00
102450,105,4,5,1763.6,completed,2026-07-04 03:07:00
102451,132,4,3,1142.94,completed,2026-07-25 23:11:00
102452,97,36,2,211.68,cancelled,2026-07-14 15:23:00
102453,17,26,1,465.41,completed,2026-08-05 15:46:00
102454,75,24,4,1405.44,completed,2026-08-05 15:29:00
102455,147,4,2,457.7,completed,2026-08-07 16:49:00
102456,137,31,5,2494.05,completed,2026-07-23 19:11:00
102457,75,30,4,1964.2,completed,2026-07-20 10:49:00
102458,196,30,1,146.74,completed,2026-08-04 23:22:00
102459,87,47,5,1723.7,completed,2026-07-01 17:06:00
102460,106,34,5,1659.9,completed,2026-07-15 20:16:00
102461,106,2,4,1065.44,completed,2026-08-02 04:21:00
102462,55,14,5,386.85,pending,2026-07-19 21:08:00
102463,100,15,2,427.28,completed,2026-07-30 14:21:00
102464,107,43,1,360.1,completed,2026-07-29 10:51:00
102465,186,2,2,328.06,completed,2026-08-02 06:44:00
102466,10,42,1,267.08,completed,2026-07-15 17:22:00
102467,176,45,1,192.43,completed,2026-07-01 23:08:00
102468,162,38,1,391.4,completed,2026-08-08 11:39:00
102469,21,31,3,267.09,cancelled,2026-08-10 02:22:00
102470,138,2,5,1974.4,completed,2026-07-10 17:03:00
102471,163,22,1,83.75,completed,2026-07-07 15:41:00
102472,56,16,1,431.07,completed,2026-07-04 21:01:00
102473,111,17,4,1919.32,completed,2026-08-05 05:04:00
102474,85,41,3,55.56,completed,2026-07-08 19:39:00
102475,164,36,1,314.19,completed,2026-07-08 07:08:00
102476,141,46,1,387.83,completed,2026-07-19 16:36:00
102477,207,3,5,284.25,completed,2026-08-10 11:04:00
102478,17,28,5,2466.05,completed,2026-07-31 08:09:00
102479,57,26,1,156.61,completed,2026-07-29 04:02:00
102480,14,49,5,1389.6,pending,2026-07-30 21:41:00
102481,192,44,3,94.5,completed,2026-08-05 17:20:00
102482,14,15,4,23.76,completed,2026-07-10 02:48:00
102483,153,12,4,754.72,completed,2026-07-01 02:51:00
102484,22,45,3,598.17,completed,2026-07-01 01:47:00
102485,29,49,1,321.77,completed,2026-07-23 04:43:00
102486,40,21,3,1389.63,completed,2026-07-31 19:07:00
102487,190,41,4,1240.4,completed,2026-07-01 22:11:00
102488,38,49,4,487.0,cancelled,2026-08-10 20:21:00
102489,164,16,1,366.4,completed,2026-07-18 20:59:00
102490,68,47,4,1894.76,pending,2026-07-14 10:29:00
102491,166,35,3,,cancelled,2026-08-01 06:50:00
102492,24,50,2,142.82,completed,2026-08-03 09:36:00
102493,129,4,5,1615.2,pending,2026-07-11 04:53:00
102494,201,39,3,499.62,completed,2026-07-19 15:55:00
102495,114,32,2,465.2,pending,2026-07-02 22:43:00
102496,25,26,2,498.88,pending,2026-07-19 12:53:00
102497,98,2,3,188.91,completed,2026-08-02 15:37:00
102498,109,41,5,709.75,completed,2026-07-05 01:05:00
102499,66,7,2,,cancelled,2026-07-11 13:21:00
102500,17,40,5,1968.1,completed,2026-07-13 00:00:00
102501,123,9,3,235.26,completed,2026-07-06 01:55:00
102502,193,21,4,1146.12,completed,2026-08-07 21:48:00
102503,127,37,2,612.8,completed,2026-08-02 00:20:00
102504,116,29,3,1452.0,completed,2026-08-02 07:34:00
102505,129,43,4,1091.56,completed,2026-08-07 13:14:00
102506,25,18,4,634.44,pending,2026-08-03 02:05:00
102507,207,22,1,96.94,cancelled,2026-07-02 08:07:00
102508,138,46,1,301.22,completed,2026-07-23 07:12:00
102509,162,16,5,1670.55,cancelled,2026-08-03 04:48:00
102510,170,22,2,300.66,completed,2026-07-25 10:37:00
102511,81,40,5,1985.35,completed,2026-07-06 19:19:00
102512,148,19,5,837.7,pending,2026-07-20 23:57:00
102513,103,19,5,813.35,completed,2026-07-05 00:20:00
102514,148,3,4,1321.64,completed,2026-07-08 14:31:00
102515,176,31,3,1343.82,completed,2026-07-22 19:49:00
102516,98,29,5,1082.0,completed,2026-07-10 04:39:00
102517,13,22,5,1749.1,cancelled,2026-07-06 23:57:00
102518,97,14,3,1309.14,completed,2026-08-05 02:54:00
102519,155,25,2,457.1,cancelled,2026-07-24 23:44:00
102520,93,14,1,252.69,completed,2026-07-10 23:12:00
102521,122,5,1,68.66,completed,2026-07-29 18:36:00
102522,20,21,4,1220.24,completed,2026-07-15 05:54:00
102523,206,41,4,1038.72,completed,2026-07-22 12:51:00
102524,173,25,4,1019.04,completed,2026-07-22 08:53:00
102525,103,6,4,1676.6,completed,2026-07-02 12:01:00
102526,8,18,2,47.26,completed,2026-07-11 14:50:00
102527,19,36,4,924.76,completed,2026-07-11 21:12:00
102528,91,31,3,850.71,completed,2026-08-09 09:28:00
102529,167,30,2,,completed,2026-07-31 13:12:00
102530,200,1,1,326.45,completed,2026-07-26 05:26:00
102531,162,2,1,340.56,completed,2026-07-17 03:23:00
102532,197,7,4,81.0,pending,2026-07-25 20:18:00
102533,32,47,5,2006.8,completed,2026-07-31 18:03:00
102534,208,13,1,106.56,completed,2026-08-08 23:49:00
102535,22,5,2,860.48,completed,2026-08-08 01:30:00
102536,92,49,5,2154.7,completed,2026-07-31 20:04:00
102537,139,46,1,348.75,completed,2026-08-03 23:15:00
102538,202,15,1,212.71,pending,2026-07-16 17:28:00
102539,206,3,3,209.55,completed,2026-07-09 00:24:00
102540,125,18,5,2264.85,completed,2026-07-19 09:12:00
102541,100,2,5,614.25,completed,2026-07-03 13:18:00
102542,150,8,2,484.72,completed,2026-07-31 17:01:00
102543,144,44,5,1505.35,completed,2026-08-07 07:08:00
102544,70,12,2,725.38,completed,2026-07-17 21:26:00
102545,92,10,1,307.24,completed,2026-08-01 17:42:00
102546,82,31,1,452.88,completed,2026-07-05 15:35:00
102547,133,7,1,393.73,completed,2026-07-13 17:42:00
102548,159,32,4,929.0,completed,2026-07-24 03:20:00
102549,128,44,4,1139.4,completed,2026-07-27 22:42:00
102550,156,46,3,194.85,completed,2026-07-11 23:35:00
102551,81,11,2,745.9,completed,2026-07-02 15:09:00
102552,75,7,5,468.05,completed,2026-07-21 10:03:00
102553,149,9,5,1005.65,completed,2026-07-12 08:05:00
102554,116,21,3,497.37,completed,2026-07-12 12:42:00
102555,87,6,4,1367.0,completed,2026-07-04 04:42:00
102556,7,39,2,980.28,completed,2026-07-08 16:21:00
102557,204,18,2,193.96,completed,2026-08-10 22:18:00
102558,144,49,1,48.4,cancelled,2026-07-23 16:28:00
102559,195,7,3,1046.49,cancelled,2026-07-17 20:24:00
102560,119,3,3,184.38,cancelled,2026-07-29 05:36:00
102561,191,7,1,400.88,completed,2026-07-12 08:46:00
102562,156,49,3,418.17,completed,2026-08-03 12:02:00
102563,8,50,3,886.89,completed,2026-07-10 21:13:00
102564,118,15,3,219.21,completed,2026-08-04 03:37:00
102565,48,32,3,181.47,completed,2026-07-16 16:00:00
102566,202,17,3,824.4,cancelled,2026-07-15 21:18:00
102567,68,9,5,,completed,2026-07-27 18:10:00
102568,109,1,4,45.72,completed,2026-08-07 02:30:00
102569,97,25,3,1377.75,completed,2026-07-21 02:14:00
102570,192,13,1,6.13,pending,2026-07-19 16:50:00
102571,121,4,2,561.24,completed,2026-08-05 21:35:00
102572,172,41,3,1081.41,pending,2026-07-25 07:33:00
102573,27,1,5,2113.2,completed,2026-07-26 17:52:00
102574,72,19,1,75.16,pending,2026-07-28 13:25:00
102575,3,9,5,,completed,2026-07-03 04:03:00
102576,181,24,4,1281.96,completed,2026-08-09 09:27:00
102577,204,23,3,440.94,completed,2026-07-08 10:26:00
102578,60,38,5,1353.05,cancelled,2026-07-28 14:07:00
102579,48,1,1,71.99,completed,2026-07-28 09:52:00
102580,28,25,4,767.88,pending,2026-07-04 02:28:00
102581,30,30,3,1014.93,completed,2026-07-26 01:37:00
102582,5,4,3,430.41,cancelled,2026-07-27 17:01:00
102583,61,37,5,419.45,completed,2026-07-05 07:36:00
102584,98,35,1,345.89,completed,2026-08-07 08:45:00
102585,19,17,3,323.1,completed,2026-07-28 09:37:00
102586,41,37,5,2064.9,completed,2026-07-26 18:37:00
102587,90,40,3,1412.4,completed,2026-07-07 09:37:00
102588,139,48,5,2379.85,completed,2026-07-16 05:34:00
102589,137,8,2,872.3,cancelled,2026-08-05 22:41:00
102590,48,3,3,1028.22,completed,2026-07-04 04:48:00
102591,201,32,2,287.7,completed,2026-07-05 17:44:00
102592,77,1,5,855.9,pending,2026-07-04 21:17:00
102593,100,28,1,403.89,cancelled,2026-07-08 15:56:00
102594,86,14,4,706.28,completed,2026-07-19 14:51:00
102595,43,48,2,,cancelled,2026-08-03 21:49:00
102596,96,8,4,643.12,completed,2026-07-07 02:33:00
102597,1,44,1,138.04,completed,2026-07-18 04:37:00
102598,17,7,1,198.37,completed,2026-07-09 16:25:00
102599,59,36,3,674.13,completed,2026-07-10 16:06:00
102600,164,28,4,1383.16,completed,2026-07-06 15:02:00
102601,121,26,4,547.28,completed,2026-08-07 11:27:00
102602,193,4,4,970.16,completed,2026-08-03 02:56:00
102603,52,3,2,493.26,completed,2026-07-10 17:31:00
102604,133,27,2,163.74,completed,2026-07-01 15:17:00
102605,1,22,2,708.14,completed,2026-07-22 09:01:00
102606,59,30,5,1681.85,pending,2026-07-15 13:53:00
102607,76,47,1,249.69,completed,2026-07-08 06:37:00
102608,97,31,5,2285.55,completed,2026-07-28 06:53:00
102609,152,12,3,263.13,completed,2026-07-26 19:16:00
102610,200,44,4,1008.76,completed,2026-07-07 14:45:00
102611,39,14,5,1057.3,completed,2026-07-30 20:27:00
102612,102,5,1,54.13,completed,2026-07-25 16:24:00
102613,11,4,5,1149.35,completed,2026-07-26 13:36:00
102614,26,29,3,629.46,completed,2026-07-14 00:18:00
102615,199,16,4,1748.04,completed,2026-08-02 02:02:00
102616,34,31,4,1956.32,completed,2026-08-10 01:56:00
102617,96,35,1,,completed,2026-08-10 04:27:00
102618,175,10,3,457.86,completed,2026-07-31 03:40:00
102619,49,25,5,725.15,completed,2026-07-08 12:44:00
102620,179,30,2,716.6,completed,2026-07-31 13:22:00
102621,138,49,1,135.09,completed,2026-07-10 09:09:00
102622,30,3,2,767.76,completed,2026-07-03 17:55:00
102623,86,50,1,286.42,cancelled,2026-07-27 20:14:00
102624,50,23,4,1099.2,completed,2026-07-16 23:03:00
102625,133,31,2,828.7,completed,2026-07-26 05:10:00
102626,121,19,1,245.26,completed,2026-08-08 15:57:00
102627,83,33,4,1763.84,pending,2026-07-15 12:20:00
102628,63,14,2,,pending,2026-07-28 21:29:00
102629,205,50,3,1339.98,completed,2026-08-07 09:20:00
102630,146,2,3,357.75,pending,2026-07-18 06:50:00
102631,45,20,1,155.64,cancelled,2026-07-13 21:39:00
102632,1,30,4,611.72,completed,2026-07-22 16:12:00
102633,50,4,5,311.9,completed,2026-07-26 01:54:00
102634,56,47,2,472.08,completed,2026-07-16 05:35:00
102635,84,27,4,20.44,completed,2026-08-01 06:50:00
102636,168,37,5,2487.35,cancelled,2026-07-06 08:37:00
102637,143,49,5,1056.8,completed,2026-07-07 18:20:00
102638,186,24,3,1256.22,completed,2026-07-02 04:00:00
102639,109,10,5,1285.55,completed,2026-07-17 08:49:00
102640,123,8,2,193.66,completed,2026-07-28 18:44:00
102641,101,39,1,83.78,completed,2026-07-23 07:31:00
102642,209,10,1,29.98,cancelled,2026-07-08 15:44:00
102643,131,8,3,444.36,completed,2026-07-16 06:01:00
102644,148,30,3,109.05,cancelled,2026-07-05 10:58:00
102645,60,38,5,1479.05,completed,2026-08-04 18:19:00
102646,123,11,3,1339.8,completed,2026-08-09 21:44:00
102647,136,14,1,248.47,completed,2026-07-18 11:20:00
102648,50,30,2,556.4,completed,2026-07-24 15:15:00
102649,122,23,1,224.42,completed,2026-07-05 07:45:00
102650,196,42,5,1280.9,cancelled,2026-07-04 09:25:00
102651,138,9,2,734.28,cancelled,2026-08-06 18:19:00
102652,50,29,2,753.6,completed,2026-07-17 07:35:00
102653,30,3,5,392.9,completed,2026-07-07 17:06:00
102654,32,21,4,236.04,completed,2026-07-24 17:34:00
102655,65,48,5,1722.0,completed,2026-07-10 16:35:00
102656,112,7,2,513.32,completed,2026-07-30 15:42:00
102657,108,45,2,731.22,completed,2026-07-29 06:55:00
102658,180,37,1,79.48,completed,2026-08-03 03:05:00
102659,198,13,1,314.69,completed,2026-07-14 14:55:00
102660,203,3,2,842.72,completed,2026-07-16 11:51:00
102661,41,40,5,1835.15,completed,2026-07-16 03:03:00
102662,119,3,4,1547.6,completed,2026-07-16 14:28:00
102663,123,40,5,2482.9,completed,2026-08-03 13:58:00
102664,153,48,5,1339.4,completed,2026-07-30 09:18:00
102665,204,32,4,695.64,completed,2026-07-14 16:32:00
102666,35,44,3,295.83,completed,2026-07-26 14:08:00
102667,79,25,1,336.87,completed,2026-08-06 07:38:00
102668,189,19,1,,completed,2026-07-22 17:04:00
102669,8,4,3,,completed,2026-07-26 15:37:00
102670,115,49,2,68.64,completed,2026-08-09 03:37:00
102671,27,20,1,230.77,completed,2026-07-18 23:47:00
102672,169,25,5,1240.2,pending,2026-07-23 00:33:00
102673,44,45,5,1367.1,completed,2026-07-03 13:18:00
102674,86,43,1,394.01,completed,2026-07-25 07:32:00
102675,129,33,2,689.46,completed,2026-08-02 23:17:00
102676,110,21,2,212.4,completed,2026-08-03 10:47:00
102677,127,2,4,599.0,cancelled,2026-07-12 00:22:00
102678,38,9,1,,completed,2026-07-13 22:55:00
102679,197,46,5,1711.55,cancelled,2026-07-21 10:12:00
102680,94,8,4,91.16,completed,2026-07-21 09:23:00
102681,90,16,4,257.56,completed,2026-07-28 16:35:00
102682,82,15,4,1257.8,completed,2026-07-23 14:21:00
102683,207,47,3,1166.28,completed,2026-07-20 01:06:00
102684,85,39,1,18.17,cancelled,2026-08-01 01:41:00
102685,204,10,1,179.81,completed,2026-07-16 00:48:00
102686,91,37,5,2222.75,cancelled,2026-07-20 13:24:00
102687,25,15,1,95.78,pending,2026-07-10 23:52:00
102688,73,17,2,213.56,completed,2026-07-12 08:29:00
102689,182,12,3,994.23,completed,2026-07-28 03:11:00
102690,40,32,5,473.5,completed,2026-07-21 03:01:00
102691,10,8,5,2454.45,completed,2026-08-02 03:49:00
102692,8,37,1,354.72,completed,2026-08-10 11:24:00
102693,112,43,1,304.98,completed,2026-07-27 22:26:00
102694,129,46,4,443.48,completed,2026-08-04 12:20:00
102695,138,41,2,469.54,cancelled,2026-07-06 19:06:00
102696,208,21,4,380.44,completed,2026-07-09 07:20:00
102697,94,36,1,433.07,completed,2026-07-02 07:47:00
102698,163,50,2,318.7,completed,2026-07-26 12:05:00
102699,76,45,3,102.21,completed,2026-07-28 08:48:00
102700,38,10,2,991.08,cancelled,2026-08-07 16:09:00
102701,144,2,1,78.32,completed,2026-07-08 09:38:00
102702,190,28,3,131.4,completed,2026-07-01 11:11:00
102703,209,44,2,639.96,cancelled,2026-08-08 18:37:00
102704,23,44,1,303.06,completed,2026-07-04 14:46:00
102705,76,32,4,1016.88,completed,2026-07-26 19:45:00
102706,1,23,1,468.26,completed,2026-07-31 21:03:00
102707,187,39,3,1269.78,cancelled,2026-07-19 16:16:00
102708,193,38,3,931.26,completed,2026-08-06 23:28:00
102709,185,31,3,1472.64,completed,2026-07-02 02:53:00
102710,36,26,4,115.36,completed,2026-07-12 21:28:00
102711,36,35,1,189.45,completed,2026-07-14 19:40:00
102712,146,4,2,589.36,completed,2026-07-20 01:08:00
102713,38,36,4,1264.24,completed,2026-07-30 20:43:00
102714,190,6,1,299.58,completed,2026-07-25 01:40:00
102715,105,29,1,361.91,completed,2026-07-25 23:26:00
102716,6,17,1,394.7,completed,2026-07-14 01:13:00
102717,108,25,1,343.3,completed,2026-07-10 05:34:00
102718,142,15,2,985.7,completed,2026-07-15 04:02:00
102719,173,50,3,1223.04,completed,2026-08-05 18:09:00
102720,100,25,2,11.32,completed,2026-07-11 07:19:00
102721,135,14,2,825.16,completed,2026-07-10 11:19:00
102722,192,10,3,259.14,completed,2026-07-17 21:10:00
102723,13,32,5,1818.2,pending,2026-07-30 06:18:00
102724,158,16,5,1767.6,completed,2026-07-19 07:11:00
102725,30,31,1,429.89,completed,2026-07-29 12:56:00
102726,129,30,4,1240.28,completed,2026-07-15 13:49:00
102727,167,32,1,130.89,completed,2026-08-09 05:59:00
102728,160,27,4,845.4,completed,2026-07-28 11:00:00
102729,160,15,1,471.21,completed,2026-08-05 03:32:00
102730,206,36,5,97.05,cancelled,2026-08-05 20:15:00
102731,96,2,1,499.59,cancelled,2026-08-10 08:48:00
102732,112,39,5,1551.05,completed,2026-07-27 23:05:00
102733,157,26,5,59.4,completed,2026-07-31 22:08:00
102734,25,30,4,1538.44,completed,2026-08-05 14:17:00
102735,15,7,3,272.28,completed,2026-07-18 23:30:00
102736,122,36,4,1565.36,completed,2026-08-04 02:59:00
102737,82,12,2,565.9,completed,2026-08-07 16:25:00
102738,164,33,5,1901.8,cancelled,2026-08-04 23:20:00
102739,9,29,3,1259.01,cancelled,2026-07-20 22:47:00
102740,57,12,3,513.0,completed,2026-07-04 09:25:00
102741,127,4,2,250.62,completed,2026-08-02 08:13:00
102742,31,31,4,165.92,completed,2026-07-25 03:39:00
102743,65,32,1,237.53,completed,2026-08-08 04:25:00
102744,34,23,5,742.55,cancelled,2026-07-30 13:43:00
102745,110,11,5,318.6,completed,2026-07-26 13:36:00
102746,3,27,1,267.0,completed,2026-07-23 17:20:00
102747,54,10,1,85.22,completed,2026-08-10 05:39:00
102748,114,14,3,563.19,completed,2026-07-28 23:06:00
102749,13,41,5,,completed,2026-08-10 07:56:00
102750,72,37,5,1242.1,completed,2026-07-21 05:00:00
102751,186,21,2,304.52,completed,2026-08-08 04:03:00
102752,62,27,3,1098.78,completed,2026-08-01 16:39:00
102753,187,19,1,353.18,completed,2026-08-10 00:03:00
102754,77,29,1,100.18,completed,2026-08-03 18:45:00
102755,47,33,1,209.49,completed,2026-07-19 21:12:00
102756,198,9,1,324.94,completed,2026-07-29 05:06:00
102757,5,43,3,1439.07,completed,2026-07-05 06:08:00
102758,67,48,1,348.76,completed,2026-07-26 15:23:00
102759,4,1,1,142.36,completed,2026-07-06 09:30:00
102760,36,12,4,1443.52,completed,2026-07-16 19:18:00
102761,176,1,2,994.66,completed,2026-07-02 14:50:00
102762,145,40,3,158.43,completed,2026-08-07 04:58:00
102763,114,22,5,2326.25,completed,2026-08-02 15:46:00
102764,138,36,3,528.42,completed,2026-08-07 12:54:00
102765,17,6,4,1527.12,completed,2026-07-07 06:15:00
102766,188,20,1,295.99,completed,2026-07-02 19:31:00
102767,151,21,5,398.3,completed,2026-07-19 21:47:00
102768,98,11,3,1125.81,completed,2026-08-02 16:09:00
102769,144,28,2,425.62,completed,2026-07-31 04:10:00
102770,10,46,2,739.94,completed,2026-07-06 05:30:00
102771,46,13,4,49.44,completed,2026-07-03 23:29:00
102772,202,44,1,112.87,completed,2026-07-18 18:53:00
102773,210,14,2,667.94,completed,2026-07-06 06:38:00
102774,98,14,5,1341.75,completed,2026-07-17 04:24:00
102775,154,2,1,14.65,completed,2026-08-04 00:48:00
102776,69,36,3,1358.94,completed,2026-08-03 07:29:00
102777,71,10,2,141.2,completed,2026-08-05 10:08:00
102778,41,20,4,521.72,completed,2026-07-17 03:57:00
102779,61,13,4,437.48,completed,2026-07-10 03:43:00
102780,118,20,5,139.85,pending,2026-07-11 06:20:00
102781,188,21,1,347.76,completed,2026-08-04 02:31:00
102782,84,30,4,950.76,completed,2026-07-19 13:03:00
102783,161,33,5,30.7,completed,2026-07-04 22:27:00
102784,101,37,4,,completed,2026-07-16 12:01:00
102785,171,50,4,343.68,completed,2026-08-03 17:00:00
102786,140,44,4,777.8,cancelled,2026-07-20 10:47:00
102787,108,24,5,1200.55,completed,2026-07-09 09:17:00
102788,43,23,5,619.3,completed,2026-07-30 10:28:00
102789,101,4,2,433.84,cancelled,2026-07-01 23:46:00
102790,67,45,3,886.92,cancelled,2026-07-23 03:49:00
102791,175,50,1,436.18,completed,2026-07-19 00:42:00
102792,1,4,5,1765.9,completed,2026-07-25 21:10:00
102793,9,11,4,575.8,completed,2026-07-20 00:34:00
102794,169,33,5,2063.5,completed,2026-07-20 14:17:00
102795,122,40,5,2193.8,completed,2026-07-07 06:39:00
102796,166,23,3,754.02,completed,2026-07-12 05:24:00
102797,82,10,5,1101.0,cancelled,2026-07-07 10:37:00
102798,210,47,5,208.25,completed,2026-08-01 02:33:00
102799,89,36,5,1391.8,completed,2026-08-01 20:14:00
102800,34,20,4,,completed,2026-07-04 07:04:00
102801,143,14,1,179.49,completed,2026-07-03 05:53:00
102802,27,6,3,682.14,completed,2026-07-12 07:12:00
102803,7,2,1,401.43,completed,2026-08-04 11:05:00
102804,118,20,3,1196.31,completed,2026-07-14 15:53:00
102805,134,29,1,48.74,cancelled,2026-07-26 03:43:00
102806,31,2,4,482.36,completed,2026-07-16 01:15:00
102807,120,37,5,1471.7,completed,2026-07-08 15:54:00
102808,121,50,4,1776.6,completed,2026-07-30 14:03:00
102809,206,3,4,1092.52,cancelled,2026-07-01 20:23:00
102810,203,8,5,1477.7,completed,2026-07-21 04:01:00
102811,15,19,1,342.44,completed,2026-07-18 14:25:00
102812,6,33,4,463.96,completed,2026-07-02 06:55:00
102813,202,30,2,440.42,completed,2026-07-12 16:33:00
102814,19,9,1,229.23,pending,2026-07-29 15:25:00
102815,32,1,5,1923.0,completed,2026-07-08 20:51:00
102816,64,48,4,743.2,completed,2026-07-03 03:27:00
102817,135,32,5,524.85,completed,2026-07-23 21:35:00
102818,48,40,3,627.9,completed,2026-07-03 13:43:00
102819,46,34,3,967.41,completed,2026-07-01 14:01:00
102820,31,42,3,1024.59,cancelled,2026-07-25 19:58:00
102821,174,23,2,833.12,completed,2026-07-07 16:50:00
102822,149,7,3,234.33,completed,2026-08-10 19:15:00
102823,155,48,2,853.52,completed,2026-07-20 18:32:00
102824,208,13,4,1885.8,completed,2026-07-21 16:14:00
102825,148,27,2,440.86,cancelled,2026-07-05 15:49:00
102826,82,41,2,646.68,completed,2026-08-07 01:59:00
102827,89,10,2,123.1,completed,2026-07-18 06:25:00
102828,150,37,5,2012.3,completed,2026-08-04 09:36:00
102829,120,30,5,1254.3,completed,2026-07-03 03:00:00
102830,129,19,5,546.25,pending,2026-08-10 12:27:00
102831,1,34,1,278.86,completed,2026-07-06 13:00:00
102832,33,33,4,1212.84,pending,2026-07-15 20:39:00
102833,38,43,4,850.0,completed,2026-07-14 18:12:00
102834,7,25,1,138.03,pending,2026-07-20 12:24:00
102835,60,33,4,1139.6,cancelled,2026-08-03 17:36:00
102836,183,6,1,355.28,completed,2026-07-01 19:12:00
102837,148,50,2,,completed,2026-07-12 17:20:00
102838,176,2,4,1489.24,completed,2026-07-27 22:39:00
102839,209,8,5,814.45,completed,2026-07-01 22:19:00
102840,109,4,1,422.2,completed,2026-07-30 23:22:00
102841,79,33,5,847.15,completed,2026-08-10 17:36:00
102842,117,28,5,660.25,completed,2026-08-05 19:02:00
102843,132,44,3,845.97,completed,2026-07-14 23:47:00
102844,17,6,4,1983.12,cancelled,2026-07-28 12:21:00
102845,107,23,3,1369.89,completed,2026-07-22 21:54:00
102846,105,14,2,208.72,cancelled,2026-08-08 11:05:00
102847,191,39,1,212.16,cancelled,2026-07-25 01:47:00
102848,88,23,3,510.9,completed,2026-07-11 00:55:00
102849,77,38,3,1456.59,cancelled,2026-07-28 06:45:00
102850,18,36,1,27.43,cancelled,2026-07-16 06:37:00
102851,45,47,4,1045.88,completed,2026-07-27 12:23:00
102852,88,44,2,550.54,completed,2026-07-21 22:49:00
102853,126,50,2,628.46,completed,2026-07-20 06:21:00
102854,170,14,1,497.73,completed,2026-08-05 00:22:00
102855,42,47,1,142.91,completed,2026-07-22 03:26:00
102856,163,21,3,695.37,completed,2026-07-27 11:56:00
102857,28,30,2,625.0,completed,2026-07-28 18:55:00
102858,58,22,5,88.75,completed,2026-07-28 01:15:00
102859,6,29,5,1596.85,completed,2026-07-09 06:40:00
102860,54,6,3,1313.91,completed,2026-08-04 11:39:00
102861,143,26,3,130.32,cancelled,2026-07-28 21:59:00
102862,145,50,3,112.11,completed,2026-07-05 02:01:00
102863,52,6,1,24.13,completed,2026-07-17 05:03:00
102864,122,39,1,422.08,cancelled,2026-07-23 17:05:00
102865,123,27,1,309.62,completed,2026-08-07 12:13:00
102866,8,44,2,279.26,completed,2026-08-09 18:30:00
102867,159,30,2,397.78,completed,2026-07-30 02:19:00
102868,12,8,3,481.62,completed,2026-07-30 16:21:00
102869,17,42,3,85.65,completed,2026-08-02 08:05:00
102870,117,43,4,545.0,completed,2026-08-07 21:19:00
102871,40,42,1,222.16,completed,2026-08-04 21:02:00
102872,69,49,1,380.97,cancelled,2026-07-01 00:48:00
102873,98,3,3,568.92,completed,2026-07-04 05:40:00
102874,110,9,3,465.24,completed,2026-08-10 21:27:00
102875,97,11,3,775.14,pending,2026-08-08 17:13:00
102876,17,50,4,1412.0,completed,2026-07-19 12:30:00
102877,21,24,5,2022.15,completed,2026-07-08 13:44:00
102878,135,18,1,267.29,completed,2026-07-23 02:09:00
102879,201,38,1,352.61,completed,2026-07-15 02:26:00
102880,205,47,5,2141.55,cancelled,2026-07-15 06:09:00
102881,96,38,2,33.32,completed,2026-07-10 21:30:00
102882,68,31,5,264.25,completed,2026-08-09 12:25:00
102883,119,39,5,430.1,completed,2026-07-07 03:28:00
102884,15,31,2,877.44,cancelled,2026-08-03 14:04:00
102885,157,48,4,1664.4,completed,2026-07-29 06:14:00
102886,32,35,1,158.16,pending,2026-07-03 11:23:00
102887,191,6,4,91.6,completed,2026-07-07 23:09:00
102888,100,43,5,1259.4,pending,2026-07-09 17:32:00
102889,189,45,5,,completed,2026-07-12 08:27:00
102890,122,31,5,1879.2,pending,2026-07-28 00:47:00
102891,210,48,5,700.3,completed,2026-07-16 05:34:00
102892,174,18,1,237.46,completed,2026-07-18 12:19:00
102893,115,21,2,74.96,completed,2026-07-04 00:16:00
102894,7,17,1,402.72,completed,2026-07-27 23:16:00
102895,196,20,2,36.12,completed,2026-07-06 04:19:00
102896,206,25,5,1473.3,completed,2026-07-30 09:26:00
102897,169,43,4,1460.68,completed,2026-07-07 18:10:00
102898,157,28,2,908.62,completed,2026-07-15 23:51:00
102899,32,21,1,,completed,2026-07-09 22:48:00
102900,36,7,2,321.72,completed,2026-07-03 03:38:00
102901,126,48,5,729.45,completed,2026-07-20 13:47:00
102902,115,18,4,255.44,completed,2026-08-10 23:17:00
102903,90,18,4,190.72,pending,2026-07-10 15:16:00
102904,120,31,4,462.36,completed,2026-08-07 11:38:00
102905,40,33,2,81.56,completed,2026-07-28 05:06:00
102906,131,44,2,206.08,completed,2026-07-16 18:13:00
102907,140,17,1,442.13,completed,2026-08-06 02:50:00
102908,116,12,2,964.36,cancelled,2026-07-24 17:01:00
102909,71,10,3,37.44,completed,2026-07-27 02:26:00
102910,112,36,1,165.49,pending,2026-07-27 21:25:00
102911,23,16,3,1380.48,completed,2026-07-30 23:46:00
102912,37,46,3,401.85,pending,2026-07-29 14:38:00
102913,193,20,1,294.46,cancelled,2026-07-02 05:58:00
102914,109,5,3,326.97,completed,2026-07-16 03:17:00
102915,84,32,3,1278.66,completed,2026-07-22 06:06:00
102916,71,33,3,1439.04,completed,2026-07-03 12:32:00
102917,198,30,4,1239.72,completed,2026-08-01 07:41:00
102918,200,38,3,526.44,completed,2026-07-02 04:19:00
102919,144,14,4,1980.36,completed,2026-07-14 09:20:00
102920,111,1,3,1495.23,pending,2026-07-16 10:12:00
102921,138,17,5,333.2,completed,2026-07-04 17:30:00
102922,43,50,1,442.62,completed,2026-07-27 20:33:00
102923,184,32,4,749.16,cancelled,2026-07-06 16:09:00
102924,125,27,1,84.57,completed,2026-07-18 23:17:00
102925,110,13,5,2458.15,pending,2026-07-28 16:59:00
102926,151,39,3,1386.84,cancelled,2026-07-22 01:44:00
102927,136,6,1,175.86,pending,2026-07-30 00:34:00
102928,155,43,4,1969.04,cancelled,2026-07-20 18:44:00
102929,66,38,4,1451.92,completed,2026-07-08 20:15:00
102930,154,48,2,339.06,completed,2026-07-25 15:17:00
102931,174,27,4,1371.64,cancelled,2026-07-03 12:02:00
102932,44,45,5,2402.0,completed,2026-08-07 20:49:00
102933,179,38,3,1485.06,pending,2026-08-10 15:42:00
102934,91,47,1,209.01,completed,2026-07-06 02:23:00
102935,165,38,3,861.75,completed,2026-07-27 22:49:00
102936,62,6,4,1876.08,completed,2026-08-05 20:00:00
102937,149,50,3,,pending,2026-08-10 08:03:00
102938,152,36,3,,cancelled,2026-08-10 00:07:00
102939,106,11,4,1645.88,completed,2026-07-18 17:58:00
102940,124,1,4,1890.0,pending,2026-07-28 05:26:00
102941,131,39,1,201.86,completed,2026-07-16 00:57:00
102942,176,18,5,1443.35,pending,2026-07-24 05:33:00
102943,62,19,2,828.38,pending,2026-08-03 02:23:00
102944,53,36,1,132.28,completed,2026-07-07 04:32:00
102945,162,41,3,590.4,completed,2026-07-18 14:27:00
102946,172,7,4,864.16,completed,2026-07-24 11:17:00
102947,195,16,1,85.37,completed,2026-07-24 08:45:00
102948,91,11,5,1083.55,cancelled,2026-08-07 15:20:00
102949,187,37,1,231.77,completed,2026-07-06 17:41:00
102950,164,34,3,537.33,completed,2026-07-20 04:12:00
102951,158,16,2,785.42,completed,2026-08-05 20:14:00
102952,168,50,1,90.39,completed,2026-08-08 02:58:00
102953,5,8,3,,cancelled,2026-08-03 02:25:00
102954,181,25,2,,completed,2026-08-08 05:33:00
102955,38,35,4,1134.52,completed,2026-07-14 14:00:00
102956,98,31,4,1258.08,completed,2026-07-04 23:58:00
102957,63,7,4,279.68,completed,2026-08-07 17:35:00
102958,19,36,2,88.94,completed,2026-07-13 19:58:00
102959,153,11,4,1408.52,completed,2026-08-06 14:29:00
102960,48,29,3,1284.87,cancelled,2026-07-15 21:34:00
102961,139,25,3,1313.85,cancelled,2026-07-12 22:17:00
102962,113,17,4,426.56,completed,2026-07-12 07:56:00
102963,201,45,2,268.22,completed,2026-07-31 17:08:00
102964,95,50,5,719.15,completed,2026-07-08 13:31:00
102965,172,38,2,,completed,2026-07-23 16:24:00
102966,52,2,2,986.98,completed,2026-07-25 02:23:00
102967,82,7,5,1367.9,completed,2026-07-25 10:09:00
102968,181,29,4,323.12,completed,2026-07-03 18:24:00
102969,6,29,3,950.28,completed,2026-07-12 14:38:00
102970,153,42,2,867.84,completed,2026-07-17 02:39:00
102971,167,12,1,330.63,completed,2026-07-02 21:47:00
102972,46,43,5,560.65,completed,2026-08-05 07:40:00
102973,205,38,1,467.65,completed,2026-08-09 14:45:00
102974,163,43,2,52.8,cancelled,2026-08-05 15:15:00
102975,7,14,2,945.2,completed,2026-07-25 09:10:00
102976,157,44,2,416.16,completed,2026-07-08 20:30:00
102977,43,14,4,1305.76,completed,2026-07-06 11:21:00
102978,151,16,1,68.75,completed,2026-07-08 00:46:00
102979,200,6,2,991.64,completed,2026-07-14 04:36:00
102980,81,2,1,399.95,cancelled,2026-07-18 04:33:00
102981,44,26,1,390.44,completed,2026-07-21 21:16:00
102982,81,43,2,839.62,completed,2026-07-14 08:33:00
102983,184,11,2,324.86,completed,2026-08-09 01:47:00
102984,30,35,5,1313.45,pending,2026-07-21 22:30:00
102985,162,29,3,1085.31,completed,2026-07-13 11:35:00
102986,185,38,5,331.0,cancelled,2026-08-02 14:44:00
102987,31,16,4,570.84,completed,2026-07-29 23:00:00
102988,91,45,1,87.61,completed,2026-07-26 21:23:00
102989,172,30,3,626.1,completed,2026-07-28 06:29:00
102990,171,18,5,50.95,completed,2026-08-04 20:46:00
102991,198,14,5,2352.15,cancelled,2026-07-29 05:43:00
102992,108,41,1,447.23,completed,2026-07-11 02:38:00
102993,68,16,4,1043.68,completed,2026-07-17 17:24:00
102994,161,5,1,494.94,cancelled,2026-07-04 05:03:00
102995,166,40,5,896.2,completed,2026-07-24 17:34:00
102996,40,20,3,580.8,completed,2026-07-24 22:21:00
102997,162,3,2,461.44,completed,2026-08-06 20:16:00
102998,90,31,5,713.2,completed,2026-07-16 02:34:00
102999,6,40,4,43.56,cancelled,2026-07-07 12:27:00
103000,28,20,4,,completed,2026-07-31 16:24:00
103001,129,35,5,381.25,completed,2026-07-23 00:12:00
103002,183,42,4,1205.36,completed,2026-07-03 14:20:00
103003,182,19,3,252.24,pending,2026-07-05 15:22:00
103004,35,32,4,837.88,completed,2026-07-07 04:09:00
103005,125,2,4,372.6,completed,2026-08-06 12:04:00
103006,179,48,1,341.9,completed,2026-07-13 11:07:00
103007,87,11,4,1211.52,completed,2026-07-04 02:05:00
103008,77,33,3,594.78,completed,2026-07-29 01:04:00
103009,7,47,5,1591.85,pending,2026-07-25 08:16:00
103010,191,35,2,559.8,completed,2026-07-21 13:52:00
103011,77,22,3,24.72,cancelled,2026-07-27 00:53:00
103012,72,19,3,880.11,completed,2026-07-15 13:59:00
103013,164,5,4,,completed,2026-08-07 21:57:00
103014,63,38,4,892.04,completed,2026-07-02 23:25:00
103015,68,40,2,547.6,completed,2026-07-08 06:01:00
103016,70,15,2,628.54,completed,2026-07-18 21:40:00
103017,135,39,1,,completed,2026-07-03 13:06:00
103018,173,44,4,833.48,completed,2026-07-10 04:57:00
103019,149,39,4,296.12,completed,2026-08-05 10:31:00
103020,173,39,3,591.99,completed,2026-08-03 15:16:00
103021,38,13,3,768.03,completed,2026-07-11 06:16:00
103022,84,47,1,244.56,pending,2026-07-01 14:20:00
103023,158,40,2,131.34,completed,2026-07-28 08:05:00
103024,183,23,2,361.02,cancelled,2026-07-25 18:22:00
103025,9,24,3,469.65,completed,2026-08-08 06:17:00
103026,51,15,2,413.76,completed,2026-08-01 17:05:00
103027,80,37,2,910.28,completed,2026-07-05 18:58:00
103028,134,4,3,142.2,completed,2026-07-09 10:39:00
103029,197,35,3,838.02,completed,2026-07-26 22:44:00
103030,209,39,1,44.0,pending,2026-07-23 07:18:00
103031,66,21,1,190.84,cancelled,2026-08-03 18:52:00
103032,140,42,3,1439.67,completed,2026-07-05 20:20:00
103033,28,33,3,1465.5,completed,2026-07-18 03:32:00
103034,170,34,5,548.75,cancelled,2026-07-22 10:10:00
103035,43,29,3,74.85,completed,2026-07-30 21:16:00
103036,14,19,5,,completed,2026-08-07 19:44:00
103037,181,45,3,889.08,completed,2026-07-31 06:36:00
103038,27,15,5,2067.6,completed,2026-07-26 04:15:00
103039,55,27,3,951.18,completed,2026-07-27 08:53:00
103040,169,5,5,248.2,completed,2026-07-29 15:36:00
103041,129,30,2,15.74,completed,2026-07-15 16:42:00
103042,151,49,2,393.96,cancelled,2026-07-05 05:50:00
103043,179,19,4,756.64,completed,2026-07-19 22:42:00
103044,62,41,1,274.99,completed,2026-07-06 02:05:00
103045,72,33,2,996.96,completed,2026-07-02 02:31:00
103046,144,2,4,629.52,completed,2026-07-16 05:12:00
103047,162,2,1,170.93,completed,2026-07-17 05:28:00
103048,1,36,1,411.15,completed,2026-07-25 04:44:00
103049,48,1,4,1244.6,completed,2026-07-09 11:13:00
103050,127,24,5,211.2,completed,2026-07-14 18:29:00
103051,208,21,1,200.87,completed,2026-07-20 10:38:00
103052,178,2,5,2081.25,completed,2026-08-06 04:19:00
103053,59,27,5,895.1,completed,2026-07-11 21:13:00
103054,206,17,2,446.14,cancelled,2026-07-02 00:06:00
103055,28,2,4,91.08,completed,2026-07-12 02:14:00
103056,175,29,1,342.61,completed,2026-07-03 10:55:00
103057,110,39,4,146.28,completed,2026-07-20 02:43:00
103058,122,24,2,873.46,completed,2026-08-05 18:17:00
103059,138,22,4,1700.72,cancelled,2026-08-09 01:04:00
103060,206,2,4,1131.4,completed,2026-07-14 17:03:00
103061,21,15,4,965.96,cancelled,2026-07-01 23:34:00
103062,171,17,5,249.15,completed,2026-08-01 13:00:00
103063,203,5,2,44.2,cancelled,2026-07-12 18:09:00
103064,19,19,4,1503.4,cancelled,2026-08-07 18:55:00
103065,118,34,4,1224.6,completed,2026-08-06 05:13:00
103066,204,16,2,750.3,pending,2026-08-06 23:39:00
103067,93,27,1,28.26,completed,2026-07-07 15:29:00
103068,99,40,3,979.77,completed,2026-07-20 15:13:00
103069,202,38,5,1625.1,completed,2026-08-01 01:24:00
103070,15,47,4,1963.64,completed,2026-08-07 19:47:00
103071,177,15,1,128.37,completed,2026-07-01 20:07:00
103072,16,21,4,1112.8,pending,2026-07-19 13:48:00
103073,179,48,5,1626.15,pending,2026-07-19 13:21:00
103074,16,7,5,1056.95,pending,2026-08-10 04:10:00
103075,41,33,5,2307.05,completed,2026-07-12 08:34:00
103076,112,47,4,1443.32,completed,2026-07-23 08:21:00
103077,7,34,3,766.44,cancelled,2026-07-14 23:51:00
103078,145,41,2,685.18,completed,2026-07-07 15:33:00
103079,152,32,1,113.68,completed,2026-08-02 21:22:00
103080,95,46,3,746.94,completed,2026-08-01 08:23:00
103081,40,2,2,448.04,completed,2026-08-01 14:59:00
103082,9,11,5,419.25,completed,2026-08-08 05:31:00
103083,193,39,4,1548.52,completed,2026-07-21 22:14:00
103084,193,6,5,615.85,completed,2026-07-21 10:37:00
103085,98,4,3,757.74,completed,2026-07-19 15:00:00
103086,35,5,4,922.36,completed,2026-07-21 02:21:00
103087,8,22,1,73.0,completed,2026-07-23 19:20:00
103088,157,36,4,116.76,completed,2026-07-09 20:13:00
103089,123,29,2,771.54,completed,2026-07-25 15:03:00
103090,8,50,3,282.69,completed,2026-07-02 19:54:00
103091,122,30,5,1145.3,completed,2026-07-15 11:28:00
103092,198,50,5,923.45,completed,2026-07-24 22:17:00
103093,35,14,4,185.44,completed,2026-07-22 21:54:00
103094,92,42,2,444.52,completed,2026-08-03 06:30:00
103095,165,36,3,560.46,completed,2026-07-09 03:24:00
103096,19,23,2,854.5,completed,2026-07-25 18:33:00
103097,122,44,3,1047.24,completed,2026-07-03 17:51:00
103098,102,29,3,1420.2,completed,2026-07-26 21:11:00
103099,150,36,1,282.7,completed,2026-07-04 23:22:00
103100,83,25,3,1109.82,completed,2026-07-27 20:07:00
103101,56,43,2,450.84,cancelled,2026-07-26 05:57:00
103102,74,10,2,628.98,completed,2026-07-15 00:58:00
103103,160,1,5,2347.6,pending,2026-07-06 12:47:00
103104,187,9,5,700.45,completed,2026-07-12 16:52:00
103105,159,1,5,1223.0,completed,2026-07-05 01:41:00
103106,108,26,4,1563.24,completed,2026-07-11 13:31:00
103107,163,3,5,2071.35,cancelled,2026-07-16 06:07:00
103108,193,14,4,663.88,completed,2026-07-25 01:30:00
103109,79,6,3,1138.02,completed,2026-07-31 18:57:00
103110,131,38,1,63.02,completed,2026-07-16 21:42:00
103111,178,12,1,82.5,completed,2026-07-20 16:37:00
103112,164,29,5,1009.3,completed,2026-07-26 06:32:00
103113,155,36,5,939.15,completed,2026-07-05 05:36:00
103114,180,17,3,872.01,completed,2026-08-05 19:54:00
103115,205,12,2,956.56,completed,2026-07-01 01:16:00
103116,163,20,3,,completed,2026-07-15 18:10:00
103117,90,40,2,387.9,completed,2026-07-15 04:04:00
103118,88,2,5,307.95,completed,2026-07-06 15:32:00
103119,116,14,2,208.48,completed,2026-07-24 17:11:00
103120,164,44,1,293.44,completed,2026-07-09 05:06:00
103121,144,19,3,1088.7,completed,2026-07-14 14:07:00
103122,175,44,2,687.02,completed,2026-07-29 22:40:00
103123,14,7,1,341.57,completed,2026-07-07 10:34:00
103124,67,26,3,1206.84,completed,2026-07-15 05:06:00
103125,193,20,1,359.93,cancelled,2026-07-12 05:30:00
103126,164,23,2,,completed,2026-08-08 14:16:00
103127,7,44,4,94.72,cancelled,2026-07-09 21:03:00
103128,146,28,4,1656.48,completed,2026-07-31 08:41:00
103129,155,22,2,995.12,completed,2026-07-25 12:58:00
103130,152,15,3,261.69,completed,2026-07-02 22:53:00
103131,61,18,5,2250.95,completed,2026-07-10 10:31:00
103132,18,48,1,353.67,cancelled,2026-07-04 07:48:00
103133,16,23,2,339.58,completed,2026-07-08 03:16:00
103134,113,15,3,251.19,completed,2026-08-05 09:15:00
103135,157,48,5,1651.25,completed,2026-07-07 17:46:00
103136,137,23,4,1313.24,completed,2026-07-06 00:01:00
103137,61,31,1,427.88,completed,2026-07-19 11:11:00
103138,123,42,2,154.54,completed,2026-07-20 22:06:00
103139,181,45,5,387.8,completed,2026-08-03 00:57:00
103140,44,15,3,175.83,completed,2026-08-07 22:25:00
103141,89,37,4,331.16,completed,2026-08-08 12:02:00
103142,70,50,5,1207.75,completed,2026-07-12 01:42:00
103143,178,41,2,199.6,completed,2026-07-19 21:36:00
103144,49,9,3,1427.91,completed,2026-07-11 22:42:00
103145,142,42,3,103.98,cancelled,2026-07-23 21:48:00
103146,196,23,5,2367.55,completed,2026-07-01 10:19:00
103147,190,4,4,1502.36,completed,2026-07-27 18:11:00
103148,158,48,3,1204.38,completed,2026-07-30 17:44:00
103149,3,45,5,1486.8,completed,2026-07-08 18:59:00
103150,199,34,2,574.4,pending,2026-08-07 06:24:00
103151,114,38,4,1156.52,completed,2026-07-16 16:42:00
103152,161,27,2,108.08,completed,2026-07-20 14:16:00
103153,116,17,3,229.26,completed,2026-07-30 02:01:00
103154,74,20,2,817.34,completed,2026-07-05 12:25:00
103155,143,36,3,369.84,completed,2026-08-05 16:39:00
103156,157,47,1,333.69,completed,2026-07-10 22:52:00
103157,192,44,2,963.54,cancelled,2026-07-31 11:00:00
103158,72,13,2,962.5,completed,2026-07-09 12:50:00
103159,34,30,5,1627.65,completed,2026-07-30 10:43:00
103160,160,38,4,1915.96,completed,2026-07-24 05:58:00
103161,68,45,1,216.35,completed,2026-07-24 16:22:00
103162,38,23,3,882.21,cancelled,2026-08-07 08:04:00
103163,75,4,4,1140.64,completed,2026-07-15 21:06:00
103164,27,33,3,89.01,cancelled,2026-08-02 12:18:00
103165,142,11,2,706.78,completed,2026-08-08 13:05:00
103166,98,2,1,233.79,completed,2026-07-24 22:00:00
103167,103,3,3,911.64,completed,2026-07-30 15:09:00
103168,39,10,1,108.35,cancelled,2026-07-03 13:04:00
103169,186,48,3,1271.07,completed,2026-08-07 10:35:00
103170,92,38,4,1495.28,completed,2026-07-10 05:22:00
103171,184,11,1,272.51,completed,2026-07-12 08:26:00
103172,203,46,4,755.16,cancelled,2026-08-06 16:41:00
103173,133,4,3,1476.27,completed,2026-07-28 20:09:00
103174,182,48,1,293.65,completed,2026-08-05 23:30:00
103175,150,33,1,40.15,pending,2026-07-23 14:34:00
103176,107,45,1,61.82,completed,2026-07-09 01:34:00
103177,182,50,2,211.94,pending,2026-07-14 11:44:00
103178,16,48,2,151.24,completed,2026-07-08 12:55:00
103179,167,4,5,1394.5,completed,2026-07-07 11:53:00
103180,69,21,5,1179.3,completed,2026-07-25 15:42:00
103181,149,32,3,1221.96,completed,2026-07-15 07:16:00
103182,19,29,4,551.16,completed,2026-07-26 11:51:00
103183,132,49,1,177.09,completed,2026-07-12 22:45:00
103184,26,49,4,1063.0,completed,2026-07-22 00:35:00
103185,46,46,4,886.24,completed,2026-08-03 15:49:00
103186,84,41,3,228.63,cancelled,2026-07-01 18:56:00
103187,35,31,4,314.68,completed,2026-08-07 15:35:00
103188,126,48,5,959.85,completed,2026-07-19 01:55:00
103189,141,17,4,269.24,completed,2026-07-13 21:06:00
103190,7,44,2,906.68,completed,2026-07-21 04:53:00
103191,89,20,2,183.44,completed,2026-08-07 04:10:00
103192,119,5,5,1650.4,cancelled,2026-08-10 13:15:00
103193,182,7,3,1157.97,cancelled,2026-08-06 01:35:00
103194,185,38,5,871.55,completed,2026-07-21 02:25:00
103195,183,28,4,1080.04,completed,2026-07-18 21:56:00
103196,75,26,3,1307.73,completed,2026-07-19 12:03:00
103197,140,39,1,,completed,2026-08-07 08:54:00
103198,66,15,1,130.24,completed,2026-08-05 22:43:00
103199,95,36,4,360.8,cancelled,2026-07-02 00:59:00
103200,52,47,4,1898.4,completed,2026-07-13 01:42:00
103201,71,19,1,195.13,pending,2026-07-09 00:09:00
103202,60,8,3,1375.32,completed,2026-07-28 10:06:00
103203,194,6,5,51.25,completed,2026-07-15 06:19:00
103204,6,6,4,1239.88,completed,2026-07-23 22:31:00
103205,70,23,4,1620.56,completed,2026-07-04 03:18:00
103206,11,22,4,1108.2,completed,2026-07-18 14:32:00
103207,60,14,2,,completed,2026-07-22 22:12:00
103208,95,50,4,1622.52,completed,2026-07-19 02:56:00
103209,8,18,2,588.7,completed,2026-07-09 05:15:00
103210,87,39,4,386.16,cancelled,2026-07-20 13:12:00
103211,175,42,4,1166.16,pending,2026-07-31 07:28:00
103212,158,39,5,2211.65,completed,2026-07-15 07:39:00
103213,12,19,4,,cancelled,2026-07-29 16:55:00
103214,126,31,5,718.15,completed,2026-07-25 12:40:00
103215,120,33,2,649.46,completed,2026-07-18 01:28:00
103216,80,3,2,153.54,completed,2026-08-03 13:32:00
103217,159,1,5,669.4,cancelled,2026-07-08 03:29:00
103218,4,18,4,1885.32,cancelled,2026-07-14 18:17:00
103219,120,2,1,,completed,2026-07-27 20:22:00
103220,195,12,5,1004.65,completed,2026-07-27 18:29:00
103221,127,14,2,519.66,completed,2026-07-06 09:32:00
103222,153,3,2,127.42,completed,2026-07-13 13:22:00
103223,151,1,5,2097.15,completed,2026-07-17 06:34:00
103224,143,36,3,1434.42,cancelled,2026-07-24 17:27:00
103225,182,48,1,291.91,completed,2026-07-26 18:15:00
103226,150,49,3,387.54,completed,2026-07-10 00:24:00
103227,155,3,4,1272.12,completed,2026-08-10 22:36:00
103228,20,23,1,438.7,pending,2026-08-10 11:05:00
103229,25,10,4,110.28,completed,2026-08-03 06:28:00
103230,159,40,1,281.92,completed,2026-07-16 09:46:00
103231,30,7,4,1385.64,completed,2026-07-16 22:39:00
103232,196,31,1,446.13,completed,2026-07-20 08:53:00
103233,70,25,4,1855.72,cancelled,2026-07-02 15:38:00
103234,157,25,1,400.35,cancelled,2026-07-07 22:52:00
103235,93,42,2,958.36,cancelled,2026-07-03 19:24:00
103236,35,35,2,399.04,cancelled,2026-07-15 14:34:00
103237,146,32,3,922.95,completed,2026-07-07 05:07:00
103238,8,50,2,739.58,completed,2026-08-05 20:53:00
103239,42,46,1,254.53,completed,2026-07-24 07:04:00
103240,94,28,3,391.17,completed,2026-07-22 13:00:00
103241,188,10,3,342.81,completed,2026-07-01 01:44:00
103242,151,42,5,1829.2,completed,2026-08-03 10:01:00
103243,41,29,2,470.04,completed,2026-07-23 15:23:00
103244,125,24,3,881.34,completed,2026-07-09 22:33:00
103245,78,41,2,636.86,completed,2026-07-27 19:18:00
103246,137,22,5,221.0,pending,2026-07-07 22:25:00
103247,5,20,5,701.2,completed,2026-07-02 17:38:00
103248,183,28,4,1404.52,completed,2026-07-25 18:21:00
103249,131,27,4,1777.8,cancelled,2026-07-31 11:55:00
103250,201,46,1,177.43,completed,2026-07-12 03:44:00
103251,185,22,3,1035.87,completed,2026-08-02 15:12:00
103252,115,4,3,1239.51,completed,2026-07-21 22:39:00
103253,183,20,5,339.1,completed,2026-08-10 17:43:00
103254,113,45,5,52.95,completed,2026-07-30 08:36:00
103255,84,46,1,151.31,completed,2026-07-11 08:54:00
103256,79,47,1,208.82,completed,2026-07-17 03:18:00
103257,191,19,5,1524.75,completed,2026-07-27 11:50:00
103258,140,8,2,69.08,completed,2026-07-18 06:25:00
103259,145,15,4,1862.88,cancelled,2026-08-08 03:01:00
103260,5,14,4,1364.32,completed,2026-08-07 03:17:00
103261,20,9,4,1245.84,completed,2026-07-14 02:35:00
103262,51,49,1,349.45,cancelled,2026-07-31 11:52:00
103263,47,26,5,383.3,completed,2026-08-03 10:12:00
103264,72,39,2,525.26,completed,2026-07-17 10:01:00
103265,117,15,1,352.46,completed,2026-07-23 17:38:00
103266,93,25,5,1740.4,completed,2026-07-31 17:06:00
103267,103,32,2,384.18,completed,2026-07-22 21:16:00
103268,87,8,1,447.6,completed,2026-08-09 03:02:00
103269,127,35,1,167.07,completed,2026-07-04 14:01:00
103270,25,17,2,979.38,completed,2026-08-01 19:29:00
103271,65,16,5,2315.75,completed,2026-07-30 00:40:00
103272,195,44,2,113.46,cancelled,2026-07-05 03:25:00
103273,194,33,2,610.08,completed,2026-07-03 01:06:00
103274,35,43,2,824.68,completed,2026-08-04 22:12:00
103275,32,4,1,15.65,completed,2026-07-25 06:57:00
103276,50,23,3,1444.41,completed,2026-08-06 05:00:00
103277,123,46,3,18.45,completed,2026-07-26 19:32:00
103278,82,15,1,387.32,cancelled,2026-07-26 00:01:00
103279,39,30,5,,completed,2026-07-02 23:36:00
103280,132,15,1,101.13,completed,2026-07-04 13:03:00
103281,40,19,2,868.38,completed,2026-08-06 23:55:00
103282,154,11,5,,completed,2026-07-13 18:09:00
103283,58,48,2,297.9,completed,2026-08-04 13:32:00
103284,130,41,2,256.1,completed,2026-07-24 22:08:00
103285,60,38,3,1381.74,completed,2026-07-12 11:30:00
103286,151,29,5,1988.8,completed,2026-07-22 05:49:00
103287,2,39,2,140.04,cancelled,2026-08-04 22:08:00
103288,106,33,3,1105.62,cancelled,2026-07-02 04:13:00
103289,163,9,1,199.28,completed,2026-07-13 00:02:00
103290,147,18,5,1434.75,completed,2026-07-19 12:47:00
103291,96,18,3,613.44,completed,2026-07-12 06:26:00
103292,54,32,1,274.32,completed,2026-07-12 05:12:00
103293,62,13,3,999.21,completed,2026-07-14 08:55:00
103294,155,15,1,400.47,completed,2026-07-23 21:38:00
103295,31,44,3,735.99,completed,2026-08-04 19:12:00
103296,21,33,5,2151.0,completed,2026-07-06 12:36:00
103297,177,7,2,216.44,completed,2026-07-26 06:19:00
103298,19,5,1,462.03,completed,2026-07-12 18:49:00
103299,183,32,3,555.45,completed,2026-07-04 02:48:00
103300,127,31,1,478.94,completed,2026-07-03 13:54:00
103301,160,28,3,944.34,completed,2026-07-07 12:54:00
103302,81,4,5,2459.1,completed,2026-08-01 08:50:00
103303,73,46,3,1269.72,cancelled,2026-07-28 19:48:00
103304,71,14,2,915.32,completed,2026-08-02 07:57:00
103305,75,38,5,1249.15,cancelled,2026-07-01 07:57:00
103306,15,20,5,251.9,completed,2026-07-06 17:10:00
103307,64,6,1,433.0,completed,2026-07-16 19:48:00
103308,57,23,3,276.3,completed,2026-08-06 05:13:00
103309,153,32,5,1271.4,completed,2026-07-16 01:25:00
103310,24,48,4,883.2,completed,2026-07-07 05:47:00
103311,81,50,4,1264.48,completed,2026-08-02 22:08:00
103312,31,4,3,157.98,completed,2026-07-26 12:52:00
103313,53,37,5,937.3,cancelled,2026-07-27 19:37:00
103314,108,28,3,174.87,cancelled,2026-07-23 00:07:00
103315,45,41,5,283.75,completed,2026-08-03 04:40:00
103316,164,11,4,1467.2,cancelled,2026-07-22 20:28:00
103317,3,16,2,645.72,completed,2026-07-15 21:54:00
103318,97,42,2,268.28,cancelled,2026-07-06 03:34:00
103319,108,43,1,481.34,completed,2026-07-17 04:21:00
103320,15,34,3,1439.16,completed,2026-08-06 11:39:00
103321,1,39,4,,completed,2026-07-16 18:59:00
103322,9,16,1,301.93,completed,2026-07-15 04:06:00
103323,30,45,4,1519.8,completed,2026-08-08 10:08:00
103324,9,14,2,555.18,completed,2026-07-08 21:49:00
103325,36,3,5,166.2,pending,2026-07-28 13:27:00
103326,175,15,4,1133.84,pending,2026-07-15 17:36:00
103327,98,13,4,593.2,cancelled,2026-08-09 07:22:00
103328,51,17,4,447.72,completed,2026-08-05 06:24:00
103329,146,36,4,1802.4,completed,2026-07-04 00:59:00
103330,181,29,5,529.5,cancelled,2026-07-05 05:30:00
103331,129,1,2,404.92,cancelled,2026-08-01 17:21:00
103332,155,44,1,217.93,completed,2026-08-07 23:50:00
103333,19,18,1,134.47,completed,2026-07-30 06:33:00
103334,189,42,2,715.06,completed,2026-07-30 21:31:00
103335,76,46,1,15.5,completed,2026-07-30 17:35:00
103336,103,18,1,481.37,completed,2026-07-05 14:02:00
103337,25,9,5,181.7,completed,2026-07-08 01:19:00
103338,103,20,4,46.8,completed,2026-07-21 19:14:00
103339,135,36,3,811.5,completed,2026-08-01 17:17:00
103340,154,26,5,381.5,completed,2026-07-08 03:22:00
103341,54,11,4,729.64,completed,2026-07-24 00:04:00
103342,205,26,3,1465.38,completed,2026-07-10 22:04:00
103343,206,39,1,418.63,cancelled,2026-08-01 11:19:00
103344,34,16,5,278.2,completed,2026-08-06 00:02:00
103345,38,9,1,442.11,completed,2026-08-02 10:29:00
103346,105,16,2,492.82,completed,2026-07-21 23:53:00
103347,208,1,3,222.18,cancelled,2026-07-07 21:11:00
103348,4,14,2,103.16,pending,2026-07-29 18:30:00
103349,51,8,2,663.28,completed,2026-07-20 14:10:00
103350,66,39,4,966.88,completed,2026-07-29 20:00:00
103351,150,11,5,1080.9,completed,2026-07-28 03:54:00
103352,172,40,4,735.56,completed,2026-08-09 11:40:00
103353,52,16,2,933.84,completed,2026-07-18 02:46:00
103354,24,48,2,418.68,completed,2026-07-09 06:29:00
103355,53,38,1,272.44,completed,2026-07-14 05:03:00
103356,56,48,3,1306.71,completed,2026-07-08 18:22:00
103357,84,5,3,770.88,cancelled,2026-07-17 12:02:00
103358,36,50,3,490.41,completed,2026-07-19 19:36:00
103359,210,9,5,2074.45,completed,2026-07-14 19:17:00
103360,199,12,4,532.56,completed,2026-08-07 23:30:00
103361,141,39,5,936.55,completed,2026-07-19 20:59:00
103362,195,21,3,625.98,completed,2026-07-10 17:52:00
103363,130,20,4,1280.08,completed,2026-08-02 14:43:00
103364,156,15,3,366.3,cancelled,2026-08-03 19:46:00
103365,95,16,2,423.9,completed,2026-08-06 21:14:00
103366,67,42,2,579.74,pending,2026-07-28 16:00:00
103367,107,29,3,1169.55,cancelled,2026-08-02 02:14:00
103368,177,43,5,1282.95,completed,2026-07-08 10:48:00
103369,170,41,5,53.95,completed,2026-08-07 03:54:00
103370,176,21,2,286.0,completed,2026-07-10 18:01:00
103371,164,48,2,224.38,completed,2026-08-04 04:51:00
103372,169,24,2,440.2,completed,2026-07-17 09:58:00
103373,18,5,4,1855.64,completed,2026-07-20 16:53:00
103374,151,7,4,398.2,completed,2026-07-26 23:47:00
103375,166,8,3,555.33,completed,2026-07-31 20:15:00
103376,15,46,4,131.52,completed,2026-07-29 07:38:00
103377,208,48,5,1685.3,cancelled,2026-07-12 05:15:00
103378,182,50,3,987.06,completed,2026-07-11 21:06:00
103379,44,16,2,822.52,completed,2026-08-03 16:43:00
103380,25,6,1,,completed,2026-07-13 11:06:00
103381,136,26,5,1445.85,completed,2026-07-19 20:00:00
103382,25,7,4,1701.8,completed,2026-07-29 10:16:00
103383,158,1,5,168.7,completed,2026-07-14 21:09:00
103384,141,14,2,653.84,completed,2026-07-26 10:58:00
103385,105,29,1,299.53,completed,2026-08-06 02:13:00
103386,196,5,1,231.23,completed,2026-07-30 01:30:00
103387,85,37,3,488.58,cancelled,2026-08-02 07:24:00
103388,156,11,5,2141.8,completed,2026-08-10 18:01:00
103389,159,33,5,763.25,completed,2026-07-02 08:43:00
103390,76,18,2,865.98,completed,2026-07-08 01:28:00
103391,31,25,3,676.98,cancelled,2026-08-10 14:29:00
103392,193,5,1,199.06,pending,2026-07-19 00:18:00
103393,106,46,3,69.15,completed,2026-07-22 09:14:00
103394,168,25,2,355.12,completed,2026-07-22 10:52:00
103395,94,43,1,,completed,2026-08-04 23:24:00
103396,115,7,4,1743.8,completed,2026-08-09 18:04:00
103397,125,42,4,1604.16,completed,2026-08-03 15:14:00
103398,184,1,2,801.92,completed,2026-07-02 21:11:00
103399,203,9,2,647.56,completed,2026-08-09 04:31:00
103400,159,3,5,1652.9,pending,2026-07-17 13:25:00
103401,97,18,4,975.48,completed,2026-07-04 04:03:00
103402,64,46,1,52.6,completed,2026-07-06 08:17:00
103403,146,19,5,1229.3,completed,2026-07-18 05:08:00
103404,210,47,3,287.46,cancelled,2026-08-07 10:06:00
103405,48,31,2,472.46,completed,2026-07-16 02:54:00
103406,81,33,4,184.72,completed,2026-07-19 23:22:00
103407,21,47,1,171.59,cancelled,2026-07-15 01:50:00
103408,135,29,4,1821.08,pending,2026-08-07 14:02:00
103409,182,17,3,52.47,completed,2026-07-06 10:21:00
103410,27,25,4,507.84,completed,2026-08-02 00:15:00
103411,56,11,4,1074.92,completed,2026-07-17 21:59:00
103412,74,12,5,781.7,completed,2026-07-26 09:16:00
103413,70,20,4,337.56,completed,2026-07-23 03:32:00
103414,201,34,4,1668.28,completed,2026-07-28 17:33:00
103415,8,46,5,2200.6,pending,2026-07-25 06:12:00
103416,23,33,1,462.09,completed,2026-07-12 12:48:00
103417,19,7,2,548.36,cancelled,2026-07-06 19:05:00
103418,126,5,2,401.56,pending,2026-07-23 20:29:00
103419,180,9,4,1416.56,completed,2026-08-07 17:12:00
103420,209,9,2,522.5,completed,2026-07-27 07:47:00
103421,84,7,2,332.48,completed,2026-07-13 09:56:00
103422,126,14,4,1887.6,completed,2026-07-11 06:43:00
103423,139,44,3,1499.31,cancelled,2026-08-07 21:38:00
103424,63,37,4,658.24,pending,2026-08-07 17:30:00
103425,174,14,1,455.86,completed,2026-08-05 17:04:00
103426,56,42,4,1799.8,cancelled,2026-07-27 19:33:00
103427,49,18,1,211.04,cancelled,2026-07-19 13:20:00
103428,81,50,2,317.62,completed,2026-07-26 12:01:00
103429,53,40,2,731.6,completed,2026-07-12 00:53:00
103430,104,40,2,82.78,completed,2026-07-15 11:37:00
103431,190,24,3,138.84,completed,2026-07-17 20:42:00
103432,53,29,1,266.87,cancelled,2026-07-18 04:56:00
103433,56,46,1,404.01,completed,2026-08-06 14:12:00
103434,53,46,2,70.26,cancelled,2026-07-04 18:18:00
103435,84,17,5,2045.15,pending,2026-07-02 22:25:00
103436,49,27,1,228.22,completed,2026-07-14 04:20:00
103437,11,26,3,708.87,pending,2026-08-01 03:40:00
103438,134,24,4,463.12,completed,2026-07-15 07:31:00
103439,145,12,5,2308.15,cancelled,2026-07-28 17:01:00
103440,148,16,4,,completed,2026-07-26 07:15:00
103441,158,6,2,733.36,completed,2026-07-20 22:35:00
103442,134,2,5,77.55,pending,2026-07-04 13:03:00
103443,13,22,3,603.84,completed,2026-07-17 18:58:00
103444,169,35,1,231.42,completed,2026-08-08 22:41:00
103445,144,10,4,1279.52,completed,2026-07-05 22:09:00
103446,64,49,2,111.12,completed,2026-07-16 01:49:00
103447,143,5,3,170.34,completed,2026-07-31 18:27:00
103448,195,48,1,248.59,completed,2026-07-31 20:48:00
103449,13,29,5,633.5,completed,2026-08-03 10:12:00
103450,147,9,1,474.26,completed,2026-07-02 12:11:00
103451,114,15,3,730.59,completed,2026-08-01 14:01:00
103452,194,12,4,172.24,completed,2026-07-19 15:23:00
103453,104,45,4,1368.6,completed,2026-08-02 15:33:00
103454,9,12,5,1118.75,completed,2026-08-06 21:04:00
103455,177,45,4,1485.6,completed,2026-08-09 17:24:00
103456,196,12,5,1363.65,pending,2026-07-19 23:59:00
103457,80,40,1,80.37,completed,2026-07-01 08:58:00
103458,26,50,3,73.65,completed,2026-07-13 10:27:00
103459,174,29,1,109.19,pending,2026-07-29 05:48:00
103460,38,23,2,608.12,completed,2026-07-27 23:09:00
103461,66,46,1,299.13,completed,2026-07-05 18:42:00
103462,95,42,4,741.76,completed,2026-08-04 20:18:00
103463,84,11,4,1957.32,completed,2026-08-03 05:28:00
103464,132,33,4,66.0,cancelled,2026-07-19 18:55:00
103465,12,2,5,71.9,pending,2026-07-12 02:28:00
103466,121,46,3,277.44,cancelled,2026-07-04 14:51:00
103467,140,40,2,153.88,pending,2026-07-05 18:12:00
103468,37,49,3,42.96,completed,2026-08-03 22:41:00
103469,119,36,3,1495.89,completed,2026-07-08 17:20:00
103470,79,27,5,1616.4,completed,2026-07-19 12:24:00
103471,19,11,3,17.7,completed,2026-08-08 01:30:00
103472,167,27,3,1424.49,completed,2026-08-05 01:17:00
103473,166,25,5,1410.85,completed,2026-07-09 09:54:00
103474,9,37,3,795.36,completed,2026-07-12 23:24:00
103475,36,48,1,435.54,pending,2026-07-11 06:07:00
103476,33,24,4,706.64,completed,2026-07-27 06:19:00
103477,44,15,2,329.7,completed,2026-07-08 01:03:00
103478,187,29,3,1398.0,cancelled,2026-07-12 04:11:00
103479,134,42,3,1176.36,completed,2026-08-09 09:36:00
103480,34,26,3,865.38,completed,2026-08-05 01:08:00
103481,58,7,2,972.98,completed,2026-08-02 17:00:00
103482,142,12,3,1230.06,completed,2026-08-04 11:09:00
103483,179,8,3,178.14,completed,2026-07-31 12:40:00
103484,204,15,5,1056.25,completed,2026-07-15 22:44:00
103485,5,5,2,254.66,cancelled,2026-07-03 22:24:00
103486,10,27,4,1492.88,completed,2026-07-03 15:13:00
103487,43,30,1,18.16,pending,2026-07-19 02:19:00
103488,167,17,5,928.5,completed,2026-08-02 17:19:00
103489,101,17,5,1797.95,completed,2026-07-12 10:16:00
103490,48,50,2,451.36,completed,2026-08-02 05:42:00
103491,145,34,1,,completed,2026-07-29 18:28:00
103492,56,15,1,332.88,completed,2026-08-07 05:06:00
103493,15,24,2,950.42,completed,2026-07-02 10:49:00
103494,142,14,2,877.06,completed,2026-07-10 01:27:00
103495,123,31,5,1723.65,cancelled,2026-08-01 07:35:00
103496,1,29,3,390.18,pending,2026-07-27 19:13:00
103497,25,44,4,610.12,completed,2026-07-18 13:22:00
103498,58,33,4,1273.32,cancelled,2026-07-13 16:37:00
103499,164,19,2,944.18,completed,2026-07-10 01:21:00
103500,95,32,2,742.44,completed,2026-07-30 07:33:00
103501,193,47,3,359.13,completed,2026-08-02 02:51:00
103502,68,12,2,675.12,completed,2026-08-09 13:01:00
103503,170,35,1,440.36,completed,2026-07-05 02:27:00
103504,70,27,4,1980.72,completed,2026-07-09 09:08:00
103505,131,32,3,75.42,completed,2026-07-07 22:31:00
103506,161,24,3,897.24,completed,2026-07-20 12:39:00
103507,175,12,3,844.92,completed,2026-07-12 09:15:00
103508,80,26,1,316.07,completed,2026-07-27 17:42:00
103509,174,33,5,2039.95,completed,2026-07-17 19:16:00
103510,45,10,3,1289.88,completed,2026-07-15 18:53:00
103511,165,42,1,57.53,completed,2026-07-10 16:35:00
103512,35,3,3,505.83,completed,2026-07-18 03:25:00
103513,145,46,2,566.26,completed,2026-07-13 18:09:00
103514,92,35,1,129.74,completed,2026-07-15 18:41:00
103515,127,39,3,998.79,completed,2026-08-10 03:33:00
103516,53,29,3,1376.82,completed,2026-07-18 16:04:00
103517,34,22,5,1114.25,completed,2026-08-05 06:56:00
103518,131,18,3,116.46,completed,2026-07-29 05:19:00
103519,116,36,2,697.86,completed,2026-07-27 09:50:00
103520,22,19,5,2202.1,completed,2026-08-08 01:44:00
103521,179,2,3,1391.43,completed,2026-07-12 17:42:00
103522,21,9,2,615.28,pending,2026-07-18 11:07:00
103523,145,50,1,155.62,completed,2026-07-18 18:44:00
103524,148,49,3,525.09,completed,2026-07-18 16:26:00
103525,170,43,2,378.52,completed,2026-08-04 23:56:00
103526,127,25,2,724.3,completed,2026-08-09 13:22:00
103527,140,31,3,810.9,completed,2026-08-08 11:06:00
103528,20,46,3,709.59,completed,2026-07-11 14:54:00
103529,151,26,5,309.15,completed,2026-08-09 18:12:00
103530,45,2,4,1739.88,completed,2026-07-15 12:07:00
103531,161,13,1,450.83,completed,2026-07-18 03:38:00
103532,142,48,4,1238.04,completed,2026-07-06 12:30:00
103533,171,14,3,1346.55,completed,2026-07-09 23:34:00
103534,121,28,2,296.86,completed,2026-08-01 08:17:00
103535,189,38,3,196.65,completed,2026-07-26 10:22:00
103536,203,29,1,193.17,completed,2026-07-19 21:00:00
103537,137,5,5,1257.5,completed,2026-08-08 20:53:00
103538,119,24,3,50.04,completed,2026-07-05 15:10:00
103539,130,16,5,93.0,completed,2026-08-01 07:55:00
103540,122,22,4,545.8,completed,2026-07-06 19:03:00
103541,119,31,5,2348.05,completed,2026-07-18 20:36:00
103542,5,9,3,441.84,cancelled,2026-08-02 19:54:00
103543,38,1,4,67.84,completed,2026-07-10 12:28:00
103544,197,8,1,,completed,2026-07-28 20:54:00
103545,29,47,1,118.67,completed,2026-08-09 12:06:00
103546,179,2,1,67.05,completed,2026-07-11 22:16:00
103547,167,24,3,894.99,completed,2026-07-07 03:34:00
103548,187,22,5,,completed,2026-07-16 14:02:00
103549,96,36,1,190.68,completed,2026-07-09 13:35:00
103550,145,46,2,239.44,completed,2026-07-11 12:52:00
103551,186,43,5,730.35,completed,2026-07-20 08:58:00
103552,20,4,3,813.63,completed,2026-07-11 20:53:00
103553,117,33,5,176.5,completed,2026-07-24 15:05:00
103554,117,43,5,731.7,completed,2026-08-03 21:23:00
103555,171,13,4,1060.16,completed,2026-07-12 06:32:00
103556,97,6,4,1423.2,completed,2026-07-16 21:15:00
103557,64,12,5,862.6,completed,2026-08-03 06:06:00
103558,125,2,3,966.57,completed,2026-07-11 16:07:00
103559,187,40,2,855.2,completed,2026-07-07 04:14:00
103560,142,4,5,1745.45,completed,2026-07-19 09:11:00
103561,192,50,4,1158.56,completed,2026-07-06 04:21:00
103562,27,16,5,1410.7,cancelled,2026-07-12 17:49:00
103563,22,28,1,312.38,cancelled,2026-08-03 23:44:00
103564,131,16,3,800.16,completed,2026-07-17 16:56:00
103565,68,21,5,1265.65,completed,2026-08-08 21:47:00
103566,166,41,1,,completed,2026-07-27 00:45:00
103567,175,42,4,427.52,pending,2026-08-10 09:48:00
103568,45,17,4,1395.96,cancelled,2026-07-28 23:36:00
103569,79,34,2,884.86,completed,2026-07-30 09:44:00
103570,178,1,3,262.59,cancelled,2026-07-02 08:39:00
103571,99,40,1,31.64,completed,2026-07-22 03:34:00
103572,104,38,1,160.18,completed,2026-07-26 01:38:00
103573,140,20,2,282.36,completed,2026-07-02 06:07:00
103574,158,3,4,1967.04,completed,2026-07-09 13:46:00
103575,52,18,4,878.2,completed,2026-07-10 08:26:00
103576,26,1,5,2317.65,completed,2026-07-31 20:49:00
103577,53,27,4,1405.32,cancelled,2026-07-12 22:27:00
103578,179,10,5,634.45,cancelled,2026-07-24 17:46:00
103579,18,3,4,724.88,completed,2026-07-22 05:43:00
103580,70,43,4,303.88,completed,2026-08-10 12:29:00
103581,133,15,3,615.57,completed,2026-07-26 10:11:00
103582,92,12,1,440.31,pending,2026-07-03 08:37:00
103583,178,19,1,161.54,completed,2026-08-05 11:49:00
103584,134,33,1,420.51,completed,2026-07-11 12:24:00
103585,134,49,4,1035.56,cancelled,2026-07-27 17:46:00
103586,13,24,2,938.24,completed,2026-07-08 10:39:00
103587,179,38,4,1248.52,completed,2026-07-06 09:04:00
103588,51,42,1,331.24,pending,2026-07-18 15:43:00
103589,99,24,1,96.95,completed,2026-07-23 09:58:00
103590,8,28,1,184.29,completed,2026-08-08 07:13:00
103591,83,43,2,788.16,completed,2026-07-17 09:16:00
103592,132,46,2,414.66,cancelled,2026-07-30 21:04:00
103593,174,16,2,536.86,cancelled,2026-07-03 12:45:00
103594,203,19,5,1652.8,cancelled,2026-07-18 06:21:00
103595,201,4,5,394.7,completed,2026-07-21 23:50:00
103596,13,9,3,711.81,completed,2026-07-21 20:00:00
103597,202,2,2,377.42,completed,2026-08-08 16:33:00
103598,205,21,1,381.07,completed,2026-07-24 08:22:00
103599,81,47,3,902.7,cancelled,2026-07-03 07:06:00
103600,22,29,2,698.08,completed,2026-08-07 14:15:00
103601,21,15,4,78.0,completed,2026-07-10 04:33:00
103602,190,24,5,1535.7,completed,2026-07-03 09:58:00
103603,131,19,2,804.42,completed,2026-08-01 10:53:00
103604,147,38,3,898.38,completed,2026-07-05 11:20:00
103605,114,19,3,1094.73,cancelled,2026-07-25 12:46:00
103606,38,16,1,304.56,completed,2026-07-10 11:21:00
103607,130,41,4,678.72,cancelled,2026-08-01 14:39:00
103608,191,20,4,1790.88,completed,2026-07-29 07:00:00
103609,134,31,3,727.11,completed,2026-07-26 12:18:00
103610,136,48,2,208.68,completed,2026-07-04 15:23:00
103611,32,41,1,169.96,completed,2026-07-30 20:43:00
103612,94,42,1,322.48,completed,2026-08-04 10:04:00
103613,85,42,2,36.4,completed,2026-07-21 21:40:00
103614,20,46,5,37.15,completed,2026-08-05 10:13:00
103615,188,44,2,610.54,completed,2026-07-11 08:36:00
103616,197,22,4,1264.28,pending,2026-07-01 09:01:00
103617,83,8,4,877.0,completed,2026-08-07 04:39:00
103618,158,14,5,437.75,completed,2026-07-17 09:34:00
103619,200,9,4,900.24,cancelled,2026-08-10 14:19:00
103620,196,43,3,1428.72,completed,2026-07-23 02:41:00
103621,98,13,3,1345.8,pending,2026-07-06 06:16:00
103622,98,19,3,1363.56,cancelled,2026-08-01 02:11:00
103623,177,15,4,499.64,completed,2026-07-17 08:18:00
103624,194,20,4,,completed,2026-07-02 00:09:00
103625,205,23,4,1909.48,pending,2026-07-05 03:57:00
103626,16,50,2,911.36,cancelled,2026-07-24 23:28:00
103627,148,41,5,1233.75,completed,2026-07-12 05:04:00
103628,73,48,4,1003.88,completed,2026-07-23 23:40:00
103629,175,5,4,93.36,completed,2026-07-22 06:33:00
103630,146,12,2,98.5,completed,2026-08-04 08:08:00
103631,122,16,2,935.42,completed,2026-07-04 19:51:00
103632,191,38,2,500.06,cancelled,2026-08-09 01:46:00
103633,17,34,5,,completed,2026-07-27 14:35:00
103634,27,27,1,93.54,completed,2026-07-02 09:10:00
103635,121,17,5,1473.55,pending,2026-08-07 01:41:00
103636,129,44,3,218.43,completed,2026-07-18 04:49:00
103637,57,3,2,637.52,completed,2026-07-12 20:36:00
103638,101,15,2,296.84,pending,2026-07-05 06:09:00
103639,20,33,5,351.25,cancelled,2026-07-22 12:18:00
103640,131,17,1,13.78,completed,2026-07-14 11:09:00
103641,65,5,3,785.73,completed,2026-08-04 15:35:00
103642,131,26,1,395.51,cancelled,2026-07-02 12:47:00
103643,192,38,5,2301.0,completed,2026-07-23 02:00:00
103644,144,5,4,44.16,completed,2026-07-02 04:37:00
103645,207,13,4,695.52,completed,2026-08-02 20:39:00
103646,50,7,5,633.95,completed,2026-07-28 04:04:00
103647,104,35,4,394.52,completed,2026-08-06 19:16:00
103648,151,31,5,2224.35,completed,2026-08-02 11:05:00
103649,97,39,2,244.08,completed,2026-07-14 11:39:00
103650,101,7,2,839.46,completed,2026-07-26 10:30:00
103651,63,32,4,1828.48,completed,2026-07-06 20:10:00
103652,206,15,3,1319.37,completed,2026-07-21 08:12:00
103653,189,19,4,1667.04,completed,2026-07-21 13:30:00
103654,96,39,1,304.36,completed,2026-07-21 10:14:00
103655,74,24,4,344.16,cancelled,2026-08-08 12:11:00
103656,134,34,3,384.06,completed,2026-07-29 20:28:00
103657,46,21,4,720.12,completed,2026-07-03 07:21:00
103658,67,26,5,,completed,2026-07-08 03:27:00
103659,126,24,5,2139.6,completed,2026-07-17 11:39:00
103660,150,24,1,177.34,pending,2026-07-29 09:02:00
103661,50,20,4,1161.16,cancelled,2026-07-23 22:05:00
103662,205,14,2,696.96,cancelled,2026-08-09 02:09:00
103663,101,22,1,129.58,completed,2026-07-07 17:45:00
103664,196,11,4,753.76,completed,2026-08-04 01:28:00
103665,58,25,4,1437.36,completed,2026-07-30 05:47:00
103666,196,39,3,932.7,completed,2026-07-17 01:36:00
103667,118,45,1,56.72,completed,2026-07-06 10:34:00
103668,197,25,4,1076.72,completed,2026-07-24 18:15:00
103669,177,29,3,1083.06,completed,2026-07-22 19:17:00
103670,53,50,1,104.41,pending,2026-08-01 14:03:00
103671,123,39,2,571.44,cancelled,2026-07-04 05:38:00
103672,194,50,1,290.26,completed,2026-08-04 08:02:00
103673,44,18,5,1415.45,completed,2026-07-03 01:25:00
103674,27,22,2,184.34,pending,2026-07-10 18:43:00
103675,63,1,4,1395.32,completed,2026-07-29 15:21:00
103676,70,21,2,407.02,completed,2026-07-18 02:39:00
103677,159,28,5,2250.45,completed,2026-07-13 17:10:00
103678,112,5,4,1391.84,completed,2026-08-05 07:49:00
103679,102,36,5,25.65,completed,2026-07-31 03:21:00
103680,14,30,3,1080.78,cancelled,2026-07-16 13:14:00
103681,32,38,3,825.57,cancelled,2026-07-01 14:04:00
103682,56,20,3,612.9,completed,2026-07-13 01:00:00
103683,202,36,2,337.84,completed,2026-07-09 12:59:00
103684,35,31,3,1044.72,completed,2026-07-27 15:50:00
103685,96,13,5,1425.75,completed,2026-07-12 02:21:00
103686,145,17,3,1026.6,completed,2026-07-01 07:06:00
103687,189,33,1,308.36,completed,2026-08-03 23:51:00
103688,98,43,2,310.98,completed,2026-07-21 07:43:00
103689,91,40,2,846.58,cancelled,2026-07-05 05:04:00
103690,176,26,4,166.68,completed,2026-07-10 20:58:00
103691,138,46,5,2056.7,completed,2026-08-01 03:49:00
103692,42,19,4,626.8,completed,2026-08-02 19:06:00
103693,3,9,4,1208.88,completed,2026-07-14 23:32:00
103694,93,34,3,58.14,completed,2026-08-05 06:20:00
103695,141,41,1,379.63,completed,2026-08-08 21:50:00
103696,120,17,3,97.98,completed,2026-07-29 05:44:00
103697,145,14,1,218.68,completed,2026-07-19 14:39:00
103698,109,12,2,889.56,completed,2026-07-05 19:43:00
103699,60,36,3,1232.37,completed,2026-07-15 11:18:00
103700,78,12,1,408.59,pending,2026-07-27 02:21:00
103701,104,8,5,1084.5,completed,2026-07-17 10:34:00
103702,42,33,4,363.8,cancelled,2026-07-19 19:18:00
103703,145,5,3,620.34,completed,2026-07-07 11:02:00
103704,154,9,1,61.81,completed,2026-07-08 16:40:00
103705,95,39,4,472.92,completed,2026-07-09 14:50:00
103706,137,2,5,1248.9,completed,2026-07-22 16:27:00
103707,20,35,5,1950.05,completed,2026-07-24 20:25:00
103708,104,32,2,639.72,completed,2026-07-12 05:29:00
103709,95,19,3,682.68,completed,2026-07-20 09:18:00
103710,59,28,3,764.97,completed,2026-08-07 05:32:00
103711,130,15,4,217.72,pending,2026-07-02 02:52:00
103712,109,33,2,315.22,completed,2026-07-12 20:20:00
103713,39,49,2,217.62,completed,2026-08-01 16:10:00
103714,52,38,2,,pending,2026-07-03 09:35:00
103715,80,34,1,323.4,completed,2026-07-04 09:01:00
103716,40,31,4,1582.4,cancelled,2026-07-17 09:19:00
103717,17,12,4,1328.48,cancelled,2026-08-01 06:41:00
103718,87,20,3,797.22,completed,2026-07-23 00:46:00
103719,17,15,4,831.76,completed,2026-07-08 22:51:00
103720,133,12,1,439.88,completed,2026-07-01 14:41:00
103721,48,43,4,667.56,completed,2026-07-12 19:26:00
103722,3,35,3,1105.11,completed,2026-07-11 12:55:00
103723,197,25,3,140.16,completed,2026-08-10 13:41:00
103724,145,23,4,1749.48,completed,2026-07-13 11:49:00
103725,167,47,1,13.69,pending,2026-07-16 03:22:00
103726,2,36,3,776.13,completed,2026-07-09 20:13:00
103727,189,44,5,335.35,pending,2026-08-06 17:59:00
103728,183,45,3,572.22,completed,2026-08-03 10:55:00
103729,31,6,3,1050.93,completed,2026-07-05 17:51:00
103730,82,45,5,1317.35,completed,2026-07-30 20:33:00
103731,176,21,4,1384.56,completed,2026-07-26 14:52:00
103732,6,12,5,504.25,cancelled,2026-07-08 21:42:00
103733,38,6,1,288.3,completed,2026-07-02 20:42:00
103734,103,11,4,1532.64,completed,2026-08-04 05:50:00
103735,81,7,4,756.8,cancelled,2026-08-06 07:31:00
103736,198,15,1,28.93,completed,2026-07-12 21:07:00
103737,35,3,5,925.5,completed,2026-07-05 17:49:00
103738,105,11,1,303.12,completed,2026-07-15 15:09:00
103739,121,29,5,718.8,completed,2026-07-04 14:34:00
103740,36,1,2,746.72,completed,2026-07-04 18:59:00
103741,167,26,4,,completed,2026-07-28 01:48:00
103742,58,1,1,102.16,completed,2026-07-14 14:02:00
103743,66,11,5,2397.35,completed,2026-08-05 12:42:00
103744,153,37,4,1031.0,cancelled,2026-07-04 17:07:00
103745,27,21,2,207.4,completed,2026-08-03 23:24:00
103746,2,7,4,775.04,completed,2026-07-05 23:08:00
103747,14,25,4,596.92,completed,2026-07-29 19:33:00
103748,21,2,2,669.86,cancelled,2026-07-08 14:19:00
103749,160,27,5,1760.1,completed,2026-07-16 05:55:00
103750,55,17,2,575.48,completed,2026-08-02 17:29:00
103751,47,43,2,711.72,completed,2026-07-16 22:34:00
103752,29,45,2,168.66,completed,2026-07-07 05:58:00
103753,15,12,2,400.16,completed,2026-08-07 22:58:00
103754,165,35,3,671.76,completed,2026-07-24 06:10:00
103755,67,41,2,21.54,pending,2026-07-10 12:01:00
103756,104,7,5,488.75,completed,2026-07-15 22:58:00
103757,103,32,1,479.13,completed,2026-07-19 02:58:00
103758,66,26,1,471.94,completed,2026-07-31 11:07:00
103759,199,5,3,1373.67,completed,2026-08-09 10:58:00
103760,89,21,2,356.64,completed,2026-07-17 03:57:00
103761,20,16,1,364.19,completed,2026-07-06 16:46:00
103762,44,22,4,1839.68,completed,2026-07-30 03:11:00
103763,78,20,3,904.41,pending,2026-07-10 15:45:00
103764,202,5,3,661.26,completed,2026-07-04 08:35:00
103765,88,34,3,1267.71,pending,2026-07-16 18:30:00
103766,90,43,4,,cancelled,2026-07-25 19:29:00
103767,144,33,4,516.52,cancelled,2026-07-22 03:25:00
103768,63,43,5,1369.4,completed,2026-07-07 18:43:00
103769,124,27,2,404.46,completed,2026-07-26 09:20:00
103770,201,8,2,265.34,completed,2026-07-24 03:09:00
103771,132,41,3,906.3,cancelled,2026-07-29 03:46:00
103772,1,5,3,1148.85,cancelled,2026-07-23 04:51:00
103773,142,27,3,1317.48,completed,2026-07-08 07:33:00
103774,13,25,5,584.15,completed,2026-08-02 20:19:00
103775,102,43,4,1071.24,completed,2026-08-10 23:04:00
103776,79,8,4,531.08,completed,2026-07-06 12:15:00
103777,8,8,3,458.49,completed,2026-07-02 09:20:00
103778,85,32,2,348.48,completed,2026-07-28 14:46:00
103779,83,41,1,401.8,cancelled,2026-07-01 01:06:00
103780,189,19,3,1495.41,completed,2026-07-10 08:26:00
103781,139,22,4,1712.32,completed,2026-07-14 15:19:00
103782,104,27,1,303.31,completed,2026-07-01 04:58:00
103783,60,10,3,1305.33,completed,2026-07-02 20:05:00
103784,32,48,4,1565.28,cancelled,2026-07-01 07:35:00
103785,78,47,2,102.7,cancelled,2026-07-30 22:49:00
103786,154,2,5,503.7,completed,2026-07-01 11:27:00
103787,60,39,5,522.0,completed,2026-07-18 02:53:00
103788,51,6,3,800.43,pending,2026-07-11 16:13:00
103789,113,19,1,354.45,cancelled,2026-07-18 08:28:00
103790,208,29,4,911.6,completed,2026-07-08 02:57:00
103791,5,8,4,1927.44,completed,2026-07-05 18:09:00
103792,3,1,5,543.55,completed,2026-07-16 10:13:00
103793,41,11,4,45.04,completed,2026-08-10 03:16:00
103794,126,15,1,199.54,completed,2026-07-18 00:29:00
103795,169,43,1,384.32,cancelled,2026-08-08 04:45:00
103796,125,25,4,120.52,completed,2026-07-17 18:25:00
103797,48,49,1,183.89,completed,2026-07-04 14:50:00
103798,33,41,2,842.26,pending,2026-07-06 18:11:00
103799,188,16,2,56.16,pending,2026-07-24 02:27:00
103800,168,6,4,1629.12,completed,2026-07-13 21:21:00
103801,123,18,4,88.88,completed,2026-08-05 13:38:00
103802,11,27,1,231.49,completed,2026-08-04 08:06:00
103803,183,10,3,404.04,completed,2026-07-22 06:39:00
103804,81,27,2,904.38,pending,2026-07-09 17:35:00
103805,159,23,5,844.4,pending,2026-08-05 23:45:00
103806,120,30,1,302.38,completed,2026-07-27 01:00:00
103807,9,36,5,1151.0,completed,2026-08-01 17:32:00
103808,135,38,2,690.96,completed,2026-07-01 22:50:00
103809,151,32,3,308.97,completed,2026-08-07 19:13:00
103810,80,41,3,719.55,completed,2026-07-29 02:24:00
103811,104,40,3,673.59,completed,2026-08-02 21:16:00
103812,133,7,3,790.23,completed,2026-07-13 09:50:00
103813,4,32,2,119.98,cancelled,2026-08-01 07:51:00
103814,86,17,3,1386.15,completed,2026-07-24 06:42:00
103815,24,33,5,2033.75,completed,2026-08-03 03:48:00
103816,200,6,5,1320.35,completed,2026-07-17 05:23:00
103817,159,2,2,330.66,completed,2026-08-08 08:04:00
103818,176,9,3,780.99,pending,2026-07-19 10:31:00
103819,82,30,1,384.66,completed,2026-07-22 05:10:00
103820,86,12,4,1443.04,completed,2026-08-01 07:06:00
103821,22,38,2,689.84,completed,2026-07-11 11:07:00
103822,49,12,1,421.81,completed,2026-08-09 22:47:00
103823,28,38,4,1706.6,completed,2026-07-24 03:32:00
103824,209,28,1,478.77,cancelled,2026-07-29 20:27:00
103825,64,50,2,322.92,completed,2026-07-22 06:48:00
103826,148,50,5,703.5,completed,2026-07-28 03:05:00
103827,126,13,1,410.21,cancelled,2026-07-02 14:56:00
103828,148,47,2,72.62,completed,2026-08-06 10:48:00
103829,103,32,2,404.66,completed,2026-07-30 15:13:00
103830,140,22,5,1260.55,completed,2026-08-01 12:39:00
103831,101,1,2,578.98,completed,2026-07-26 02:20:00
103832,134,30,5,1146.7,completed,2026-07-04 00:54:00
103833,72,50,4,455.48,cancelled,2026-07-17 21:06:00
103834,91,34,5,890.1,completed,2026-07-24 14:44:00
103835,37,19,4,239.88,completed,2026-07-24 16:50:00
103836,160,34,1,420.76,completed,2026-08-09 20:02:00
103837,183,16,5,658.7,cancelled,2026-07-23 20:47:00
103838,107,23,1,493.02,completed,2026-07-05 19:37:00
103839,160,35,3,397.53,completed,2026-07-14 07:58:00
103840,32,20,1,390.44,cancelled,2026-07-04 17:46:00
103841,51,49,2,769.46,cancelled,2026-07-29 19:46:00
103842,72,24,3,344.43,completed,2026-08-09 01:45:00
103843,131,44,3,1023.9,completed,2026-07-14 03:47:00
103844,167,16,3,544.86,completed,2026-08-09 08:11:00
103845,41,49,2,167.86,completed,2026-07-18 11:17:00
103846,127,6,2,81.54,completed,2026-07-02 22:54:00
103847,133,39,4,204.0,completed,2026-08-04 20:27:00
103848,174,1,5,857.65,pending,2026-08-05 14:38:00
103849,42,29,1,152.25,completed,2026-07-06 17:03:00
103850,91,19,1,222.96,cancelled,2026-07-19 06:47:00
103851,156,41,5,2055.25,completed,2026-07-01 09:08:00
103852,20,42,4,1259.56,completed,2026-07-06 14:16:00
103853,197,37,4,1144.48,completed,2026-07-27 10:25:00
103854,118,19,1,312.16,cancelled,2026-07-07 01:07:00
103855,161,22,1,413.36,completed,2026-07-02 18:18:00
103856,210,19,3,,completed,2026-08-03 03:00:00
103857,155,25,5,1719.55,cancelled,2026-07-16 07:48:00
103858,63,29,4,1213.88,completed,2026-08-09 00:52:00
103859,5,43,2,,completed,2026-07-29 14:32:00
103860,36,35,2,448.72,completed,2026-07-17 16:32:00
103861,175,29,5,2192.8,pending,2026-07-08 08:29:00
103862,7,4,4,1082.68,completed,2026-07-25 11:57:00
103863,151,4,1,118.95,completed,2026-07-23 08:18:00
103864,105,50,3,198.51,completed,2026-08-10 20:43:00
103865,21,1,2,949.0,cancelled,2026-07-12 15:40:00
103866,132,11,5,2478.6,cancelled,2026-07-03 15:11:00
103867,116,36,3,899.67,completed,2026-08-03 00:36:00
103868,42,13,3,290.79,cancelled,2026-07-21 10:36:00
103869,192,17,2,643.54,completed,2026-08-03 04:23:00
103870,49,6,1,439.52,completed,2026-07-03 21:05:00
103871,166,40,2,381.32,completed,2026-08-05 09:51:00
103872,112,45,5,2127.4,completed,2026-07-08 20:54:00
103873,3,46,4,725.16,pending,2026-07-19 19:18:00
103874,122,19,3,760.08,completed,2026-07-30 04:34:00
103875,93,4,5,311.8,completed,2026-07-12 17:39:00
103876,85,46,2,417.52,cancelled,2026-07-22 01:24:00
103877,99,47,2,383.44,completed,2026-08-03 15:33:00
103878,182,9,2,194.62,completed,2026-07-27 18:38:00
103879,158,42,3,,completed,2026-08-03 19:36:00
103880,43,27,3,19.71,completed,2026-07-30 00:28:00
103881,177,5,1,446.57,completed,2026-07-12 18:50:00
103882,179,7,2,624.36,completed,2026-08-03 15:15:00
103883,54,15,1,472.92,completed,2026-07-26 09:54:00
103884,28,15,3,162.21,completed,2026-07-07 10:49:00
103885,72,23,4,1445.4,completed,2026-07-08 08:18:00
103886,152,29,5,389.1,completed,2026-07-31 19:39:00
103887,164,27,4,952.12,completed,2026-08-10 22:22:00
103888,184,37,4,1947.72,completed,2026-08-06 04:31:00
103889,197,15,3,1083.3,pending,2026-07-29 07:54:00
103890,152,22,3,1036.14,completed,2026-07-01 17:14:00
103891,41,25,3,883.08,completed,2026-07-24 03:40:00
103892,119,10,2,,pending,2026-07-07 14:38:00
103893,187,50,3,862.47,completed,2026-07-26 20:14:00
103894,55,50,3,689.25,completed,2026-07-13 22:42:00
103895,112,43,4,1044.76,pending,2026-07-10 14:52:00
103896,195,30,1,450.75,completed,2026-08-10 08:00:00
103897,119,29,1,303.08,cancelled,2026-08-08 14:50:00
103898,60,27,2,736.36,completed,2026-07-10 03:59:00
103899,73,14,1,173.71,pending,2026-07-13 09:42:00
103900,63,28,2,220.72,pending,2026-07-02 05:57:00
103901,116,37,1,258.99,completed,2026-08-03 18:22:00
103902,104,47,1,426.5,completed,2026-07-25 04:08:00
103903,207,38,3,724.98,completed,2026-07-04 04:29:00
103904,142,36,2,384.92,pending,2026-07-19 04:52:00
103905,137,34,3,1494.12,cancelled,2026-07-25 01:00:00
103906,116,32,5,632.85,cancelled,2026-07-03 22:50:00
103907,116,17,2,451.46,completed,2026-07-13 01:21:00
103908,187,1,1,18.96,completed,2026-07-16 06:04:00
103909,82,18,5,2262.7,pending,2026-07-31 12:35:00
103910,208,7,1,391.44,pending,2026-08-08 01:08:00
103911,91,37,4,118.24,completed,2026-07-27 01:14:00
103912,194,2,1,414.55,completed,2026-08-02 21:05:00
103913,89,45,5,890.5,completed,2026-08-06 01:35:00
103914,165,2,5,1888.3,completed,2026-08-05 14:16:00
103915,52,23,2,961.7,completed,2026-07-12 19:43:00
103916,158,32,4,457.52,completed,2026-08-08 14:47:00
103917,165,41,2,770.56,completed,2026-07-14 23:15:00
103918,29,10,5,1315.85,completed,2026-07-10 23:02:00
103919,33,9,2,67.38,pending,2026-08-10 09:59:00
103920,70,14,4,1889.8,completed,2026-08-10 11:09:00
103921,95,11,5,2087.1,completed,2026-07-08 06:59:00
103922,183,7,4,930.72,cancelled,2026-07-01 20:55:00
103923,13,13,4,79.0,completed,2026-08-08 23:40:00
103924,167,21,2,750.3,completed,2026-07-09 04:55:00
103925,116,35,1,337.54,pending,2026-07-05 00:51:00
103926,18,16,2,626.4,completed,2026-07-21 10:09:00
103927,157,28,1,51.3,completed,2026-07-23 11:51:00
103928,82,19,1,121.42,completed,2026-07-20 18:20:00
103929,173,17,2,164.98,completed,2026-07-31 01:33:00
103930,91,50,2,948.6,completed,2026-07-27 23:11:00
103931,22,8,5,908.4,completed,2026-07-09 19:03:00
103932,132,5,1,173.91,completed,2026-08-01 15:14:00
103933,9,17,4,660.24,completed,2026-08-10 16:53:00
103934,62,48,2,202.32,completed,2026-07-08 05:28:00
103935,109,11,5,994.15,completed,2026-07-31 23:04:00
103936,10,7,3,1454.46,completed,2026-08-04 15:14:00
103937,11,3,3,151.11,completed,2026-07-17 03:48:00
103938,33,11,5,1233.75,cancelled,2026-07-24 05:06:00
103939,93,3,3,1116.0,completed,2026-08-10 07:36:00
103940,164,18,1,207.19,cancelled,2026-07-22 16:07:00
103941,155,31,3,176.82,cancelled,2026-07-10 17:22:00
103942,59,31,1,182.58,completed,2026-07-23 09:43:00
103943,87,8,5,1154.8,pending,2026-08-07 13:44:00
103944,6,47,2,999.88,cancelled,2026-07-22 00:16:00
103945,137,30,3,236.31,completed,2026-07-29 16:51:00
103946,175,17,5,2386.3,completed,2026-07-16 03:33:00
103947,166,49,1,274.13,pending,2026-07-01 19:06:00
103948,153,19,1,212.51,completed,2026-07-05 07:48:00
103949,74,7,2,157.16,completed,2026-07-05 15:01:00
103950,65,24,4,1083.96,completed,2026-07-02 11:35:00
103951,74,44,2,,completed,2026-07-12 16:21:00
103952,103,38,2,21.3,completed,2026-07-24 11:40:00
103953,176,22,5,510.1,completed,2026-07-15 15:57:00
103954,42,15,3,1217.01,completed,2026-07-24 17:37:00
103955,163,31,4,510.52,completed,2026-08-08 00:50:00
103956,178,33,4,1706.96,completed,2026-08-01 04:37:00
103957,59,18,5,604.9,completed,2026-08-02 20:00:00
103958,76,7,4,525.4,completed,2026-07-04 12:30:00
103959,178,11,1,304.5,pending,2026-07-23 07:09:00
103960,148,22,3,845.13,completed,2026-08-01 11:55:00
103961,52,1,2,651.86,completed,2026-07-13 09:41:00
103962,192,28,3,1384.83,cancelled,2026-07-03 03:12:00
103963,172,47,2,952.34,completed,2026-07-11 09:13:00
103964,14,12,4,594.28,cancelled,2026-07-01 07:01:00
103965,54,41,4,861.92,completed,2026-08-03 06:21:00
103966,78,39,1,50.99,completed,2026-07-29 09:30:00
103967,144,27,4,1886.12,completed,2026-07-29 02:25:00
103968,80,50,2,436.22,completed,2026-07-18 03:13:00
103969,22,32,3,1418.64,completed,2026-08-08 21:34:00
103970,116,18,2,276.56,completed,2026-08-07 12:24:00
103971,85,3,1,207.83,completed,2026-08-03 12:01:00
103972,180,20,3,1407.57,cancelled,2026-08-09 19:25:00
103973,97,23,2,157.86,completed,2026-08-10 14:54:00
103974,95,10,4,177.72,completed,2026-08-07 13:38:00
103975,96,27,3,559.92,completed,2026-07-03 11:41:00
103976,80,39,2,163.58,completed,2026-07-21 21:01:00
103977,121,6,2,87.36,completed,2026-08-10 22:01:00
103978,140,49,1,198.58,completed,2026-08-04 05:18:00
103979,97,11,2,280.88,completed,2026-07-29 11:18:00
103980,102,5,2,533.64,completed,2026-08-05 16:12:00
103981,84,42,1,183.02,cancelled,2026-07-03 01:12:00
103982,38,18,1,361.56,completed,2026-07-01 21:39:00
103983,100,48,5,1753.65,completed,2026-07-21 18:17:00
103984,65,5,2,56.14,completed,2026-07-11 03:15:00
103985,108,13,5,1278.65,completed,2026-07-28 18:48:00
103986,117,25,3,335.82,completed,2026-07-03 05:48:00
103987,27,36,4,1899.52,completed,2026-08-04 09:08:00
103988,205,17,4,1862.52,completed,2026-07-09 08:57:00
103989,5,41,3,1011.63,completed,2026-07-20 07:34:00
103990,79,27,4,1010.64,completed,2026-08-07 12:39:00
103991,30,50,4,1662.6,completed,2026-07-12 05:30:00
103992,120,8,3,970.14,cancelled,2026-07-13 03:51:00
103993,6,41,3,946.38,cancelled,2026-07-22 12:18:00
103994,104,4,1,355.05,completed,2026-08-10 15:23:00
103995,5,11,1,67.6,completed,2026-08-01 18:04:00
103996,39,16,5,2239.55,completed,2026-07-25 18:23:00
103997,32,35,3,1283.85,completed,2026-07-17 06:42:00
103998,20,27,4,1825.0,completed,2026-07-22 19:27:00
103999,199,32,2,204.94,completed,2026-07-20 09:48:00
104000,75,23,3,1346.61,completed,2026-07-22 06:51:00
104001,136,16,2,482.72,completed,2026-07-11 09:47:00
104002,34,14,3,1050.66,completed,2026-07-19 11:54:00
104003,135,14,3,1264.35,completed,2026-07-07 08:07:00
104004,194,42,4,1144.72,completed,2026-07-03 06:31:00
104005,50,12,2,664.84,pending,2026-08-08 15:13:00
104006,206,37,1,272.54,completed,2026-08-08 07:58:00
104007,134,19,5,2135.15,completed,2026-07-12 13:08:00
104008,125,3,5,1884.35,cancelled,2026-07-24 22:56:00
104009,76,25,4,1376.44,completed,2026-07-12 03:19:00
104010,5,45,3,668.31,completed,2026-07-03 13:19:00
104011,106,24,4,697.4,pending,2026-07-11 09:32:00
104012,76,21,4,1521.72,completed,2026-07-05 10:06:00
104013,117,44,3,1367.64,completed,2026-07-16 20:42:00
104014,179,37,5,1254.1,completed,2026-07-06 23:05:00
104015,208,38,2,407.8,completed,2026-07-08 19:26:00
104016,139,11,1,19.64,cancelled,2026-08-01 10:52:00
104017,163,23,3,,completed,2026-07-18 01:14:00
104018,50,13,4,609.76,completed,2026-07-12 01:36:00
104019,32,1,3,22.68,completed,2026-07-26 07:09:00
104020,32,47,5,1739.15,completed,2026-07-08 18:48:00
104021,143,2,1,131.86,completed,2026-08-06 07:15:00
104022,117,16,2,675.84,completed,2026-08-01 02:54:00
104023,191,18,3,819.87,completed,2026-07-28 15:14:00
104024,75,30,1,31.22,cancelled,2026-08-08 08:48:00
104025,57,50,3,1452.21,pending,2026-08-02 12:56:00
104026,185,18,1,465.67,completed,2026-08-07 01:39:00
104027,197,21,2,209.2,pending,2026-08-06 11:59:00
104028,117,44,5,2450.2,completed,2026-08-08 20:42:00
104029,145,5,3,622.5,completed,2026-07-06 15:30:00
104030,174,36,2,610.5,cancelled,2026-07-14 00:49:00
104031,45,45,4,1402.36,completed,2026-08-09 02:25:00
104032,48,7,2,621.96,completed,2026-07-07 07:59:00
104033,3,39,4,1357.6,completed,2026-07-01 19:12:00
104034,92,47,4,849.28,completed,2026-08-07 18:37:00
104035,164,21,4,455.2,completed,2026-08-02 09:32:00
104036,199,8,4,1172.64,completed,2026-08-03 02:00:00
104037,205,29,1,416.17,completed,2026-08-05 07:55:00
104038,183,27,2,549.32,completed,2026-08-01 07:25:00
104039,29,8,2,75.0,completed,2026-07-09 10:26:00
104040,6,40,1,171.03,completed,2026-07-16 01:18:00
104041,148,24,2,268.46,completed,2026-08-03 12:35:00
104042,67,34,3,699.15,cancelled,2026-07-05 03:47:00
104043,9,35,4,370.76,completed,2026-07-26 00:54:00
104044,100,19,3,1353.69,completed,2026-07-19 14:16:00
104045,66,32,3,483.57,cancelled,2026-07-25 04:43:00
104046,179,28,4,168.6,completed,2026-07-30 11:50:00
104047,31,39,1,150.07,cancelled,2026-07-08 12:56:00
104048,64,24,1,238.82,completed,2026-07-28 21:41:00
104049,32,44,1,408.67,cancelled,2026-07-05 23:54:00
104050,91,35,4,919.6,cancelled,2026-08-02 16:41:00
104051,50,41,2,56.34,completed,2026-07-31 17:11:00
104052,88,43,4,710.64,completed,2026-07-02 22:12:00
104053,52,2,3,586.2,completed,2026-08-10 07:38:00
104054,125,50,1,451.43,completed,2026-08-04 06:54:00
104055,79,6,3,280.14,completed,2026-07-25 22:40:00
104056,148,26,4,1014.52,cancelled,2026-07-09 18:12:00
104057,165,24,5,1621.0,completed,2026-07-06 09:39:00
104058,26,47,5,1151.85,completed,2026-07-03 10:33:00
104059,112,34,1,227.92,completed,2026-07-19 18:21:00
104060,200,9,5,179.75,completed,2026-08-10 01:37:00
104061,113,49,1,252.54,completed,2026-07-03 00:11:00
104062,191,3,4,1807.4,completed,2026-07-06 06:25:00
104063,132,29,2,261.08,completed,2026-08-02 05:17:00
104064,48,24,2,171.6,completed,2026-07-06 05:34:00
104065,111,3,5,155.35,completed,2026-07-20 01:06:00
104066,100,20,5,1023.85,cancelled,2026-07-21 02:59:00
104067,206,21,5,1235.0,completed,2026-08-02 04:19:00
104068,196,38,3,48.45,completed,2026-07-05 03:17:00
104069,94,48,3,,completed,2026-08-07 01:42:00
104070,185,46,1,102.42,cancelled,2026-07-24 12:55:00
104071,110,41,3,1364.4,completed,2026-07-18 01:00:00
104072,40,32,4,936.32,completed,2026-07-12 18:44:00
104073,173,32,4,1774.12,completed,2026-07-21 17:55:00
104074,29,19,5,2013.0,completed,2026-07-18 12:26:00
104075,47,10,2,757.1,completed,2026-07-16 20:17:00
104076,31,6,2,858.98,completed,2026-07-20 03:52:00
104077,202,23,3,1432.32,completed,2026-08-04 23:35:00
104078,173,15,2,945.84,completed,2026-07-08 04:32:00
104079,23,9,3,308.97,completed,2026-07-20 02:46:00
104080,173,5,4,1820.36,completed,2026-07-12 10:40:00
104081,191,49,5,240.95,completed,2026-07-22 16:48:00
104082,67,28,2,158.76,completed,2026-07-14 21:59:00
104083,6,12,1,271.08,completed,2026-07-30 11:17:00
104084,140,46,5,305.65,completed,2026-07-14 21:27:00
104085,173,2,2,996.98,completed,2026-07-28 09:18:00
104086,209,30,4,1883.56,completed,2026-08-01 14:36:00
104087,169,50,5,1193.5,completed,2026-07-20 00:21:00
104088,116,36,1,464.3,completed,2026-07-12 11:01:00
104089,209,23,1,50.92,cancelled,2026-07-31 13:02:00
104090,154,2,3,,completed,2026-07-31 01:41:00
104091,209,6,4,1181.64,completed,2026-07-06 11:22:00
104092,147,32,3,1280.94,completed,2026-07-19 07:21:00
104093,206,9,2,614.74,pending,2026-07-11 10:26:00
104094,170,48,5,2282.7,completed,2026-08-04 02:34:00
104095,144,43,1,12.03,completed,2026-07-07 12:49:00
104096,169,31,3,349.86,completed,2026-07-31 12:29:00
104097,138,43,3,43.86,completed,2026-07-06 08:40:00
104098,81,15,5,843.0,completed,2026-07-18 02:13:00
104099,94,29,3,,completed,2026-08-02 00:38:00
104100,188,21,2,136.02,completed,2026-07-29 12:23:00
104101,106,38,3,975.45,completed,2026-08-06 07:44:00
104102,11,41,4,1712.72,completed,2026-07-14 04:15:00
104103,54,31,5,1321.15,completed,2026-07-21 07:42:00
104104,50,1,3,1303.32,completed,2026-07-28 06:11:00
104105,158,40,5,1291.2,completed,2026-07-05 06:37:00
104106,146,2,4,1470.72,completed,2026-07-12 23:22:00
104107,35,46,3,627.0,pending,2026-07-15 08:18:00
104108,53,44,2,306.14,completed,2026-07-27 13:06:00
104109,167,13,1,13.32,completed,2026-07-26 20:21:00
104110,24,16,3,926.28,cancelled,2026-08-04 01:54:00
104111,153,48,5,426.75,completed,2026-08-06 21:44:00
104112,10,47,4,1293.48,completed,2026-07-21 14:33:00
104113,155,30,4,853.96,completed,2026-08-01 18:06:00
104114,7,44,1,301.68,pending,2026-08-09 15:58:00
104115,134,42,3,891.54,completed,2026-07-31 12:51:00
104116,122,23,5,1192.75,completed,2026-07-03 03:51:00
104117,57,29,1,382.59,completed,2026-07-28 16:05:00
104118,93,14,3,747.45,completed,2026-07-19 07:51:00
104119,84,21,2,884.76,completed,2026-07-24 06:58:00
104120,94,28,4,399.92,completed,2026-07-28 17:45:00
104121,113,34,3,832.59,completed,2026-07-31 16:55:00
104122,165,10,5,2162.4,completed,2026-07-13 02:26:00
104123,10,16,5,1691.15,completed,2026-07-30 12:28:00
104124,35,31,1,94.06,cancelled,2026-07-29 21:04:00
104125,50,34,5,2262.1,completed,2026-07-25 05:44:00
104126,63,8,5,457.5,completed,2026-07-27 00:29:00
104127,55,46,4,650.96,completed,2026-08-01 13:12:00
104128,147,8,4,1110.12,cancelled,2026-07-27 06:53:00
104129,143,17,5,794.2,completed,2026-08-05 17:38:00
104130,17,25,1,425.08,completed,2026-08-07 10:49:00
104131,157,9,5,1061.5,completed,2026-07-13 01:09:00
104132,136,37,1,419.5,cancelled,2026-08-05 00:42:00
104133,198,23,5,2138.3,pending,2026-07-25 23:54:00
104134,20,34,1,195.77,completed,2026-07-02 14:00:00
104135,45,42,5,893.85,completed,2026-07-16 17:10:00
104136,143,9,2,332.08,completed,2026-07-22 19:42:00
104137,156,8,1,357.91,completed,2026-08-04 02:19:00
104138,40,44,2,248.9,pending,2026-07-13 23:43:00
104139,126,8,2,864.16,completed,2026-07-24 01:47:00
104140,95,3,5,2352.35,completed,2026-07-17 04:08:00
104141,154,29,1,334.42,completed,2026-08-03 13:53:00
104142,78,39,4,203.8,pending,2026-08-09 21:20:00
104143,13,24,5,1182.05,completed,2026-07-03 13:51:00
104144,189,10,5,,completed,2026-07-01 00:45:00
104145,148,13,2,,completed,2026-07-11 15:15:00
104146,210,3,2,552.76,cancelled,2026-07-14 19:56:00
104147,137,27,1,76.65,cancelled,2026-07-26 06:08:00
104148,14,12,5,1779.3,completed,2026-07-27 05:31:00
104149,29,45,4,1870.72,cancelled,2026-07-21 16:01:00
104150,127,22,1,272.62,completed,2026-08-06 16:33:00
104151,130,30,2,314.74,pending,2026-08-01 10:21:00
104152,25,12,3,617.13,completed,2026-07-08 18:29:00
104153,14,1,5,1993.6,completed,2026-08-03 15:08:00
104154,106,34,1,427.93,completed,2026-08-01 01:37:00
104155,165,29,4,,completed,2026-07-05 00:06:00
104156,32,31,5,510.75,cancelled,2026-07-11 15:06:00
104157,206,8,1,394.33,completed,2026-07-24 12:47:00
104158,84,45,2,27.22,completed,2026-08-04 11:16:00
104159,104,2,2,555.76,completed,2026-08-01 07:41:00
104160,108,15,1,472.32,completed,2026-07-17 09:22:00
104161,61,34,4,268.72,completed,2026-07-11 13:19:00
104162,165,2,1,16.0,cancelled,2026-07-17 18:29:00
104163,136,44,2,512.38,pending,2026-07-12 15:57:00
104164,50,42,5,879.65,completed,2026-07-23 22:53:00
104165,12,9,4,1058.28,completed,2026-07-28 02:40:00
104166,95,38,2,146.48,completed,2026-07-09 01:21:00
104167,108,28,2,,completed,2026-07-02 16:49:00
104168,36,9,4,800.64,completed,2026-07-29 14:26:00
104169,140,20,3,411.3,cancelled,2026-07-28 14:09:00
104170,67,44,5,511.9,completed,2026-08-10 01:38:00
104171,205,41,1,307.56,cancelled,2026-07-14 01:59:00
104172,30,31,2,644.46,completed,2026-08-09 11:24:00
104173,96,33,4,1412.68,completed,2026-07-19 23:52:00
104174,27,13,2,234.96,completed,2026-07-18 03:02:00
104175,1,32,4,1379.4,completed,2026-08-06 19:53:00
104176,106,3,3,1063.47,cancelled,2026-07-05 20:45:00
104177,126,9,2,112.74,completed,2026-08-02 01:51:00
104178,76,49,2,758.24,pending,2026-08-08 16:32:00
104179,153,47,3,370.59,completed,2026-07-24 20:13:00
104180,177,42,3,307.14,completed,2026-07-11 20:42:00
104181,77,22,2,950.58,completed,2026-07-15 20:56:00
104182,107,10,5,701.25,completed,2026-08-05 03:09:00
104183,108,22,5,,completed,2026-07-03 07:16:00
104184,182,12,4,868.8,completed,2026-07-05 16:15:00
104185,41,8,1,239.8,pending,2026-07-21 08:02:00
104186,94,31,1,429.2,completed,2026-08-03 20:56:00
104187,28,21,1,292.78,completed,2026-07-13 08:39:00
104188,129,17,3,172.92,completed,2026-07-19 09:07:00
104189,37,40,1,224.37,completed,2026-07-16 03:09:00
104190,163,15,1,10.25,cancelled,2026-07-27 21:05:00
104191,3,47,4,1371.04,completed,2026-08-02 00:07:00
104192,82,15,1,296.36,completed,2026-07-25 16:13:00
104193,187,32,4,1528.64,completed,2026-08-09 01:21:00
104194,113,49,1,102.36,completed,2026-07-22 00:28:00
104195,204,33,2,231.48,completed,2026-08-08 17:33:00
104196,103,21,3,480.45,cancelled,2026-07-02 19:32:00
104197,210,7,1,284.78,completed,2026-07-25 03:32:00
104198,144,16,2,182.72,completed,2026-08-09 10:46:00
104199,130,27,4,1343.88,completed,2026-07-30 13:25:00
104200,159,35,5,1223.0,completed,2026-07-08 23:00:00
104201,98,17,1,,pending,2026-08-05 10:38:00
104202,28,8,3,1091.76,pending,2026-08-08 06:42:00
104203,160,3,2,59.14,completed,2026-07-21 00:49:00
104204,45,33,2,991.4,cancelled,2026-07-20 14:11:00
104205,127,47,2,687.52,cancelled,2026-07-26 02:46:00
104206,40,14,5,594.55,pending,2026-07-11 21:18:00
104207,132,28,3,1480.02,pending,2026-08-04 10:58:00
104208,192,16,2,954.12,completed,2026-08-07 17:33:00
104209,66,14,5,561.5,completed,2026-07-04 12:09:00
104210,209,42,2,463.96,completed,2026-07-25 11:35:00
104211,82,13,2,,pending,2026-07-03 20:51:00
104212,118,46,1,44.83,completed,2026-07-04 14:12:00
104213,26,25,1,436.26,completed,2026-07-30 21:41:00
104214,154,1,1,,completed,2026-07-13 23:59:00
104215,111,43,1,423.02,completed,2026-07-05 04:28:00
104216,161,29,3,646.74,completed,2026-07-23 15:17:00
104217,163,50,2,,completed,2026-07-08 00:14:00
104218,187,8,5,2326.45,completed,2026-07-23 03:23:00
104219,194,7,3,323.07,completed,2026-07-23 21:08:00
104220,201,32,3,1004.82,pending,2026-07-15 14:56:00
104221,112,23,5,2365.2,completed,2026-07-27 00:21:00
104222,172,48,2,887.9,completed,2026-08-03 09:32:00
104223,40,11,1,15.04,cancelled,2026-07-26 19:58:00
104224,114,4,1,313.94,completed,2026-07-07 04:21:00
104225,174,4,5,490.25,pending,2026-07-07 00:49:00
104226,159,18,3,1029.09,completed,2026-07-09 09:30:00
104227,163,8,5,1705.55,cancelled,2026-08-10 23:02:00
104228,128,44,3,477.99,completed,2026-07-22 22:01:00
104229,23,6,2,938.42,completed,2026-07-05 13:28:00
104230,41,10,5,1334.05,completed,2026-07-30 20:44:00
104231,186,25,1,463.49,pending,2026-07-11 10:33:00
104232,20,2,4,148.88,completed,2026-07-04 08:00:00
104233,22,35,3,707.55,completed,2026-07-08 00:29:00
104234,16,49,3,160.86,cancelled,2026-08-05 10:01:00
104235,133,34,4,1533.04,completed,2026-07-04 05:49:00
104236,177,31,3,396.06,completed,2026-07-13 19:31:00
104237,9,39,2,776.14,completed,2026-07-08 20:21:00
104238,32,28,3,24.03,completed,2026-08-04 07:51:00
104239,44,38,5,1005.0,cancelled,2026-08-02 03:18:00
104240,77,2,3,1356.72,completed,2026-07-14 04:06:00
104241,107,37,2,,completed,2026-07-01 03:17:00
104242,113,24,4,1817.48,completed,2026-07-12 15:58:00
104243,76,45,4,1065.52,completed,2026-07-16 01:27:00
104244,118,37,5,74.7,completed,2026-07-12 16:40:00
104245,2,31,1,108.92,completed,2026-07-16 00:18:00
104246,39,31,5,53.15,cancelled,2026-07-12 14:38:00
104247,173,39,1,257.65,completed,2026-07-19 08:39:00
104248,2,3,5,1068.5,cancelled,2026-07-04 18:28:00
104249,70,41,2,765.64,completed,2026-07-17 07:20:00
104250,27,39,2,444.58,completed,2026-08-03 20:20:00
104251,108,12,2,557.3,cancelled,2026-07-20 04:08:00
104252,151,26,4,1432.32,completed,2026-07-10 13:45:00
104253,183,35,4,1743.92,completed,2026-07-31 00:03:00
104254,66,28,5,174.0,completed,2026-07-26 07:38:00
104255,120,4,2,691.1,completed,2026-07-20 03:38:00
104256,122,12,2,558.22,completed,2026-08-09 01:55:00
104257,131,28,5,,completed,2026-07-07 16:27:00
104258,52,18,4,1725.12,pending,2026-07-13 15:37:00
104259,204,46,1,368.34,pending,2026-07-20 06:19:00
104260,40,33,5,2390.75,completed,2026-07-18 03:21:00
104261,154,2,4,149.52,completed,2026-07-25 15:07:00
104262,96,29,4,521.12,completed,2026-07-31 09:24:00
104263,99,14,2,39.02,completed,2026-08-10 11:47:00
104264,198,25,1,454.29,cancelled,2026-08-10 14:34:00
104265,34,30,4,1882.28,completed,2026-07-22 22:02:00
104266,59,48,3,549.06,cancelled,2026-07-05 16:25:00
104267,56,12,3,515.22,cancelled,2026-08-03 02:06:00
104268,113,12,1,493.71,completed,2026-07-21 09:16:00
104269,67,44,1,464.59,completed,2026-08-02 17:54:00
104270,84,24,3,683.61,completed,2026-08-10 16:16:00
104271,144,2,4,1314.48,completed,2026-07-15 01:50:00
104272,35,22,4,1995.92,completed,2026-07-19 07:35:00
104273,23,26,3,1266.36,completed,2026-08-05 16:07:00
104274,76,50,4,1105.24,completed,2026-08-03 10:01:00
104275,198,50,5,1153.85,cancelled,2026-07-17 09:43:00
104276,28,8,5,747.85,completed,2026-07-06 18:04:00
104277,104,29,3,273.63,completed,2026-07-11 17:17:00
104278,193,23,1,277.78,completed,2026-08-08 10:08:00
104279,140,2,5,1685.65,completed,2026-08-04 07:01:00
104280,208,24,2,943.0,completed,2026-07-28 01:53:00
104281,71,12,4,1738.48,completed,2026-07-07 01:27:00
104282,44,48,1,322.86,completed,2026-07-13 13:11:00
104283,202,47,3,225.87,completed,2026-08-09 15:46:00
104284,35,12,3,466.35,completed,2026-07-10 01:03:00
104285,147,21,3,472.14,completed,2026-07-21 02:18:00
104286,164,47,1,353.39,completed,2026-07-10 09:19:00
104287,126,21,1,133.67,completed,2026-07-06 16:34:00
104288,188,14,4,138.32,completed,2026-07-28 05:51:00
104289,19,9,3,698.25,completed,2026-08-02 23:40:00
104290,98,25,4,626.08,completed,2026-07-03 19:44:00
104291,10,46,1,48.02,completed,2026-07-15 19:15:00
104292,159,16,1,409.27,completed,2026-07-04 15:02:00
104293,32,37,2,685.94,completed,2026-08-04 07:37:00
104294,82,40,1,282.39,pending,2026-08-07 16:49:00
104295,137,3,1,116.82,cancelled,2026-07-01 10:51:00
104296,58,30,5,1708.95,cancelled,2026-07-28 06:51:00
104297,124,30,4,105.68,completed,2026-07-14 16:49:00
104298,90,40,2,495.38,completed,2026-07-07 03:38:00
104299,183,46,2,671.4,completed,2026-07-02 03:48:00
104300,71,49,3,1313.88,completed,2026-07-09 08:31:00
104301,4,20,1,267.47,completed,2026-07-26 02:36:00
104302,3,16,3,791.46,cancelled,2026-07-07 03:46:00
104303,191,8,2,845.54,completed,2026-08-05 09:36:00
104304,50,43,1,170.16,completed,2026-07-19 22:44:00
104305,146,35,2,710.82,cancelled,2026-07-13 09:46:00
104306,50,26,2,,completed,2026-08-03 22:15:00
104307,30,50,3,965.64,completed,2026-07-21 08:12:00
104308,109,50,5,1011.7,completed,2026-07-26 02:11:00
104309,208,25,4,1405.12,cancelled,2026-07-08 03:21:00
104310,9,11,5,2023.95,completed,2026-07-22 08:55:00
104311,107,23,2,822.7,completed,2026-07-06 16:24:00
104312,170,50,3,431.25,cancelled,2026-07-06 02:23:00
104313,123,26,3,,completed,2026-07-22 13:26:00
104314,38,14,2,538.04,cancelled,2026-07-30 20:13:00
104315,74,47,1,263.41,completed,2026-08-04 21:56:00
104316,208,34,1,72.74,completed,2026-07-30 11:33:00
104317,146,17,4,725.76,completed,2026-07-03 22:50:00
104318,176,29,3,482.28,completed,2026-07-05 15:38:00
104319,154,44,3,1052.58,completed,2026-07-29 15:35:00
104320,138,26,4,1437.08,cancelled,2026-07-14 11:30:00
104321,161,16,3,486.81,completed,2026-08-02 16:06:00
104322,120,39,1,442.3,completed,2026-08-09 02:51:00
104323,33,39,5,1195.1,completed,2026-07-31 11:11:00
104324,184,49,2,416.72,cancelled,2026-07-06 06:37:00
104325,45,21,5,453.95,completed,2026-07-03 09:55:00
104326,80,36,1,53.2,cancelled,2026-07-31 18:04:00
104327,77,46,3,391.8,completed,2026-07-18 11:23:00
104328,170,48,4,1373.4,completed,2026-08-06 12:35:00
104329,113,20,4,1432.44,completed,2026-08-01 05:14:00
104330,67,46,3,434.01,completed,2026-07-22 15:46:00
104331,1,49,1,28.91,cancelled,2026-07-14 11:58:00
104332,56,43,4,726.44,completed,2026-07-17 22:33:00
104333,184,18,2,159.42,completed,2026-07-18 11:46:00
104334,125,37,1,440.87,completed,2026-07-26 04:51:00
104335,58,10,3,1475.1,completed,2026-07-30 08:59:00
104336,200,13,5,1761.35,completed,2026-07-09 05:00:00
104337,14,15,4,1154.12,completed,2026-07-24 11:20:00
104338,99,9,2,94.98,completed,2026-08-07 10:50:00
104339,67,40,1,25.62,completed,2026-07-25 21:02:00
104340,49,32,3,1404.9,completed,2026-07-21 03:53:00
104341,166,16,5,512.9,completed,2026-07-11 13:38:00
104342,190,25,4,1848.6,completed,2026-07-12 10:08:00
104343,41,19,1,118.31,completed,2026-07-18 20:14:00
104344,168,20,1,122.38,cancelled,2026-07-30 20:01:00
104345,204,10,5,2175.5,cancelled,2026-07-03 21:45:00
104346,10,44,3,1243.74,completed,2026-07-20 16:24:00
104347,123,31,4,1261.4,completed,2026-07-17 09:24:00
104348,102,46,5,1530.9,completed,2026-07-18 13:10:00
104349,87,7,5,1937.65,cancelled,2026-08-01 06:31:00
104350,61,33,1,456.01,completed,2026-07-14 16:34:00
104351,69,13,2,734.48,completed,2026-07-26 22:11:00
104352,72,30,5,2125.3,completed,2026-08-03 17:11:00
104353,168,25,5,1286.55,completed,2026-07-09 14:59:00
104354,177,6,2,908.12,completed,2026-07-04 04:52:00
104355,63,16,2,142.22,completed,2026-07-08 23:30:00
104356,89,39,4,1519.24,completed,2026-07-30 02:38:00
104357,20,44,4,917.84,pending,2026-07-10 14:32:00
104358,181,28,1,84.08,completed,2026-07-18 12:17:00
104359,56,31,4,134.64,completed,2026-07-13 00:45:00
104360,110,36,5,1452.3,cancelled,2026-07-22 15:51:00
104361,108,47,2,395.5,completed,2026-07-01 10:37:00
104362,160,7,1,347.35,completed,2026-07-12 09:37:00
104363,9,35,2,279.18,completed,2026-07-05 23:43:00
104364,56,11,5,1885.6,completed,2026-07-04 05:17:00
104365,119,14,4,1809.84,completed,2026-07-03 13:33:00
104366,57,12,5,1894.4,completed,2026-08-05 22:03:00
104367,16,48,5,1028.5,completed,2026-07-09 12:25:00
104368,132,35,1,240.47,completed,2026-07-08 01:21:00
104369,45,18,4,1060.04,completed,2026-07-10 05:13:00
104370,124,4,4,1891.24,completed,2026-07-26 07:52:00
104371,136,41,2,368.4,completed,2026-07-08 01:25:00
104372,119,39,2,,completed,2026-08-08 16:40:00
104373,84,43,1,430.54,completed,2026-07-08 17:20:00
104374,4,17,1,221.45,completed,2026-07-28 03:45:00
104375,27,21,4,522.32,completed,2026-07-14 12:54:00
104376,70,13,5,1719.65,cancelled,2026-08-04 22:48:00
104377,76,2,5,1323.05,completed,2026-07-12 17:02:00
104378,39,2,4,297.24,completed,2026-07-15 09:38:00
104379,9,43,4,1013.92,completed,2026-08-05 22:21:00
104380,50,48,2,847.42,completed,2026-07-28 07:06:00
104381,133,37,3,425.34,completed,2026-07-19 17:34:00
104382,150,8,2,407.92,completed,2026-07-14 06:34:00
104383,127,4,2,,completed,2026-08-03 01:05:00
104384,3,10,5,965.15,completed,2026-07-18 02:11:00
104385,28,43,2,129.96,completed,2026-07-30 14:14:00
104386,182,43,4,244.16,completed,2026-07-23 13:50:00
104387,170,8,5,2086.45,cancelled,2026-07-18 10:20:00
104388,183,9,5,2264.6,completed,2026-07-13 05:15:00
104389,47,3,2,367.4,completed,2026-08-01 15:26:00
104390,190,42,1,92.51,cancelled,2026-07-29 04:56:00
104391,112,5,1,347.24,cancelled,2026-07-09 18:59:00
104392,205,44,3,404.58,completed,2026-07-31 04:10:00
104393,144,32,3,344.88,completed,2026-07-14 22:05:00
104394,163,1,3,997.68,completed,2026-07-08 22:46:00
104395,152,31,3,809.67,completed,2026-07-10 15:31:00
104396,134,48,4,436.56,completed,2026-07-19 23:46:00
104397,96,13,4,1798.64,completed,2026-08-01 20:39:00
104398,181,4,2,781.66,completed,2026-07-05 16:56:00
104399,191,48,5,1290.3,completed,2026-07-31 07:27:00
104400,183,32,5,234.45,completed,2026-07-20 13:07:00
104401,2,32,4,1080.84,pending,2026-07-24 11:45:00
104402,124,33,1,92.42,completed,2026-08-02 19:11:00
104403,133,30,4,72.84,completed,2026-08-04 17:52:00
104404,88,19,5,2178.05,completed,2026-07-21 06:35:00
104405,20,1,4,1327.36,completed,2026-07-02 19:52:00
104406,204,13,3,208.5,cancelled,2026-08-02 10:51:00
104407,71,14,1,115.59,completed,2026-07-26 02:50:00
104408,71,43,2,711.1,cancelled,2026-07-12 07:41:00
104409,192,15,3,549.27,completed,2026-08-07 12:33:00
104410,110,14,2,11.56,completed,2026-07-02 10:57:00
104411,85,34,4,1771.84,completed,2026-07-09 00:36:00
104412,119,10,3,568.53,completed,2026-07-26 05:34:00
104413,66,21,3,635.67,completed,2026-07-19 20:52:00
104414,13,18,3,1399.29,completed,2026-07-17 20:36:00
104415,137,44,1,345.95,completed,2026-07-02 06:16:00
104416,80,33,5,1133.9,completed,2026-08-06 01:24:00
104417,27,39,5,1787.3,cancelled,2026-08-06 17:35:00
104418,6,46,5,146.65,completed,2026-07-23 05:49:00
104419,146,1,3,301.83,completed,2026-07-27 08:37:00
104420,166,9,5,1285.95,completed,2026-07-30 09:50:00
104421,49,24,5,459.9,completed,2026-07-25 18:42:00
104422,197,10,5,2377.15,pending,2026-07-02 05:19:00
104423,59,4,5,1476.15,cancelled,2026-07-16 19:50:00
104424,90,19,2,678.36,completed,2026-07-31 06:06:00
104425,84,46,3,1359.81,cancelled,2026-07-02 08:35:00
104426,118,20,2,146.74,cancelled,2026-07-25 13:16:00
104427,189,15,5,2333.0,completed,2026-07-11 11:58:00
104428,151,28,4,977.24,completed,2026-07-14 03:12:00
104429,68,43,3,602.88,completed,2026-07-24 20:24:00
104430,108,26,2,484.34,pending,2026-08-08 16:33:00
104431,82,31,5,115.55,completed,2026-08-10 07:19:00
104432,33,48,2,875.4,completed,2026-07-29 21:14:00
104433,184,21,1,340.15,completed,2026-07-27 14:21:00
104434,77,4,2,99.42,completed,2026-08-02 19:48:00
104435,16,22,2,192.4,completed,2026-07-02 06:49:00
104436,6,35,2,795.64,completed,2026-08-03 20:43:00
104437,80,46,1,185.55,completed,2026-07-14 00:40:00
104438,22,34,2,720.32,completed,2026-07-12 09:07:00
104439,122,45,5,2026.9,cancelled,2026-07-24 22:25:00
104440,161,42,3,417.75,completed,2026-07-17 21:29:00
104441,194,11,5,2401.05,completed,2026-07-28 20:33:00
104442,75,37,3,219.3,completed,2026-08-06 08:16:00
104443,134,13,5,196.55,completed,2026-08-07 18:41:00
104444,76,45,2,582.14,pending,2026-07-28 18:21:00
104445,153,24,3,65.46,cancelled,2026-07-08 03:21:00
104446,81,43,1,110.98,completed,2026-07-17 18:10:00
104447,191,43,4,1586.76,completed,2026-07-12 21:22:00
104448,202,36,2,546.3,cancelled,2026-08-09 18:40:00
104449,147,13,4,1280.88,pending,2026-07-28 03:50:00
104450,194,37,5,1915.2,completed,2026-07-23 00:56:00
104451,36,35,3,464.22,completed,2026-07-04 02:15:00
104452,8,31,4,1032.68,completed,2026-07-12 05:41:00
104453,157,6,1,70.5,cancelled,2026-07-03 21:08:00
104454,182,36,1,407.07,completed,2026-07-26 13:34:00
104455,167,14,5,1905.7,completed,2026-07-11 12:12:00
104456,201,9,1,372.6,pending,2026-07-05 22:47:00
104457,122,8,1,283.15,completed,2026-07-12 18:01:00
104458,123,43,2,291.06,completed,2026-07-15 05:10:00
104459,12,33,4,594.56,pending,2026-07-30 19:09:00
104460,55,49,5,1850.05,cancelled,2026-07-18 11:39:00
104461,43,15,5,872.45,completed,2026-07-14 19:48:00
104462,136,19,5,1706.65,completed,2026-07-11 23:49:00
104463,90,35,3,195.12,cancelled,2026-07-04 07:55:00
104464,127,23,5,2040.35,completed,2026-07-19 05:04:00
104465,209,49,3,31.89,completed,2026-07-01 21:44:00
104466,49,11,2,255.44,completed,2026-07-09 22:32:00
104467,94,24,1,332.27,completed,2026-07-26 11:23:00
104468,149,40,4,1813.48,pending,2026-08-10 14:41:00
104469,131,32,3,1293.06,completed,2026-07-31 15:28:00
104470,192,25,2,601.0,cancelled,2026-07-20 10:23:00
104471,171,37,1,369.32,cancelled,2026-07-25 21:56:00
104472,153,25,2,353.56,completed,2026-08-07 19:40:00
104473,67,45,2,238.62,completed,2026-07-04 00:32:00
104474,177,42,4,1191.88,completed,2026-07-17 03:06:00
104475,125,2,2,821.44,completed,2026-07-06 10:08:00
104476,7,7,3,111.15,completed,2026-08-04 04:05:00
104477,128,49,3,149.82,cancelled,2026-07-15 00:57:00
104478,58,25,5,639.45,completed,2026-07-14 10:46:00
104479,150,3,4,,completed,2026-07-07 06:36:00
104480,24,43,4,795.68,completed,2026-07-20 03:42:00
104481,91,2,1,93.54,completed,2026-08-09 13:12:00
104482,18,22,2,462.26,completed,2026-07-26 22:26:00
104483,100,42,2,465.14,cancelled,2026-07-16 04:09:00
104484,22,25,2,321.08,completed,2026-07-27 09:01:00
104485,109,16,1,123.68,completed,2026-07-24 23:48:00
104486,59,11,2,359.5,completed,2026-08-06 16:47:00
104487,129,29,2,829.46,completed,2026-07-16 14:53:00
104488,121,15,2,650.56,completed,2026-07-27 12:05:00
104489,17,10,2,290.4,cancelled,2026-08-03 04:43:00
104490,143,5,3,1014.3,completed,2026-07-17 23:36:00
104491,46,30,3,1024.98,completed,2026-07-25 05:12:00
104492,204,17,5,1342.6,cancelled,2026-07-05 22:16:00
104493,16,17,4,559.76,completed,2026-07-23 08:07:00
104494,22,43,1,312.28,completed,2026-07-13 23:05:00
104495,144,27,5,605.1,completed,2026-08-03 19:29:00
104496,52,49,4,1030.16,completed,2026-08-02 21:40:00
104497,85,8,1,66.84,pending,2026-07-23 07:28:00
104498,50,26,3,1392.63,completed,2026-07-31 17:07:00
104499,149,33,3,1118.13,completed,2026-07-31 01:30:00
104500,4,20,2,591.76,pending,2026-07-30 23:31:00
104501,27,26,1,140.47,completed,2026-08-01 13:35:00
104502,64,13,3,843.39,completed,2026-07-30 21:57:00
104503,72,31,2,743.34,completed,2026-07-06 11:23:00
104504,99,35,2,391.16,completed,2026-07-10 13:38:00
104505,157,37,1,158.43,completed,2026-08-08 15:42:00
104506,113,39,2,223.1,pending,2026-07-19 04:10:00
104507,163,28,4,1061.48,completed,2026-08-02 14:57:00
104508,162,12,4,1989.88,completed,2026-08-07 08:42:00
104509,170,24,1,157.18,completed,2026-07-02 06:36:00
104510,150,5,4,1084.36,completed,2026-08-09 02:46:00
104511,191,25,1,49.41,completed,2026-07-24 10:05:00
104512,94,9,2,977.54,pending,2026-07-24 15:21:00
104513,7,50,4,1452.92,cancelled,2026-07-19 15:24:00
104514,65,2,5,712.0,completed,2026-08-01 06:56:00
104515,141,35,4,1352.16,pending,2026-07-27 11:29:00
104516,104,41,4,1875.84,pending,2026-07-17 11:18:00
104517,181,20,5,2160.3,completed,2026-07-10 03:21:00
104518,200,8,5,1269.65,completed,2026-07-04 23:48:00
104519,181,21,4,661.08,completed,2026-07-02 16:24:00
104520,63,28,4,836.4,completed,2026-07-10 03:33:00
104521,69,32,4,126.72,completed,2026-07-16 14:57:00
104522,145,8,2,155.42,completed,2026-07-02 10:29:00
104523,178,1,3,51.81,completed,2026-07-10 00:04:00
104524,104,14,3,425.43,cancelled,2026-07-19 17:37:00
104525,150,26,3,1335.81,completed,2026-07-25 19:56:00
104526,77,33,5,1079.3,pending,2026-08-08 18:56:00
104527,7,1,2,764.84,completed,2026-08-03 20:50:00
104528,162,42,5,2282.8,cancelled,2026-07-09 02:01:00
104529,32,20,3,1434.33,pending,2026-08-07 07:52:00
104530,198,35,1,57.1,completed,2026-07-15 17:42:00
104531,136,48,2,626.54,completed,2026-07-01 05:56:00
104532,77,10,2,59.36,completed,2026-07-31 10:51:00
104533,7,13,2,648.88,cancelled,2026-07-29 23:46:00
104534,110,6,2,176.38,cancelled,2026-07-12 23:56:00
104535,152,32,5,2146.95,completed,2026-08-10 00:42:00
104536,187,6,5,366.9,completed,2026-08-03 00:16:00
104537,26,3,4,330.56,cancelled,2026-07-26 13:05:00
104538,48,16,5,979.1,completed,2026-07-13 05:07:00
104539,188,18,1,497.14,cancelled,2026-07-02 01:01:00
104540,199,32,2,285.68,cancelled,2026-07-20 22:51:00
104541,29,16,4,288.24,completed,2026-07-03 18:31:00
104542,45,8,3,22.32,completed,2026-07-04 08:28:00
104543,33,16,2,730.42,completed,2026-07-07 15:04:00
104544,125,6,2,179.86,cancelled,2026-07-17 03:34:00
104545,51,46,5,1006.6,completed,2026-07-16 01:00:00
104546,192,50,1,315.3,completed,2026-08-06 02:02:00
104547,52,7,2,467.34,completed,2026-07-08 14:38:00
104548,44,36,3,890.94,completed,2026-07-25 09:01:00
104549,77,29,3,1287.84,cancelled,2026-08-09 04:51:00
104550,136,22,1,53.89,completed,2026-07-30 21:37:00
104551,206,34,5,2292.05,completed,2026-07-19 08:06:00
104552,58,21,5,433.5,completed,2026-07-08 10:55:00
104553,13,30,1,199.51,completed,2026-07-21 21:18:00
104554,60,4,4,789.72,completed,2026-08-06 22:57:00
104555,198,6,1,122.09,cancelled,2026-07-15 05:42:00
104556,164,49,1,386.37,pending,2026-08-03 10:04:00
104557,112,46,2,356.86,completed,2026-08-01 05:15:00
104558,68,41,2,163.74,completed,2026-07-02 03:34:00
104559,170,25,3,90.54,completed,2026-07-29 05:39:00
104560,45,35,2,843.5,pending,2026-07-17 17:02:00
104561,56,16,2,325.86,completed,2026-08-08 12:18:00
104562,148,6,2,488.52,cancelled,2026-08-06 20:25:00
104563,155,38,5,1673.9,completed,2026-08-03 11:56:00
104564,10,49,4,594.84,completed,2026-08-06 09:14:00
104565,95,40,1,131.93,completed,2026-07-13 09:39:00
104566,18,30,4,1540.84,cancelled,2026-07-26 14:42:00
104567,84,14,4,995.72,cancelled,2026-07-21 15:40:00
104568,37,5,4,712.08,completed,2026-07-31 01:17:00
104569,182,43,1,,completed,2026-07-29 06:36:00
104570,43,34,4,1888.84,completed,2026-07-11 23:43:00
104571,132,4,5,2212.85,completed,2026-07-30 00:56:00
104572,103,49,2,583.94,completed,2026-07-14 17:55:00
104573,206,3,3,853.89,completed,2026-07-08 08:31:00
104574,130,42,1,9.98,completed,2026-07-09 01:28:00
104575,66,19,5,2227.9,completed,2026-07-27 05:45:00
104576,8,49,3,1318.74,completed,2026-07-15 08:55:00
104577,207,31,3,694.32,completed,2026-07-21 19:21:00
104578,89,1,4,560.96,cancelled,2026-08-01 19:16:00
104579,198,13,3,279.0,completed,2026-08-10 12:53:00
104580,118,50,3,1342.74,completed,2026-07-03 11:05:00
104581,203,11,5,1493.8,completed,2026-08-09 16:10:00
104582,155,17,3,1442.85,completed,2026-07-11 19:10:00
104583,63,19,4,1142.2,completed,2026-07-27 19:03:00
104584,87,14,4,170.08,completed,2026-08-01 04:23:00
104585,180,48,1,366.0,completed,2026-07-20 17:49:00
104586,112,6,4,311.04,completed,2026-08-04 07:31:00
104587,91,35,3,1084.74,completed,2026-07-27 15:59:00
104588,56,8,4,1506.52,completed,2026-07-25 16:11:00
104589,182,4,5,902.1,completed,2026-08-09 10:30:00
104590,122,47,3,1217.97,completed,2026-07-11 08:35:00
104591,18,4,2,219.78,completed,2026-07-23 14:30:00
104592,188,11,4,55.96,completed,2026-07-11 02:47:00
104593,117,4,1,351.49,cancelled,2026-07-25 00:03:00
104594,77,20,1,161.33,completed,2026-07-21 19:01:00
104595,87,21,5,1092.2,cancelled,2026-07-21 10:52:00
104596,124,39,2,466.08,completed,2026-07-04 00:58:00
104597,31,44,4,588.96,completed,2026-08-01 07:57:00
104598,126,49,1,396.73,completed,2026-07-31 08:08:00
104599,69,6,3,1316.91,completed,2026-07-21 19:48:00
104600,81,19,2,849.68,completed,2026-07-06 04:50:00
104601,151,18,5,951.7,completed,2026-07-18 04:17:00
104602,157,22,1,171.64,completed,2026-07-24 20:58:00
104603,172,46,2,95.68,completed,2026-07-10 14:42:00
104604,175,12,3,505.53,cancelled,2026-08-04 08:52:00
104605,181,6,3,123.93,completed,2026-08-03 01:22:00
104606,124,47,1,231.34,completed,2026-08-03 14:10:00
104607,64,9,3,1244.28,completed,2026-08-06 07:32:00
104608,145,34,4,496.52,completed,2026-07-05 05:47:00
104609,1,48,3,217.95,completed,2026-07-30 15:05:00
104610,58,8,4,1538.92,completed,2026-07-21 04:47:00
104611,39,36,3,451.74,completed,2026-08-07 09:41:00
104612,60,26,5,1435.2,completed,2026-07-16 18:14:00
104613,174,33,4,521.32,cancelled,2026-07-21 11:18:00
104614,19,3,1,105.72,completed,2026-08-03 18:53:00
104615,1,25,5,1840.15,pending,2026-07-08 14:44:00
104616,103,11,5,1327.7,cancelled,2026-07-13 10:38:00
104617,54,34,2,729.94,pending,2026-07-03 04:20:00
104618,38,50,5,266.25,completed,2026-07-13 15:19:00
104619,107,34,4,1189.2,completed,2026-07-25 13:59:00
104620,147,10,2,185.58,cancelled,2026-07-24 18:44:00
104621,204,35,5,985.25,completed,2026-07-31 06:52:00
104622,131,10,5,195.75,completed,2026-07-11 17:53:00
104623,206,17,4,1207.84,completed,2026-07-23 12:11:00
104624,99,22,5,844.05,pending,2026-08-09 12:21:00
104625,88,29,1,176.04,completed,2026-07-24 18:50:00
104626,190,23,4,1791.16,cancelled,2026-07-09 14:03:00
104627,12,8,2,617.34,completed,2026-07-01 18:50:00
104628,140,8,5,1208.05,completed,2026-07-27 17:18:00
104629,33,27,3,966.84,completed,2026-07-23 11:04:00
104630,146,48,3,701.1,completed,2026-07-04 12:16:00
104631,130,40,5,1148.45,completed,2026-07-29 20:07:00
104632,99,45,5,1393.3,completed,2026-07-12 15:27:00
104633,77,3,4,,completed,2026-07-29 14:16:00
104634,163,11,4,1956.24,completed,2026-07-05 19:25:00
104635,184,29,2,234.14,completed,2026-07-29 11:39:00
104636,79,1,3,331.62,completed,2026-07-16 20:27:00
104637,6,46,4,481.16,completed,2026-07-26 19:02:00
104638,27,31,2,913.2,completed,2026-07-02 00:02:00
104639,41,23,5,,completed,2026-08-02 02:57:00
104640,124,20,4,1691.2,completed,2026-07-28 18:55:00
104641,210,21,4,1259.12,completed,2026-07-18 07:09:00
104642,88,27,5,511.65,completed,2026-07-30 12:39:00
104643,85,10,2,153.32,completed,2026-07-27 12:46:00
104644,187,4,1,230.55,cancelled,2026-07-11 13:25:00
104645,82,29,2,533.72,completed,2026-07-19 22:00:00
104646,154,6,4,320.12,completed,2026-08-07 22:25:00
104647,178,8,3,1397.91,pending,2026-07-26 02:47:00
104648,152,20,2,,completed,2026-07-19 07:25:00
104649,184,30,3,320.31,completed,2026-07-16 21:12:00
104650,46,26,3,782.97,pending,2026-07-31 14:45:00
104651,90,43,5,1718.25,completed,2026-07-23 14:32:00
104652,69,15,2,528.3,completed,2026-07-23 13:52:00
104653,202,23,4,1455.04,cancelled,2026-07-03 00:03:00
104654,57,16,3,390.06,completed,2026-07-13 21:58:00
104655,133,42,3,1379.52,completed,2026-07-13 17:08:00
104656,76,40,2,510.02,completed,2026-08-08 02:31:00
104657,16,12,4,1139.56,completed,2026-07-26 16:25:00
104658,31,37,3,982.47,completed,2026-07-13 03:43:00
104659,186,33,4,973.96,completed,2026-07-18 01:43:00
104660,183,18,2,487.38,cancelled,2026-07-02 14:19:00
104661,119,49,5,1252.7,completed,2026-07-21 02:11:00
104662,112,14,3,1137.3,completed,2026-08-01 20:31:00
104663,98,24,4,748.04,completed,2026-07-05 02:47:00
104664,104,4,1,398.09,completed,2026-08-03 10:28:00
104665,16,35,3,362.07,completed,2026-07-24 16:39:00
104666,210,33,3,29.49,completed,2026-08-06 08:28:00
104667,87,16,3,137.01,completed,2026-07-23 12:20:00
104668,53,27,4,1867.48,cancelled,2026-08-06 18:38:00
104669,193,33,5,1742.3,completed,2026-08-04 02:52:00
104670,3,15,3,1025.07,completed,2026-07-22 17:48:00
104671,91,20,3,1146.72,cancelled,2026-07-14 12:45:00
104672,36,5,1,189.71,completed,2026-07-11 18:14:00
104673,70,28,5,339.55,cancelled,2026-07-16 06:50:00
104674,136,33,5,1490.65,cancelled,2026-07-04 16:10:00
104675,128,29,3,1079.16,completed,2026-07-26 19:23:00
104676,62,35,5,1378.3,completed,2026-07-05 08:04:00
104677,103,32,4,1807.28,completed,2026-07-04 06:52:00
104678,202,36,2,19.02,pending,2026-07-03 15:01:00
104679,50,21,4,,completed,2026-07-29 09:30:00
104680,104,38,4,843.4,completed,2026-07-27 20:29:00
104681,32,13,4,862.6,cancelled,2026-07-30 06:57:00
104682,156,40,1,302.51,completed,2026-07-12 01:34:00
104683,105,36,3,,cancelled,2026-07-31 17:51:00
104684,61,18,2,32.06,pending,2026-08-07 01:35:00
104685,96,8,2,966.12,completed,2026-07-05 11:50:00
104686,71,6,3,756.75,completed,2026-07-30 19:01:00
104687,119,28,4,1050.48,completed,2026-08-07 11:02:00
104688,133,35,5,2188.95,completed,2026-07-27 20:22:00
104689,184,44,5,740.7,completed,2026-07-14 18:08:00
104690,42,34,3,605.16,cancelled,2026-07-26 06:47:00
104691,125,24,3,,completed,2026-08-02 15:01:00
104692,139,46,4,1697.6,completed,2026-07-31 05:32:00
104693,11,37,5,241.6,completed,2026-08-08 19:15:00
104694,31,30,2,908.64,pending,2026-08-09 04:09:00
104695,16,46,3,984.72,completed,2026-08-04 09:53:00
104696,23,12,1,42.93,completed,2026-08-05 12:45:00
104697,5,45,4,1319.8,completed,2026-08-06 18:44:00
104698,3,16,5,1467.65,completed,2026-07-07 12:47:00
104699,44,24,2,441.54,completed,2026-08-06 08:01:00
104700,57,20,4,1788.68,completed,2026-07-15 05:57:00
104701,65,39,4,1341.64,completed,2026-07-27 22:27:00
104702,40,50,4,430.96,completed,2026-08-02 12:29:00
104703,150,15,4,1483.16,cancelled,2026-08-10 03:20:00
104704,130,29,3,405.33,completed,2026-08-02 04:39:00
104705,47,17,2,275.36,completed,2026-07-11 07:59:00
104706,210,42,5,2029.8,completed,2026-07-09 16:29:00
104707,191,27,5,87.6,completed,2026-07-19 07:16:00
104708,104,23,4,1784.72,completed,2026-07-08 10:17:00
104709,97,27,2,227.86,completed,2026-07-26 18:58:00
104710,196,16,1,404.1,completed,2026-07-24 17:09:00
104711,117,32,5,1497.15,completed,2026-07-17 15:32:00
104712,146,4,3,788.58,completed,2026-07-13 00:09:00
104713,127,30,3,924.36,completed,2026-07-07 20:31:00
104714,114,3,1,312.18,completed,2026-07-23 10:31:00
104715,159,28,2,504.12,completed,2026-07-08 20:12:00
104716,106,34,3,368.94,completed,2026-07-07 21:45:00
104717,198,15,5,306.8,completed,2026-07-03 16:42:00
104718,88,50,4,840.92,completed,2026-07-20 09:18:00
104719,77,18,1,466.45,cancelled,2026-08-10 09:49:00
104720,48,17,3,704.1,completed,2026-08-02 04:37:00
104721,63,6,3,1277.76,pending,2026-07-15 23:11:00
104722,15,39,4,1891.36,completed,2026-08-10 14:03:00
104723,134,6,1,499.29,completed,2026-07-02 01:52:00
104724,9,23,2,86.02,cancelled,2026-07-23 07:09:00
104725,100,21,1,206.45,completed,2026-07-11 16:50:00
104726,5,23,1,244.66,completed,2026-07-12 15:36:00
104727,47,48,1,318.17,completed,2026-07-18 19:04:00
104728,169,23,5,728.2,completed,2026-07-05 05:37:00
104729,101,44,3,1348.2,completed,2026-07-08 10:49:00
104730,96,19,4,552.72,completed,2026-07-28 16:41:00
104731,154,39,5,1856.2,completed,2026-07-31 11:34:00
104732,199,8,2,483.0,completed,2026-07-19 01:10:00
104733,28,32,4,999.68,completed,2026-07-20 10:33:00
104734,85,8,2,418.26,completed,2026-07-14 17:19:00
104735,155,43,5,1102.65,completed,2026-07-12 20:28:00
104736,69,41,1,372.36,completed,2026-07-24 23:04:00
104737,117,40,4,519.76,pending,2026-08-09 15:32:00
104738,16,3,5,1791.0,completed,2026-07-28 06:45:00
104739,95,30,1,340.62,completed,2026-07-27 12:20:00
104740,46,36,2,823.06,completed,2026-07-30 06:36:00
104741,43,27,3,374.19,completed,2026-07-30 00:34:00
104742,22,10,1,163.03,completed,2026-07-27 05:25:00
104743,85,3,5,1336.3,completed,2026-07-12 22:41:00
104744,84,27,2,923.68,completed,2026-08-06 03:41:00
104745,171,19,5,475.35,cancelled,2026-08-10 23:41:00
104746,125,22,2,,completed,2026-07-15 10:06:00
104747,60,15,3,81.66,completed,2026-07-13 18:43:00
104748,39,25,4,1812.68,completed,2026-08-02 13:21:00
104749,180,29,2,343.38,completed,2026-07-06 00:05:00
104750,4,23,5,339.0,completed,2026-07-26 05:00:00
104751,171,6,3,1350.42,completed,2026-08-08 14:45:00
104752,75,6,5,1094.25,completed,2026-07-25 09:36:00
104753,21,6,1,24.3,cancelled,2026-07-07 03:08:00
104754,95,15,2,579.54,completed,2026-07-18 02:36:00
104755,50,6,5,1626.95,completed,2026-07-14 13:59:00
104756,54,13,3,1241.97,completed,2026-08-10 11:43:00
104757,145,6,5,2291.2,completed,2026-07-17 11:18:00
104758,27,2,1,93.95,completed,2026-08-06 19:11:00
104759,109,25,2,816.54,completed,2026-07-26 20:28:00
104760,14,48,5,1557.55,cancelled,2026-07-12 23:35:00
104761,13,32,2,903.56,cancelled,2026-07-20 12:40:00
104762,59,43,3,859.41,completed,2026-07-02 18:27:00
104763,181,43,3,1188.99,completed,2026-07-05 16:41:00
104764,7,28,1,341.48,completed,2026-07-23 08:35:00
104765,180,46,4,765.4,completed,2026-07-25 08:50:00
104766,29,21,3,226.62,cancelled,2026-07-04 14:55:00
104767,155,28,2,38.46,completed,2026-08-06 19:30:00
104768,107,27,3,254.49,completed,2026-07-09 01:51:00
104769,83,6,1,200.96,completed,2026-08-10 10:40:00
104770,3,28,4,1434.92,pending,2026-07-15 10:03:00
104771,31,34,4,1451.56,completed,2026-08-10 13:37:00
104772,122,38,2,506.46,completed,2026-07-28 16:58:00
104773,206,30,3,110.22,completed,2026-08-07 13:52:00
104774,25,8,2,422.84,completed,2026-07-20 10:55:00
104775,77,50,5,1163.85,completed,2026-07-13 10:24:00
104776,28,15,4,125.36,completed,2026-07-20 16:44:00
104777,177,34,5,200.35,completed,2026-07-09 10:00:00
104778,82,3,3,1220.97,completed,2026-07-04 05:15:00
104779,69,28,5,739.95,completed,2026-07-30 21:21:00
104780,157,1,1,151.6,completed,2026-07-22 22:00:00
104781,204,15,5,295.65,completed,2026-07-02 00:34:00
104782,184,7,1,427.9,completed,2026-07-05 12:52:00
104783,145,18,5,849.95,completed,2026-07-25 07:12:00
104784,32,42,5,1533.55,completed,2026-08-05 20:19:00
104785,24,42,3,1119.96,completed,2026-07-14 13:08:00
104786,5,2,3,319.41,completed,2026-07-28 08:41:00
104787,102,12,1,60.5,completed,2026-07-04 16:29:00
104788,49,15,5,2127.05,completed,2026-07-14 17:28:00
104789,115,14,4,864.08,cancelled,2026-08-05 15:38:00
104790,170,49,5,1656.45,completed,2026-07-08 21:07:00
104791,57,40,4,542.84,completed,2026-07-30 22:44:00
104792,205,15,3,944.61,completed,2026-08-08 13:07:00
104793,210,41,4,330.2,completed,2026-07-07 13:43:00
104794,205,32,4,1112.0,completed,2026-07-19 16:53:00
104795,112,3,2,263.5,pending,2026-07-20 18:41:00
104796,95,6,3,1027.86,cancelled,2026-07-05 08:56:00
104797,106,8,1,104.02,completed,2026-07-01 11:52:00
104798,130,13,1,268.54,completed,2026-07-05 05:28:00
104799,33,10,2,947.0,completed,2026-07-10 18:51:00
104800,79,5,4,314.84,cancelled,2026-07-18 14:46:00
104801,100,48,2,749.16,completed,2026-07-12 15:48:00
104802,172,43,5,1788.0,completed,2026-07-01 11:49:00
104803,78,35,2,823.18,cancelled,2026-07-17 03:50:00
104804,37,46,2,115.24,completed,2026-07-14 22:19:00
104805,99,46,2,114.28,completed,2026-07-24 04:53:00
104806,134,46,3,837.0,completed,2026-08-10 20:49:00
104807,166,47,1,424.09,completed,2026-07-26 01:45:00
104808,55,23,4,268.96,completed,2026-07-06 21:17:00
104809,17,25,4,973.84,completed,2026-08-05 11:37:00
104810,125,14,2,631.82,completed,2026-07-08 02:30:00
104811,76,46,1,93.31,completed,2026-08-07 00:31:00
104812,55,28,1,110.06,completed,2026-07-07 14:48:00
104813,86,46,3,1110.57,completed,2026-07-04 07:45:00
104814,207,18,2,726.56,completed,2026-08-08 13:00:00
104815,39,11,4,1137.84,completed,2026-07-06 20:20:00
104816,197,8,2,435.34,pending,2026-08-05 23:06:00
104817,53,41,4,318.4,completed,2026-07-25 05:30:00
104818,100,16,5,111.35,completed,2026-07-22 12:15:00
104819,186,22,3,327.96,completed,2026-07-17 22:06:00
104820,121,25,3,240.12,completed,2026-08-05 21:02:00
104821,174,17,3,927.99,completed,2026-07-27 12:30:00
104822,15,49,3,926.4,completed,2026-07-18 19:26:00
104823,154,3,4,1180.88,completed,2026-07-24 20:06:00
104824,4,14,2,110.1,pending,2026-07-10 04:06:00
104825,201,31,3,365.16,pending,2026-07-29 12:29:00
104826,83,7,4,344.84,pending,2026-07-19 19:24:00
104827,186,11,4,843.2,completed,2026-07-15 00:36:00
104828,134,1,3,1436.28,completed,2026-07-13 09:58:00
104829,110,27,4,1896.92,cancelled,2026-07-08 23:55:00
104830,90,5,1,296.95,completed,2026-08-01 16:46:00
104831,156,21,5,1157.0,cancelled,2026-07-12 06:44:00
104832,141,18,3,270.36,completed,2026-08-01 19:44:00
104833,87,3,3,637.23,completed,2026-07-27 17:57:00
104834,159,2,4,424.6,completed,2026-07-07 16:32:00
104835,10,16,4,1979.96,completed,2026-07-10 22:25:00
104836,208,37,4,652.0,completed,2026-07-18 11:47:00
104837,207,34,5,1287.05,completed,2026-07-02 19:30:00
104838,204,40,4,532.92,completed,2026-07-06 11:42:00
104839,135,26,4,1124.36,completed,2026-08-09 15:49:00
104840,42,15,3,817.38,pending,2026-07-05 14:49:00
104841,19,9,1,319.97,completed,2026-07-05 22:49:00
104842,168,48,3,272.25,cancelled,2026-07-25 11:32:00
104843,174,49,5,134.8,completed,2026-08-01 02:44:00
104844,27,34,3,430.41,completed,2026-08-08 16:53:00
104845,203,38,3,681.42,completed,2026-07-21 18:06:00
104846,136,2,4,855.08,completed,2026-07-21 05:18:00
104847,53,14,4,397.2,completed,2026-07-19 02:01:00
104848,20,42,3,489.15,completed,2026-07-25 16:50:00
104849,130,32,5,1379.15,pending,2026-07-12 13:55:00
104850,184,1,3,913.29,completed,2026-07-13 14:26:00
104851,33,26,2,803.04,completed,2026-07-16 06:28:00
104852,186,38,2,969.94,completed,2026-08-05 20:33:00
104853,132,44,2,328.16,completed,2026-07-05 13:32:00
104854,176,15,5,1457.05,completed,2026-08-05 19:00:00
104855,176,34,3,1408.5,completed,2026-07-13 14:46:00
104856,68,48,2,440.16,pending,2026-07-02 06:46:00
104857,120,21,3,343.23,completed,2026-08-05 21:40:00
104858,100,12,1,31.42,completed,2026-07-27 21:45:00
104859,134,10,1,461.92,cancelled,2026-07-08 00:39:00
104860,17,45,4,1630.0,cancelled,2026-07-22 15:59:00
104861,73,25,1,371.31,completed,2026-07-28 19:58:00
104862,99,40,1,193.35,completed,2026-07-30 18:01:00
104863,152,48,4,356.04,completed,2026-07-26 04:44:00
104864,81,33,2,310.52,completed,2026-08-04 22:26:00
104865,147,3,2,955.84,cancelled,2026-07-10 07:11:00
104866,34,30,2,304.08,pending,2026-07-26 21:49:00
104867,144,11,3,363.36,pending,2026-08-08 11:31:00
104868,10,40,1,198.53,completed,2026-08-07 08:25:00
104869,180,18,4,1749.56,completed,2026-07-25 03:24:00
104870,63,44,3,493.92,cancelled,2026-07-07 09:12:00
104871,94,9,3,,completed,2026-07-21 00:53:00
104872,204,12,5,2297.8,completed,2026-08-03 13:19:00
104873,148,15,3,560.97,pending,2026-07-14 10:37:00
104874,191,6,4,391.0,completed,2026-07-20 14:35:00
104875,76,7,2,932.7,completed,2026-08-05 19:39:00
104876,167,23,3,251.79,completed,2026-08-02 01:01:00
104877,194,2,3,520.11,cancelled,2026-07-31 07:31:00
104878,10,46,5,458.35,pending,2026-07-07 06:54:00
104879,143,22,2,310.18,completed,2026-08-08 17:13:00
104880,53,27,5,596.8,cancelled,2026-07-21 00:28:00
104881,98,5,4,,completed,2026-07-23 05:03:00
104882,87,45,4,1707.52,completed,2026-08-09 02:35:00
104883,115,10,2,185.58,completed,2026-07-04 19:02:00
104884,186,17,1,142.13,cancelled,2026-07-21 09:00:00
104885,1,4,5,1939.9,cancelled,2026-07-16 04:04:00
104886,187,23,1,178.69,completed,2026-07-08 17:02:00
104887,166,37,1,377.85,completed,2026-08-06 11:19:00
104888,157,19,4,606.72,completed,2026-07-29 04:21:00
104889,203,9,4,1289.04,completed,2026-07-17 12:59:00
104890,114,44,5,,pending,2026-07-05 08:54:00
104891,118,9,4,820.28,completed,2026-07-17 08:53:00
104892,141,9,1,335.25,pending,2026-08-07 12:28:00
104893,115,24,5,1517.9,cancelled,2026-08-04 13:42:00
104894,26,10,2,695.32,completed,2026-08-08 11:57:00
104895,172,16,4,,cancelled,2026-07-25 19:27:00
104896,197,8,5,1589.55,completed,2026-07-21 22:10:00
104897,121,40,1,434.93,completed,2026-07-29 04:23:00
104898,99,33,5,855.3,completed,2026-07-24 02:29:00
104899,116,8,2,168.38,completed,2026-07-18 10:20:00
104900,195,27,2,542.18,completed,2026-07-03 00:42:00
104901,5,13,3,34.14,completed,2026-07-23 08:28:00
104902,146,8,1,291.02,completed,2026-08-02 19:14:00
104903,14,28,5,2163.8,pending,2026-07-15 03:46:00
104904,25,19,4,467.28,completed,2026-08-04 21:01:00
104905,196,47,4,370.64,completed,2026-07-14 06:35:00
104906,156,12,5,323.35,completed,2026-08-05 00:35:00
104907,98,50,2,891.34,completed,2026-07-31 04:45:00
104908,158,6,3,939.21,cancelled,2026-07-07 17:06:00
104909,39,47,3,1080.57,completed,2026-08-10 04:49:00
104910,100,37,1,115.54,completed,2026-07-07 18:15:00
104911,205,36,2,807.64,completed,2026-07-11 11:21:00
104912,105,31,1,173.69,cancelled,2026-08-05 08:08:00
104913,159,38,1,144.32,completed,2026-08-10 23:13:00
104914,187,41,1,139.52,cancelled,2026-08-05 23:44:00
104915,20,36,2,667.5,completed,2026-07-16 06:57:00
104916,205,27,4,1096.36,completed,2026-07-14 01:25:00
104917,10,15,4,1120.88,completed,2026-07-06 11:21:00
104918,173,13,5,1875.25,completed,2026-07-09 23:54:00
104919,158,49,1,102.45,cancelled,2026-08-04 05:27:00
104920,200,44,1,343.82,completed,2026-07-17 07:07:00
104921,195,19,2,860.46,completed,2026-07-21 08:56:00
104922,85,37,4,,completed,2026-07-27 09:15:00
104923,59,45,1,407.5,completed,2026-08-04 12:15:00
104924,126,18,2,893.5,completed,2026-08-09 07:31:00
104925,131,13,5,483.25,completed,2026-07-06 17:15:00
104926,8,28,3,967.41,cancelled,2026-07-22 06:18:00
104927,7,42,3,330.81,completed,2026-07-31 12:56:00
104928,25,12,5,,completed,2026-07-23 23:11:00
104929,156,8,4,1112.92,completed,2026-08-03 09:35:00
104930,4,25,5,1296.65,completed,2026-08-08 04:32:00
104931,1,4,3,1115.61,completed,2026-07-27 07:50:00
104932,109,43,2,531.66,completed,2026-08-09 03:13:00
104933,110,21,3,162.24,completed,2026-07-18 19:05:00
104934,144,9,5,655.25,completed,2026-07-03 17:23:00
104935,125,11,4,1979.2,completed,2026-07-28 01:14:00
104936,110,19,1,186.16,completed,2026-07-04 18:36:00
104937,95,45,1,12.49,completed,2026-07-04 22:52:00
104938,187,35,2,685.8,completed,2026-08-06 17:51:00
104939,180,34,4,,completed,2026-08-05 12:47:00
104940,27,49,5,1003.05,completed,2026-07-31 14:04:00
104941,104,20,4,1694.48,completed,2026-07-06 19:37:00
104942,174,6,1,207.07,completed,2026-07-11 02:14:00
104943,168,8,5,2336.1,completed,2026-07-09 02:58:00
104944,78,28,5,1159.25,completed,2026-07-03 16:29:00
104945,116,49,3,1350.75,completed,2026-08-07 01:10:00
104946,85,30,5,968.9,completed,2026-08-08 03:38:00
104947,72,3,5,1444.25,completed,2026-07-21 02:54:00
104948,144,43,4,175.64,completed,2026-07-19 01:03:00
104949,140,31,5,1518.35,completed,2026-07-19 18:25:00
104950,105,26,5,1425.75,completed,2026-07-01 20:00:00
104951,60,19,1,343.04,cancelled,2026-08-01 06:38:00
104952,100,15,3,22.56,completed,2026-07-21 18:00:00
104953,54,38,5,2404.15,completed,2026-07-28 18:18:00
104954,21,43,2,638.08,pending,2026-08-03 23:55:00
104955,4,2,3,306.93,pending,2026-07-27 22:30:00
104956,77,9,1,198.91,completed,2026-07-15 18:33:00
104957,85,36,4,501.88,completed,2026-07-05 16:40:00
104958,17,9,1,113.66,completed,2026-08-09 14:57:00
104959,33,41,4,1263.28,cancelled,2026-08-05 00:36:00
104960,170,18,2,99.68,completed,2026-07-26 16:52:00
104961,139,45,2,670.1,completed,2026-08-05 06:46:00
104962,44,30,4,1306.68,completed,2026-07-10 02:47:00
104963,186,32,4,1339.8,completed,2026-08-06 14:42:00
104964,152,10,5,317.65,completed,2026-07-25 20:40:00
104965,150,50,1,203.69,completed,2026-07-05 11:11:00
104966,197,29,5,318.4,completed,2026-07-06 00:21:00
104967,195,1,4,1521.68,pending,2026-07-25 09:55:00
104968,27,23,3,1019.79,completed,2026-07-10 23:56:00
104969,171,31,4,1301.8,completed,2026-08-07 11:32:00
104970,37,48,1,206.45,completed,2026-07-22 18:34:00
104971,28,25,4,198.0,completed,2026-08-09 02:09:00
104972,71,1,3,,cancelled,2026-07-25 23:41:00
104973,145,38,1,390.71,completed,2026-08-10 08:53:00
104974,141,8,2,443.76,completed,2026-07-11 20:42:00
104975,160,23,4,1220.2,completed,2026-07-10 01:30:00
104976,82,5,1,490.07,completed,2026-07-05 15:49:00
104977,112,12,2,764.96,pending,2026-08-06 04:58:00
104978,185,44,5,2194.9,completed,2026-07-25 08:22:00
104979,2,14,3,1397.61,completed,2026-07-22 23:07:00
104980,68,40,5,218.6,completed,2026-07-13 05:07:00
104981,92,45,5,1721.4,cancelled,2026-07-06 14:47:00
104982,147,37,5,85.3,completed,2026-07-28 19:24:00
104983,7,14,5,2175.65,completed,2026-07-01 07:19:00
104984,139,49,2,989.66,completed,2026-08-08 15:40:00
104985,196,32,1,40.85,completed,2026-07-19 08:01:00
104986,90,36,1,470.52,completed,2026-07-13 00:01:00
104987,77,9,2,847.16,completed,2026-07-13 04:57:00
104988,205,10,3,845.94,cancelled,2026-07-30 07:13:00
104989,99,44,3,1121.67,completed,2026-07-22 09:23:00
104990,188,24,2,228.5,pending,2026-08-05 06:48:00
104991,210,20,2,875.48,completed,2026-07-28 07:05:00
104992,93,27,5,1447.6,completed,2026-07-26 18:56:00
104993,181,44,1,298.11,completed,2026-07-15 19:04:00
104994,186,28,3,544.83,completed,2026-07-15 01:06:00
104995,188,35,5,1484.6,completed,2026-08-02 19:40:00
104996,139,6,3,1477.2,completed,2026-08-05 12:01:00
104997,128,40,4,1901.8,completed,2026-08-09 10:00:00
104998,41,18,5,106.4,completed,2026-07-26 03:23:00
104999,66,3,4,209.16,cancelled,2026-07-01 18:59:00
105000,183,14,4,1457.56,completed,2026-07-22 16:25:00
105001,198,39,3,557.73,completed,2026-08-09 02:35:00
105002,27,32,2,571.48,pending,2026-07-14 13:58:00
105003,44,2,3,847.98,pending,2026-07-09 00:29:00
105004,73,33,3,1093.05,completed,2026-08-02 15:01:00
105005,51,13,4,1266.76,pending,2026-08-03 03:39:00
105006,133,34,1,11.8,completed,2026-07-29 02:35:00
105007,101,18,5,1931.8,completed,2026-07-24 16:31:00
105008,21,6,1,61.14,completed,2026-07-14 12:31:00
105009,193,19,4,1683.04,completed,2026-08-08 03:50:00
105010,50,40,4,268.88,completed,2026-07-08 17:19:00
105011,194,13,1,446.31,cancelled,2026-08-10 15:02:00
105012,82,15,4,862.8,pending,2026-07-04 12:58:00
105013,81,1,3,1262.67,pending,2026-08-04 23:28:00
105014,156,29,3,865.86,completed,2026-08-03 06:48:00
105015,96,31,4,1827.44,completed,2026-08-02 20:43:00
105016,57,43,1,140.95,completed,2026-07-02 21:08:00
105017,47,43,3,880.68,completed,2026-07-02 07:49:00
105018,210,18,4,725.04,cancelled,2026-07-27 23:51:00
105019,145,18,5,879.2,completed,2026-07-11 14:59:00
105020,172,49,4,1237.28,completed,2026-07-07 11:08:00
105021,108,28,1,295.33,completed,2026-08-07 21:00:00
105022,159,2,4,598.88,completed,2026-07-15 16:16:00
105023,203,37,5,1963.75,completed,2026-08-01 13:45:00
105024,36,5,5,1685.15,completed,2026-07-26 19:11:00
105025,118,46,2,408.66,cancelled,2026-07-22 12:19:00
105026,208,5,1,307.11,completed,2026-07-06 02:39:00
105027,29,18,2,754.72,completed,2026-08-03 10:58:00
105028,15,24,3,136.5,completed,2026-08-05 05:52:00
105029,48,20,1,465.27,cancelled,2026-07-10 00:56:00
105030,125,18,1,108.01,completed,2026-08-06 07:57:00
105031,202,20,5,1463.55,completed,2026-07-14 08:30:00
105032,171,36,3,1071.51,completed,2026-07-31 02:51:00
105033,11,26,1,243.24,completed,2026-07-30 06:19:00
105034,6,32,3,479.55,completed,2026-07-04 05:13:00
105035,5,25,3,1223.16,completed,2026-07-13 09:05:00
105036,83,19,3,1451.85,completed,2026-07-15 15:44:00
105037,132,45,3,943.74,completed,2026-08-01 10:24:00
105038,166,47,1,466.3,completed,2026-07-16 10:20:00
105039,122,22,4,114.76,completed,2026-07-13 14:47:00
105040,105,29,4,1671.48,completed,2026-07-09 06:46:00
105041,162,24,4,560.6,pending,2026-07-22 07:03:00
105042,168,10,4,762.96,completed,2026-07-16 00:31:00
105043,10,2,3,991.56,completed,2026-08-08 01:05:00
105044,151,24,2,,completed,2026-07-21 04:58:00
105045,205,13,2,534.24,pending,2026-07-02 14:39:00
105046,171,22,5,2197.65,completed,2026-08-02 23:04:00
105047,140,14,4,889.28,completed,2026-07-07 13:07:00
105048,68,30,3,935.97,completed,2026-07-28 18:31:00
105049,183,48,1,306.5,completed,2026-07-07 06:32:00
105050,170,39,2,953.24,completed,2026-07-30 18:10:00
105051,40,24,2,947.72,cancelled,2026-07-15 16:07:00
105052,175,46,5,812.55,pending,2026-07-10 20:26:00
105053,51,31,3,250.38,completed,2026-07-27 06:12:00
105054,193,23,4,440.64,completed,2026-07-19 15:59:00
105055,181,14,1,423.71,completed,2026-07-30 02:47:00
105056,193,20,2,735.96,completed,2026-07-07 10:06:00
105057,100,15,3,588.75,pending,2026-07-25 11:56:00
105058,2,23,5,957.15,cancelled,2026-07-02 05:26:00
105059,142,3,4,119.52,completed,2026-07-25 11:22:00
105060,112,13,3,1009.41,completed,2026-07-07 23:42:00
105061,74,14,3,823.65,completed,2026-07-07 12:35:00
105062,100,34,3,913.77,completed,2026-07-27 10:04:00
105063,155,12,3,1316.16,completed,2026-07-17 23:11:00
105064,30,47,1,145.26,completed,2026-07-01 03:39:00
105065,206,26,2,572.84,completed,2026-08-09 02:52:00
105066,79,29,4,172.56,cancelled,2026-07-04 00:26:00
105067,128,35,3,1374.93,completed,2026-07-07 14:16:00
105068,152,19,1,118.67,completed,2026-08-01 13:54:00
105069,84,29,4,898.44,cancelled,2026-08-07 00:27:00
105070,134,11,5,1193.6,pending,2026-07-02 01:34:00
105071,6,35,5,1432.6,completed,2026-07-08 17:38:00
105072,31,11,1,255.85,completed,2026-08-06 01:29:00
105073,151,45,2,876.8,completed,2026-07-30 15:59:00
105074,47,25,2,128.1,pending,2026-07-22 08:22:00
105075,54,8,4,48.48,completed,2026-07-25 02:04:00
105076,62,45,2,725.12,completed,2026-07-30 05:35:00
105077,54,3,4,871.04,completed,2026-08-07 05:55:00
105078,184,45,4,1476.52,completed,2026-08-03 12:31:00
105079,91,14,4,517.96,completed,2026-07-31 19:02:00
105080,75,11,2,332.34,completed,2026-07-04 15:15:00
105081,29,25,5,1088.65,completed,2026-07-15 09:22:00
105082,2,21,4,412.96,completed,2026-07-11 12:54:00
105083,166,32,1,59.15,completed,2026-07-13 00:28:00
105084,150,18,5,1525.45,completed,2026-07-26 12:05:00
105085,82,30,2,,completed,2026-07-15 05:11:00
105086,78,14,1,470.84,completed,2026-07-11 00:36:00
105087,71,28,4,646.6,completed,2026-07-25 06:41:00
105088,140,1,3,826.95,completed,2026-08-04 02:11:00
105089,199,11,4,157.48,completed,2026-07-03 03:16:00
105090,174,31,5,1489.3,completed,2026-07-31 07:10:00
105091,28,45,1,,completed,2026-07-21 03:19:00
105092,12,49,3,1334.34,completed,2026-08-08 10:11:00
105093,161,47,4,693.64,completed,2026-08-05 01:43:00
105094,196,21,5,1930.6,completed,2026-07-11 00:42:00
105095,160,42,5,1930.85,completed,2026-07-21 09:21:00
105096,85,31,5,1314.65,cancelled,2026-07-27 14:22:00
105097,80,41,3,1485.0,completed,2026-08-05 00:47:00
105098,68,41,5,1544.75,completed,2026-07-02 11:19:00
105099,73,32,2,939.42,completed,2026-07-13 23:25:00
105100,206,45,2,,completed,2026-07-21 00:51:00
105101,79,26,2,777.94,cancelled,2026-08-02 10:26:00
105102,52,45,4,165.16,completed,2026-08-06 17:13:00
105103,110,12,4,1270.92,cancelled,2026-07-16 14:33:00
105104,21,43,3,394.23,cancelled,2026-07-22 17:06:00
105105,3,29,5,1405.6,completed,2026-07-03 13:53:00
105106,126,44,1,74.55,cancelled,2026-08-05 20:43:00
105107,160,29,2,,completed,2026-07-15 21:59:00
105108,168,22,2,587.08,completed,2026-07-11 12:02:00
105109,43,6,5,1531.35,completed,2026-07-19 20:39:00
105110,161,12,2,,completed,2026-08-08 10:49:00
105111,60,24,3,184.74,completed,2026-08-10 14:52:00
105112,1,6,5,938.3,completed,2026-07-23 22:16:00
105113,10,16,3,553.14,completed,2026-07-11 17:18:00
105114,27,50,5,1641.05,completed,2026-07-30 13:31:00
105115,184,26,1,82.72,pending,2026-07-02 06:46:00
105116,134,27,3,1087.38,completed,2026-07-06 14:30:00
105117,139,11,2,975.84,completed,2026-08-04 15:51:00
105118,27,4,5,1774.25,cancelled,2026-07-26 19:28:00
105119,146,42,3,751.29,completed,2026-07-06 10:27:00
105120,180,16,2,778.9,completed,2026-08-02 10:08:00
105121,64,23,2,976.92,completed,2026-07-24 03:30:00
105122,11,21,1,197.39,completed,2026-08-03 11:17:00
105123,37,19,5,720.45,completed,2026-07-19 15:28:00
105124,109,23,4,1329.24,completed,2026-07-26 12:21:00
105125,203,45,2,579.14,completed,2026-08-02 02:52:00
105126,76,18,2,389.36,completed,2026-07-25 14:25:00
105127,83,21,2,727.88,cancelled,2026-07-09 06:47:00
105128,91,18,1,167.61,completed,2026-08-02 16:43:00
105129,201,2,5,2077.95,cancelled,2026-08-04 02:24:00
105130,206,10,2,400.14,completed,2026-07-13 02:01:00
105131,74,14,2,913.24,completed,2026-07-02 09:31:00
105132,38,21,2,592.16,completed,2026-07-27 21:31:00
105133,155,2,4,,completed,2026-08-03 21:07:00
105134,203,40,5,542.1,pending,2026-08-09 01:51:00
105135,182,43,2,340.34,completed,2026-07-12 22:52:00
105136,128,20,3,718.8,pending,2026-08-05 20:39:00
105137,198,2,5,,completed,2026-08-01 04:09:00
105138,28,19,3,891.81,completed,2026-07-20 16:01:00
105139,53,44,1,148.57,completed,2026-07-25 16:14:00
105140,177,37,4,245.08,completed,2026-08-08 05:30:00
105141,58,24,5,2497.25,completed,2026-07-02 13:45:00
105142,53,34,2,325.68,completed,2026-07-15 00:06:00
105143,22,1,5,1107.35,completed,2026-07-29 13:10:00
105144,122,7,5,,completed,2026-07-16 18:35:00
105145,46,41,3,332.88,completed,2026-07-10 07:50:00
105146,165,13,4,1434.12,completed,2026-07-11 14:32:00
105147,77,36,4,68.68,completed,2026-07-14 17:05:00
105148,72,41,3,1319.34,completed,2026-07-24 22:10:00
105149,99,1,2,803.36,completed,2026-07-22 12:30:00
105150,146,21,4,1722.08,completed,2026-07-28 06:18:00
105151,13,6,4,1959.68,completed,2026-07-25 06:37:00
105152,186,15,4,953.16,completed,2026-07-06 03:34:00
105153,149,38,3,1193.19,completed,2026-08-10 17:28:00
105154,70,13,3,538.47,completed,2026-08-10 10:22:00
105155,74,42,5,2425.5,completed,2026-07-28 05:52:00
105156,18,38,5,1219.7,completed,2026-07-07 00:06:00
105157,52,38,5,1071.65,completed,2026-07-10 21:51:00
105158,156,12,3,928.2,completed,2026-07-19 15:59:00
105159,49,25,1,325.18,completed,2026-07-07 20:55:00
105160,114,49,5,1477.4,completed,2026-07-08 15:53:00
105161,66,46,5,1056.55,cancelled,2026-07-11 06:17:00
105162,111,42,4,306.08,completed,2026-07-02 16:08:00
105163,92,35,5,2005.2,completed,2026-08-09 13:20:00
105164,166,7,3,774.87,cancelled,2026-07-31 12:12:00
105165,114,2,1,220.46,cancelled,2026-07-06 08:19:00
105166,1,25,3,434.73,completed,2026-07-09 14:05:00
105167,188,16,1,267.79,completed,2026-07-06 20:49:00
105168,178,18,5,1517.45,pending,2026-08-05 11:26:00
105169,127,9,5,1537.1,completed,2026-07-03 16:52:00
105170,126,15,1,284.98,completed,2026-07-31 08:44:00
105171,59,12,1,374.65,completed,2026-07-26 08:27:00
105172,14,11,3,208.35,cancelled,2026-07-18 08:48:00
105173,123,8,5,1196.25,completed,2026-07-30 07:47:00
105174,32,1,4,674.84,completed,2026-07-15 05:20:00
105175,169,1,5,1623.65,completed,2026-07-22 21:24:00
105176,1,4,5,232.1,completed,2026-07-08 05:47:00
105177,41,11,2,970.86,completed,2026-07-25 22:52:00
105178,63,19,2,988.88,pending,2026-07-31 02:47:00
105179,138,5,3,949.98,completed,2026-08-10 14:36:00
105180,208,5,4,1840.16,cancelled,2026-07-27 11:17:00
105181,122,1,3,255.54,completed,2026-07-12 00:07:00
105182,208,6,1,343.0,completed,2026-07-21 16:05:00
105183,18,48,1,288.15,pending,2026-07-03 09:10:00
105184,49,18,3,585.66,completed,2026-07-22 14:51:00
105185,168,2,1,178.61,completed,2026-08-04 14:10:00
105186,100,4,4,,completed,2026-07-02 07:58:00
105187,37,26,3,149.19,completed,2026-07-21 21:46:00
105188,119,36,3,681.39,completed,2026-07-27 13:55:00
105189,16,28,2,514.84,completed,2026-07-03 02:17:00
105190,47,34,2,333.36,completed,2026-07-03 17:36:00
105191,131,19,1,389.81,completed,2026-07-21 08:08:00
105192,70,13,3,601.41,cancelled,2026-07-09 16:24:00
105193,112,13,5,945.1,pending,2026-07-27 20:51:00
105194,6,49,1,14.92,completed,2026-08-08 04:57:00
105195,75,50,2,312.2,cancelled,2026-07-08 04:44:00
105196,66,14,4,568.44,completed,2026-07-12 14:03:00
105197,54,38,3,1236.12,completed,2026-08-01 07:55:00
105198,61,20,5,377.2,completed,2026-07-27 02:01:00
105199,14,42,1,277.22,cancelled,2026-07-24 09:49:00
105200,138,14,5,1884.25,completed,2026-08-06 19:05:00
105201,146,10,5,2247.55,completed,2026-08-08 17:04:00
105202,210,3,2,985.9,completed,2026-07-13 22:29:00
105203,109,42,1,8.28,cancelled,2026-07-08 06:22:00
105204,36,28,3,622.05,completed,2026-07-14 00:07:00
105205,50,13,1,234.8,pending,2026-07-30 11:29:00
105206,21,20,3,89.58,pending,2026-07-15 00:11:00
105207,194,50,1,414.79,pending,2026-07-13 12:11:00
105208,107,3,5,2016.6,completed,2026-07-04 09:14:00
105209,175,38,1,220.1,cancelled,2026-07-26 08:41:00
105210,197,7,2,378.24,cancelled,2026-07-28 21:13:00
105211,128,27,2,514.16,cancelled,2026-07-11 21:51:00
105212,49,41,3,97.47,completed,2026-07-11 09:42:00
105213,175,44,4,119.36,completed,2026-08-05 10:42:00
105214,15,11,2,960.96,completed,2026-07-30 16:09:00
105215,49,7,4,1460.0,completed,2026-07-03 06:22:00
105216,169,27,2,533.68,completed,2026-07-19 04:11:00
105217,182,35,2,855.9,pending,2026-07-01 17:53:00
105218,159,10,4,415.92,completed,2026-07-08 18:34:00
105219,131,49,5,958.55,completed,2026-07-02 15:21:00
105220,119,35,3,1469.1,completed,2026-07-26 03:34:00
105221,141,5,1,217.86,completed,2026-07-09 05:29:00
105222,128,28,4,1220.36,completed,2026-07-06 15:23:00
105223,184,19,3,1392.84,completed,2026-07-17 18:50:00
105224,69,31,4,690.68,completed,2026-07-23 20:07:00
105225,17,13,4,50.88,cancelled,2026-07-23 12:13:00
105226,205,15,4,542.96,completed,2026-07-15 00:39:00
105227,12,11,1,391.02,completed,2026-07-01 18:08:00
105228,66,1,3,335.28,completed,2026-07-09 17:17:00
105229,5,9,1,286.24,completed,2026-08-01 19:42:00
105230,143,13,2,499.46,completed,2026-07-01 11:59:00
105231,88,28,3,826.89,completed,2026-07-18 10:34:00
105232,123,9,5,1890.55,completed,2026-07-01 06:35:00
105233,177,6,3,995.46,completed,2026-07-27 23:17:00
105234,26,14,2,,completed,2026-07-11 05:02:00
105235,175,19,4,1700.96,completed,2026-08-09 10:30:00
105236,58,4,5,2285.7,completed,2026-07-04 12:27:00
105237,129,24,5,406.4,completed,2026-08-06 23:47:00
105238,159,32,1,485.39,completed,2026-07-21 20:37:00
105239,22,12,2,575.06,completed,2026-07-01 21:31:00
105240,75,21,4,203.08,completed,2026-07-01 04:48:00
105241,2,14,1,7.57,completed,2026-08-07 10:23:00
105242,68,24,2,249.78,completed,2026-07-30 02:20:00
105243,69,49,1,206.82,completed,2026-07-23 05:20:00
105244,55,6,2,903.8,completed,2026-07-03 01:25:00
105245,59,40,1,269.48,completed,2026-07-30 14:03:00
105246,152,45,5,358.4,completed,2026-08-04 18:19:00
105247,6,18,5,2157.4,completed,2026-08-07 12:16:00
105248,124,49,2,751.56,cancelled,2026-08-04 01:41:00
105249,31,19,4,909.16,completed,2026-07-21 17:03:00
105250,108,20,3,963.75,completed,2026-07-16 02:34:00
105251,90,26,4,1085.48,cancelled,2026-07-06 12:15:00
105252,120,7,1,39.69,cancelled,2026-07-14 20:08:00
105253,180,24,2,386.12,completed,2026-07-11 16:29:00
105254,135,25,1,144.23,cancelled,2026-07-28 23:46:00
105255,1,34,5,2292.95,completed,2026-07-17 07:14:00
105256,176,28,3,120.81,cancelled,2026-07-15 20:51:00
105257,123,25,4,42.28,completed,2026-08-02 06:48:00
105258,96,3,5,1817.8,completed,2026-07-11 19:18:00
105259,134,13,3,538.23,completed,2026-07-12 12:17:00
105260,79,11,3,711.24,completed,2026-08-10 12:29:00
105261,152,29,3,1475.97,completed,2026-07-28 07:55:00
105262,56,40,1,427.32,completed,2026-07-29 01:57:00
105263,64,21,2,41.08,completed,2026-07-07 10:45:00
105264,165,43,2,937.82,completed,2026-07-05 08:52:00
105265,203,26,2,438.94,completed,2026-07-23 04:21:00
105266,135,43,4,1074.52,completed,2026-08-10 20:08:00
105267,129,13,2,388.2,pending,2026-07-27 02:40:00
105268,192,30,1,100.27,completed,2026-07-28 19:24:00
105269,7,33,2,96.46,completed,2026-07-19 15:54:00
105270,105,16,5,222.75,completed,2026-07-17 06:26:00
105271,139,15,2,854.36,completed,2026-07-21 13:17:00
105272,78,44,5,989.5,completed,2026-07-25 13:08:00
105273,79,11,2,111.76,completed,2026-07-21 06:04:00
105274,18,14,4,136.4,completed,2026-07-02 20:10:00
105275,77,32,2,139.46,completed,2026-08-06 12:38:00
105276,92,43,1,57.28,pending,2026-07-05 11:10:00
105277,75,13,3,180.51,completed,2026-07-20 06:32:00
105278,120,31,2,312.86,cancelled,2026-07-16 03:18:00
105279,130,20,5,2352.9,pending,2026-08-05 09:40:00
105280,155,12,2,798.78,cancelled,2026-07-30 21:28:00
105281,76,4,3,455.43,pending,2026-07-25 05:26:00
105282,177,27,1,450.07,completed,2026-07-31 12:19:00
105283,121,3,2,288.9,completed,2026-08-02 23:44:00
105284,103,10,1,370.21,completed,2026-07-02 19:58:00
105285,124,36,4,1220.28,completed,2026-07-31 14:02:00
105286,205,48,4,1518.24,pending,2026-07-30 16:06:00
105287,185,27,3,1017.93,cancelled,2026-07-11 02:29:00
105288,59,45,3,1021.08,completed,2026-08-08 19:25:00
105289,7,46,3,1203.36,completed,2026-07-14 14:19:00
105290,184,36,4,660.52,completed,2026-07-05 22:28:00
105291,12,9,5,1231.95,completed,2026-07-30 17:24:00
105292,131,22,4,628.96,pending,2026-08-01 12:53:00
105293,149,27,4,1235.12,completed,2026-08-03 10:07:00
105294,199,20,5,2478.7,completed,2026-07-12 13:26:00
105295,195,42,1,137.46,completed,2026-08-05 10:00:00
105296,188,45,1,340.09,cancelled,2026-07-13 19:42:00
105297,122,48,3,913.44,cancelled,2026-07-16 11:21:00
105298,165,3,2,330.44,pending,2026-07-27 06:33:00
105299,167,44,5,2160.85,cancelled,2026-07-18 00:50:00
105300,76,8,1,100.77,completed,2026-07-18 10:15:00
105301,71,16,2,,pending,2026-07-10 16:25:00
105302,203,47,3,185.22,cancelled,2026-08-08 08:51:00
105303,3,7,4,1875.24,completed,2026-07-14 07:41:00
105304,165,21,5,172.35,completed,2026-07-19 16:02:00
105305,182,23,5,1340.5,completed,2026-07-23 23:07:00
105306,56,44,5,409.1,completed,2026-07-30 11:58:00
105307,208,48,5,1536.15,completed,2026-07-19 04:47:00
105308,82,9,5,1116.1,cancelled,2026-07-19 09:05:00
105309,179,20,1,428.21,completed,2026-07-30 22:39:00
105310,99,13,5,888.0,completed,2026-07-09 13:43:00
105311,106,46,3,290.43,completed,2026-07-13 06:42:00
105312,171,15,4,1987.92,completed,2026-08-07 17:47:00
105313,129,19,1,496.01,completed,2026-07-20 19:53:00
105314,63,24,1,456.96,completed,2026-07-25 02:44:00
105315,105,21,3,800.01,completed,2026-08-04 19:18:00
105316,184,12,2,860.4,completed,2026-08-02 03:27:00
105317,39,45,2,177.86,pending,2026-07-04 17:16:00
105318,113,33,4,763.6,completed,2026-07-15 00:58:00
105319,207,42,4,732.6,pending,2026-08-03 06:16:00
105320,158,13,3,1293.84,cancelled,2026-08-02 21:33:00
105321,156,11,3,882.03,pending,2026-07-01 15:30:00
105322,10,49,5,843.65,completed,2026-07-28 14:32:00
105323,80,30,5,1321.2,completed,2026-07-04 12:44:00
105324,175,13,1,337.05,completed,2026-07-10 01:09:00
105325,191,47,2,294.52,completed,2026-07-14 04:54:00
105326,206,23,3,180.72,completed,2026-07-10 00:21:00
105327,35,28,1,197.93,cancelled,2026-07-31 10:26:00
105328,50,13,1,302.45,completed,2026-07-28 15:18:00
105329,56,39,3,1017.99,completed,2026-07-31 08:52:00
105330,53,36,1,105.02,completed,2026-07-25 04:30:00
105331,195,24,1,138.97,completed,2026-07-13 01:58:00
105332,11,30,4,1990.08,cancelled,2026-07-13 12:30:00
105333,149,36,2,224.24,completed,2026-07-02 02:25:00
105334,18,15,5,1838.15,completed,2026-08-09 04:32:00
105335,68,13,4,1705.56,completed,2026-07-13 06:11:00
105336,198,4,1,345.59,completed,2026-07-14 07:49:00
105337,197,10,5,2268.1,completed,2026-07-21 21:40:00
105338,118,41,4,1134.56,completed,2026-07-27 12:08:00
105339,94,38,2,465.12,completed,2026-08-07 06:32:00
105340,32,43,5,702.75,completed,2026-07-06 22:11:00
105341,58,37,4,1171.64,completed,2026-07-30 12:10:00
105342,18,33,5,664.3,pending,2026-07-23 03:50:00
105343,112,46,1,232.57,completed,2026-07-12 19:01:00
105344,80,25,1,66.36,completed,2026-07-21 15:47:00
105345,5,12,4,996.72,cancelled,2026-08-06 12:30:00
105346,38,39,4,145.6,completed,2026-07-15 10:27:00
105347,42,27,2,37.2,completed,2026-08-03 01:04:00
105348,28,12,5,2166.0,completed,2026-07-19 13:06:00
105349,78,42,1,414.84,completed,2026-07-23 20:44:00
105350,73,13,4,749.28,completed,2026-07-10 14:38:00
105351,68,23,5,1655.6,completed,2026-07-25 10:18:00
105352,199,50,4,1308.52,cancelled,2026-07-16 03:17:00
105353,116,18,2,197.1,completed,2026-07-31 21:45:00
105354,164,48,2,177.78,cancelled,2026-08-03 13:02:00
105355,100,19,5,1582.95,completed,2026-07-19 01:47:00
105356,29,28,3,855.39,completed,2026-07-28 03:51:00
105357,148,28,2,375.56,completed,2026-07-28 14:10:00
105358,61,44,1,361.72,completed,2026-07-31 20:22:00
105359,205,13,2,816.0,completed,2026-08-06 06:39:00
105360,66,9,4,1917.16,completed,2026-07-23 08:31:00
105361,113,49,3,554.49,completed,2026-07-15 18:14:00
105362,92,8,1,395.79,completed,2026-07-27 09:35:00
105363,13,1,1,215.92,completed,2026-07-08 20:15:00
105364,179,35,4,1023.72,completed,2026-07-20 20:30:00
105365,175,17,5,110.4,completed,2026-07-30 19:20:00
105366,33,39,4,599.0,completed,2026-08-06 11:16:00
105367,160,13,3,751.38,completed,2026-07-27 21:18:00
105368,96,30,3,880.38,completed,2026-08-02 06:44:00
105369,67,22,3,833.43,pending,2026-08-02 04:04:00
105370,176,20,4,851.24,completed,2026-08-06 02:20:00
105371,34,23,1,300.51,completed,2026-07-07 15:15:00
105372,34,45,4,317.6,cancelled,2026-08-10 06:54:00
105373,167,19,5,,completed,2026-07-25 22:56:00
105374,85,23,1,45.69,completed,2026-07-07 18:13:00
105375,119,34,3,1406.76,completed,2026-07-02 01:41:00
105376,127,24,3,,completed,2026-07-06 00:10:00
105377,116,40,2,554.3,cancelled,2026-07-01 16:22:00
105378,145,18,3,1252.14,completed,2026-07-11 18:47:00
105379,196,47,2,948.54,pending,2026-07-16 09:14:00
105380,199,44,2,44.32,completed,2026-08-09 12:16:00
105381,58,36,1,496.5,completed,2026-08-02 08:59:00
105382,22,35,2,244.02,completed,2026-07-08 06:22:00
105383,135,25,1,177.28,completed,2026-07-29 11:10:00
105384,29,18,1,449.82,completed,2026-07-29 13:51:00
105385,15,26,2,206.8,completed,2026-08-05 11:35:00
105386,80,14,4,188.04,cancelled,2026-07-01 05:51:00
105387,209,40,5,1855.1,completed,2026-08-09 10:05:00
105388,106,28,3,112.2,completed,2026-07-27 01:03:00
105389,57,42,1,94.76,completed,2026-07-03 06:25:00
105390,163,3,3,889.56,completed,2026-08-10 23:17:00
105391,87,46,4,1760.24,completed,2026-07-01 17:47:00
105392,205,14,4,1801.32,completed,2026-07-29 16:53:00
105393,11,18,4,1281.2,completed,2026-08-02 02:37:00
105394,47,14,3,1362.75,completed,2026-07-19 10:13:00
105395,154,15,5,742.75,completed,2026-07-19 12:27:00
105396,183,5,3,1252.11,completed,2026-07-24 06:33:00
105397,132,40,5,497.55,completed,2026-07-19 22:00:00
105398,122,6,1,228.55,completed,2026-08-06 09:36:00
105399,25,19,1,481.1,completed,2026-07-09 20:22:00
105400,163,2,2,689.72,completed,2026-07-05 02:38:00
105401,152,31,1,351.27,completed,2026-07-30 18:05:00
105402,5,32,3,1449.03,cancelled,2026-07-10 18:23:00
105403,17,9,4,1828.72,completed,2026-08-10 09:15:00
105404,4,29,4,1027.32,cancelled,2026-07-02 03:55:00
105405,159,45,1,185.61,completed,2026-07-02 14:04:00
105406,109,10,4,1897.96,completed,2026-07-31 14:46:00
105407,119,36,4,53.28,cancelled,2026-07-30 00:28:00
105408,5,46,5,1320.05,completed,2026-07-02 02:31:00
105409,105,25,4,615.12,completed,2026-07-08 18:18:00
105410,174,43,3,1251.96,cancelled,2026-07-22 12:44:00
105411,92,38,5,1882.1,completed,2026-07-21 19:59:00
105412,196,46,5,235.4,completed,2026-08-02 23:06:00
105413,85,34,2,653.02,completed,2026-07-08 15:10:00
105414,144,41,1,322.64,completed,2026-07-21 05:50:00
105415,91,49,5,168.55,completed,2026-07-30 09:42:00
105416,169,22,3,1067.07,completed,2026-08-05 13:24:00
105417,67,24,2,46.84,completed,2026-07-20 14:54:00
105418,134,47,2,924.72,completed,2026-07-15 18:02:00
105419,195,24,5,1587.1,completed,2026-08-03 12:21:00
105420,90,16,2,616.44,completed,2026-07-11 17:15:00
105421,147,34,3,1494.78,completed,2026-08-03 03:10:00
105422,87,9,2,630.56,completed,2026-07-12 19:01:00
105423,205,49,3,290.22,cancelled,2026-08-08 15:02:00
105424,70,4,2,360.58,completed,2026-08-02 22:10:00
105425,92,25,3,1464.84,completed,2026-07-18 02:42:00
105426,122,7,3,765.99,completed,2026-08-07 08:36:00
105427,102,47,4,1022.96,completed,2026-08-02 02:44:00
105428,26,8,5,164.7,pending,2026-07-21 17:15:00
105429,81,6,1,268.16,completed,2026-07-21 21:27:00
105430,202,10,3,330.57,completed,2026-07-13 19:50:00
105431,54,16,1,127.72,pending,2026-07-21 10:03:00
105432,189,19,3,25.98,completed,2026-07-26 22:14:00
105433,53,28,3,1090.47,completed,2026-07-30 01:43:00
105434,133,38,2,688.9,pending,2026-07-13 20:43:00
105435,142,9,3,26.67,completed,2026-07-21 03:56:00
105436,179,6,1,132.62,completed,2026-08-10 23:13:00
105437,27,2,4,91.44,completed,2026-08-01 04:29:00
105438,209,41,1,14.99,completed,2026-08-08 16:53:00
105439,37,28,3,1118.82,completed,2026-07-11 14:37:00
105440,26,20,5,355.1,completed,2026-07-08 08:40:00
105441,2,30,4,809.2,completed,2026-07-06 13:39:00
105442,132,38,2,659.66,completed,2026-07-07 04:11:00
105443,84,12,4,1555.68,cancelled,2026-07-19 14:18:00
105444,101,46,3,830.97,completed,2026-07-03 09:18:00
105445,108,42,3,156.9,completed,2026-08-08 17:12:00
105446,173,37,5,472.45,completed,2026-07-29 19:51:00
105447,176,3,1,286.51,pending,2026-08-02 11:34:00
105448,15,8,5,1488.6,pending,2026-07-31 03:20:00
105449,70,49,1,229.22,completed,2026-07-15 03:38:00
105450,107,39,1,97.32,completed,2026-07-14 10:51:00
105451,138,21,3,1272.63,completed,2026-07-06 17:51:00
105452,9,37,3,107.79,completed,2026-07-02 03:06:00
105453,105,34,4,1013.52,completed,2026-07-05 04:09:00
105454,85,18,1,498.05,completed,2026-08-06 01:37:00
105455,172,9,1,403.73,completed,2026-07-11 08:07:00
105456,210,46,3,834.99,pending,2026-08-04 11:55:00
105457,107,46,4,1502.76,pending,2026-07-07 02:05:00
105458,57,31,1,35.12,pending,2026-07-11 16:25:00
105459,41,47,4,105.12,completed,2026-07-01 18:42:00
105460,200,34,1,187.41,completed,2026-07-16 00:13:00
105461,189,44,5,1857.55,cancelled,2026-07-02 17:27:00
105462,192,3,2,684.22,completed,2026-07-01 04:58:00
105463,3,33,3,752.28,pending,2026-07-15 16:24:00
105464,6,32,1,484.1,completed,2026-08-10 01:28:00
105465,66,32,2,345.56,completed,2026-07-28 19:07:00
105466,143,23,2,512.34,completed,2026-08-07 18:20:00
105467,5,39,3,882.42,completed,2026-07-22 16:02:00
105468,27,2,5,628.45,completed,2026-07-04 13:38:00
105469,157,30,2,503.08,completed,2026-07-20 16:55:00
105470,49,47,1,346.88,completed,2026-07-07 01:39:00
105471,120,26,3,847.92,completed,2026-08-03 03:32:00
105472,42,24,4,757.88,completed,2026-08-04 07:59:00
105473,206,36,1,432.33,completed,2026-07-18 20:59:00
105474,172,41,1,198.43,completed,2026-07-31 19:28:00
105475,133,5,4,1211.68,completed,2026-07-11 05:52:00
105476,13,15,1,316.56,completed,2026-07-25 12:56:00
105477,51,30,5,688.15,completed,2026-07-22 23:39:00
105478,84,21,2,232.92,cancelled,2026-07-19 11:55:00
105479,142,47,5,1417.5,completed,2026-07-13 07:53:00
105480,37,39,4,1519.6,cancelled,2026-08-04 12:39:00
105481,64,11,3,656.34,completed,2026-08-08 16:06:00
105482,126,12,5,750.7,completed,2026-07-15 12:59:00
105483,180,21,3,53.58,completed,2026-08-09 05:52:00
105484,51,12,1,422.06,completed,2026-07-22 00:08:00
105485,56,2,2,642.96,cancelled,2026-07-08 01:12:00
105486,195,38,2,659.06,completed,2026-07-03 06:15:00
105487,158,9,2,40.98,completed,2026-07-13 04:14:00
105488,162,6,3,271.56,completed,2026-07-29 20:07:00
105489,9,12,2,24.98,completed,2026-08-07 09:22:00
105490,55,13,2,513.58,completed,2026-07-07 05:07:00
105491,186,29,3,587.22,completed,2026-07-30 17:39:00
105492,137,18,4,1128.88,completed,2026-07-07 10:08:00
105493,154,40,5,,completed,2026-08-10 09:00:00
105494,178,30,2,619.34,completed,2026-07-07 01:45:00
105495,145,28,4,1639.96,completed,2026-07-08 14:29:00
105496,118,25,3,857.82,completed,2026-07-24 00:11:00
105497,179,29,1,290.84,completed,2026-08-08 08:05:00
105498,103,47,2,270.66,completed,2026-08-04 16:10:00
105499,96,4,1,296.55,completed,2026-07-12 18:52:00
105500,63,21,3,1258.11,completed,2026-07-29 02:11:00
105501,49,22,2,278.12,completed,2026-07-13 12:31:00
105502,96,31,3,1367.22,cancelled,2026-07-13 21:46:00
105503,108,39,4,786.72,completed,2026-08-01 04:39:00
105504,150,19,5,1329.95,completed,2026-07-24 18:10:00
105505,6,13,5,617.5,completed,2026-07-14 06:39:00
105506,138,33,3,897.45,cancelled,2026-07-20 09:10:00
105507,185,47,3,117.48,completed,2026-07-27 19:54:00
105508,110,11,3,311.22,cancelled,2026-07-01 15:28:00
105509,200,6,5,2239.6,pending,2026-07-25 15:01:00
105510,197,37,2,360.4,cancelled,2026-07-29 03:01:00
105511,58,44,3,1318.5,completed,2026-07-31 06:13:00
105512,81,17,4,1752.48,pending,2026-07-17 16:08:00
105513,153,29,4,1642.24,completed,2026-07-29 15:36:00
105514,131,41,5,1894.65,pending,2026-07-23 16:10:00
105515,150,37,2,949.12,completed,2026-08-06 09:14:00
105516,57,50,4,700.44,completed,2026-07-17 02:09:00
105517,66,6,1,263.71,completed,2026-07-03 03:10:00
105518,191,47,1,443.03,completed,2026-07-11 08:16:00
105519,80,27,2,135.46,completed,2026-07-13 15:32:00
105520,180,10,1,464.34,completed,2026-07-02 04:26:00
105521,117,24,4,1447.08,completed,2026-07-31 10:45:00
105522,142,42,3,1044.24,completed,2026-07-17 15:50:00
105523,133,43,5,1151.2,completed,2026-07-15 06:54:00
105524,187,18,3,1058.52,completed,2026-07-08 22:51:00
105525,152,39,5,,pending,2026-07-09 07:33:00
105526,207,49,1,439.95,completed,2026-07-12 03:49:00
105527,208,47,2,32.46,completed,2026-07-22 19:49:00
105528,38,12,3,1259.73,completed,2026-08-05 20:37:00
105529,154,40,4,1468.36,completed,2026-08-03 18:26:00
105530,121,7,2,194.84,pending,2026-07-15 06:06:00
105531,119,36,1,,cancelled,2026-08-10 20:06:00
105532,14,38,3,915.51,completed,2026-07-31 00:23:00
105533,53,11,1,195.65,completed,2026-07-28 11:26:00
105534,27,31,1,258.18,completed,2026-08-04 17:49:00
105535,124,30,4,1926.48,pending,2026-07-08 10:49:00
105536,184,12,3,1256.16,completed,2026-07-01 19:48:00
105537,129,27,1,465.23,cancelled,2026-07-28 17:50:00
105538,16,34,5,2494.6,completed,2026-07-31 17:14:00
105539,197,25,5,203.45,cancelled,2026-07-28 12:20:00
105540,41,42,3,767.25,cancelled,2026-07-30 09:48:00
105541,137,16,4,1960.88,completed,2026-07-19 08:05:00
105542,57,19,2,265.68,completed,2026-07-30 08:00:00
105543,121,41,1,12.97,cancelled,2026-07-08 06:57:00
105544,167,46,3,901.74,cancelled,2026-08-10 10:55:00
105545,88,9,1,214.72,pending,2026-07-18 07:52:00
105546,110,42,4,561.76,pending,2026-08-06 14:49:00
105547,210,44,4,1377.04,completed,2026-07-26 18:07:00
105548,39,31,3,448.59,cancelled,2026-07-18 05:53:00
105549,173,33,1,472.55,completed,2026-07-08 14:51:00
105550,25,21,3,1046.61,completed,2026-07-18 06:19:00
105551,121,6,1,450.97,completed,2026-08-05 08:42:00
105552,132,47,3,713.94,completed,2026-07-28 07:48:00
105553,201,45,1,494.6,completed,2026-07-29 05:24:00
105554,105,42,4,1960.4,cancelled,2026-07-30 11:08:00
105555,52,45,4,1057.88,cancelled,2026-07-15 07:53:00
105556,168,39,4,477.44,cancelled,2026-07-22 13:43:00
105557,152,2,3,173.31,completed,2026-07-30 14:24:00
105558,17,19,4,1541.76,completed,2026-07-25 07:25:00
105559,174,19,4,824.64,completed,2026-08-02 19:33:00
105560,90,23,3,857.94,completed,2026-07-08 16:32:00
105561,101,50,1,291.86,completed,2026-08-08 10:10:00
105562,114,10,4,1069.08,completed,2026-07-26 12:03:00
105563,131,49,3,910.74,cancelled,2026-07-29 01:07:00
105564,80,6,3,99.81,completed,2026-07-09 22:35:00
105565,71,31,1,224.5,completed,2026-07-19 02:13:00
105566,67,4,1,60.74,completed,2026-07-17 02:21:00
105567,176,13,5,676.45,cancelled,2026-07-04 03:18:00
105568,126,3,3,697.05,completed,2026-07-06 11:41:00
105569,4,9,1,67.57,completed,2026-07-29 21:24:00
105570,132,18,3,1375.83,completed,2026-07-13 19:43:00
105571,76,9,2,273.24,completed,2026-08-06 17:13:00
105572,97,20,5,1316.2,completed,2026-07-26 20:04:00
105573,47,34,2,436.32,completed,2026-07-09 23:01:00
105574,173,43,3,1497.96,completed,2026-07-06 17:00:00
105575,161,4,4,998.88,completed,2026-07-10 13:16:00
105576,190,43,5,2190.8,completed,2026-07-03 13:32:00
105577,196,34,2,266.2,pending,2026-07-08 19:19:00
105578,117,2,2,92.9,completed,2026-07-28 05:59:00
105579,20,35,3,272.55,completed,2026-07-31 22:12:00
105580,202,21,5,373.95,completed,2026-08-07 02:09:00
105581,114,12,3,630.18,completed,2026-07-27 03:41:00
105582,89,2,5,97.3,completed,2026-07-07 16:50:00
105583,161,14,4,548.28,cancelled,2026-07-26 08:03:00
105584,39,34,5,2042.85,completed,2026-07-16 09:31:00
105585,51,3,5,1895.4,completed,2026-08-09 15:55:00
105586,39,34,3,,completed,2026-08-04 15:08:00
105587,54,43,1,143.93,completed,2026-08-08 02:08:00
105588,95,34,1,142.23,completed,2026-07-09 09:12:00
105589,51,28,3,271.17,completed,2026-07-24 14:16:00
105590,90,1,1,496.03,completed,2026-07-06 05:19:00
105591,82,5,5,1010.65,completed,2026-07-08 06:42:00
105592,153,32,5,386.8,completed,2026-07-03 17:45:00
105593,13,17,2,380.72,completed,2026-07-04 11:23:00
105594,156,50,1,367.27,cancelled,2026-07-01 00:22:00
105595,80,1,3,1473.63,completed,2026-07-23 08:27:00
105596,99,20,5,50.5,completed,2026-07-25 15:14:00
105597,124,23,5,32.65,cancelled,2026-07-18 18:45:00
105598,100,15,5,1392.2,cancelled,2026-07-06 09:02:00
105599,40,33,3,962.13,completed,2026-07-30 10:29:00
105600,12,32,4,173.2,cancelled,2026-08-05 06:33:00
105601,9,47,5,213.25,completed,2026-07-06 23:47:00
105602,126,22,4,1106.76,completed,2026-07-25 11:34:00
105603,66,27,5,1175.7,completed,2026-07-07 08:43:00
105604,184,15,4,1280.44,completed,2026-07-12 19:40:00
105605,167,28,2,426.2,completed,2026-08-04 03:06:00
105606,98,25,1,93.65,cancelled,2026-07-30 12:04:00
105607,160,41,3,727.89,completed,2026-07-28 14:38:00
105608,72,35,1,411.11,pending,2026-07-13 06:29:00
105609,47,46,1,64.05,completed,2026-07-03 23:34:00
105610,191,32,1,433.0,cancelled,2026-07-13 07:03:00
105611,55,8,4,726.12,completed,2026-08-02 10:03:00
105612,56,33,5,1043.6,completed,2026-07-30 14:55:00
105613,27,27,5,1393.05,completed,2026-07-17 02:29:00
105614,159,9,3,1242.69,cancelled,2026-08-07 05:13:00
105615,61,31,2,713.24,cancelled,2026-08-02 12:47:00
105616,184,21,2,134.42,completed,2026-08-09 05:21:00
105617,155,33,2,522.36,cancelled,2026-07-28 00:01:00
105618,100,9,1,127.76,completed,2026-07-13 07:42:00
105619,25,46,3,136.56,completed,2026-07-27 09:16:00
105620,105,7,4,1108.72,completed,2026-07-27 02:57:00
105621,78,39,3,330.63,completed,2026-07-14 09:49:00
105622,146,38,4,27.44,cancelled,2026-07-13 09:09:00
105623,31,8,3,617.22,cancelled,2026-08-02 22:24:00
105624,133,25,2,578.8,completed,2026-07-25 12:58:00
105625,122,36,4,1515.44,completed,2026-07-09 01:30:00
105626,66,39,1,114.89,completed,2026-07-09 20:43:00
105627,199,5,1,461.06,completed,2026-07-30 23:49:00
105628,207,22,3,743.13,completed,2026-07-07 20:28:00
105629,114,49,1,273.36,cancelled,2026-07-14 07:26:00
105630,104,21,2,554.36,completed,2026-08-05 15:15:00
105631,19,23,2,850.12,completed,2026-07-06 07:59:00
105632,43,46,1,442.24,completed,2026-07-15 16:04:00
105633,163,15,2,943.2,cancelled,2026-07-19 12:15:00
105634,72,34,5,386.4,pending,2026-07-15 21:00:00
105635,90,37,2,594.76,completed,2026-07-14 20:48:00
105636,77,18,5,,completed,2026-07-16 02:07:00
105637,31,13,3,1456.59,completed,2026-08-06 21:12:00
105638,118,38,4,899.2,completed,2026-08-04 00:12:00
105639,12,10,5,1549.3,completed,2026-07-27 20:34:00
105640,40,34,1,448.39,completed,2026-07-26 22:52:00
105641,50,21,3,1492.71,completed,2026-07-26 14:39:00
105642,205,20,4,1725.36,pending,2026-07-24 06:52:00
105643,36,45,3,236.76,completed,2026-08-05 09:59:00
105644,30,1,4,1413.04,completed,2026-07-20 16:22:00
105645,31,10,5,1265.65,pending,2026-07-20 06:18:00
105646,83,16,4,1751.68,completed,2026-07-23 19:09:00
105647,51,38,5,2046.05,completed,2026-07-24 16:19:00
105648,106,48,3,613.53,completed,2026-08-08 01:39:00
105649,103,40,2,,cancelled,2026-08-08 10:42:00
105650,92,46,3,200.64,completed,2026-07-03 12:13:00
105651,189,45,2,971.02,completed,2026-07-24 12:16:00
105652,162,2,4,1165.96,completed,2026-07-09 08:50:00
105653,105,6,5,1263.75,completed,2026-07-18 23:22:00
105654,168,33,3,1061.58,completed,2026-07-20 07:58:00
105655,19,20,2,851.4,cancelled,2026-08-09 03:47:00
105656,113,4,2,269.52,completed,2026-07-17 03:31:00
105657,6,7,2,997.42,completed,2026-07-21 01:25:00
105658,147,48,5,1828.85,completed,2026-07-19 15:36:00
105659,33,19,5,960.55,completed,2026-07-16 08:50:00
105660,208,32,5,374.1,completed,2026-07-14 08:58:00
105661,111,35,5,158.55,completed,2026-07-25 12:30:00
105662,43,32,4,180.12,completed,2026-07-08 11:47:00
105663,49,23,3,591.3,completed,2026-07-28 20:29:00
105664,114,27,1,420.86,completed,2026-08-03 15:17:00
105665,69,21,5,2463.8,completed,2026-07-09 06:15:00
105666,25,15,1,391.32,cancelled,2026-07-08 00:20:00
105667,187,4,5,1507.05,pending,2026-07-29 05:55:00
105668,31,33,1,325.44,completed,2026-07-17 08:26:00
105669,49,8,2,221.72,completed,2026-07-24 14:36:00
105670,209,46,5,265.0,completed,2026-08-05 04:30:00
105671,201,26,1,231.62,completed,2026-08-01 21:45:00
105672,9,19,3,449.19,completed,2026-07-30 20:14:00
105673,171,38,1,219.89,completed,2026-08-01 18:45:00
105674,67,23,2,718.96,completed,2026-07-01 03:39:00
105675,185,11,3,1351.02,completed,2026-08-08 06:20:00
105676,37,47,4,1277.12,completed,2026-07-24 00:01:00
105677,117,30,4,350.68,completed,2026-07-25 04:46:00
105678,80,37,3,968.13,completed,2026-07-06 21:23:00
105679,13,30,5,326.7,cancelled,2026-07-05 16:30:00
105680,49,25,3,1207.8,completed,2026-07-27 09:41:00
105681,108,46,4,1727.08,completed,2026-07-03 04:30:00
105682,75,33,2,601.46,cancelled,2026-07-28 16:47:00
105683,79,40,1,,completed,2026-07-12 13:15:00
105684,142,47,1,97.71,completed,2026-07-31 15:51:00
105685,97,47,4,1050.4,completed,2026-07-13 02:20:00
105686,188,6,3,1005.45,completed,2026-07-03 01:40:00
105687,24,26,2,399.18,completed,2026-07-23 11:46:00
105688,125,9,3,1150.08,completed,2026-07-04 21:17:00
105689,135,47,1,,completed,2026-07-08 13:58:00
105690,26,32,2,718.52,completed,2026-07-08 10:29:00
105691,111,37,5,1023.75,completed,2026-07-08 12:08:00
105692,141,27,3,1344.21,completed,2026-07-14 11:13:00
105693,37,44,1,461.11,completed,2026-07-05 10:14:00
105694,126,26,4,715.08,cancelled,2026-07-01 23:48:00
105695,24,4,2,544.3,cancelled,2026-07-05 04:07:00
105696,208,10,5,1154.45,pending,2026-07-01 13:24:00
105697,27,13,1,149.35,completed,2026-07-28 06:25:00
105698,185,47,2,903.4,completed,2026-07-14 08:55:00
105699,166,28,5,1180.5,pending,2026-07-27 11:34:00
105700,43,29,1,,completed,2026-07-27 20:24:00
105701,86,18,4,704.12,completed,2026-08-08 14:38:00
105702,72,20,3,163.02,completed,2026-07-07 13:19:00
105703,18,46,2,628.68,completed,2026-07-18 12:43:00
105704,104,27,4,415.12,pending,2026-07-20 12:25:00
105705,172,31,5,1285.85,completed,2026-07-11 03:28:00
105706,125,5,2,388.88,pending,2026-08-01 23:03:00
105707,28,13,5,1387.4,cancelled,2026-08-06 13:52:00
105708,156,31,2,669.84,completed,2026-07-23 04:11:00
105709,203,30,5,1464.05,completed,2026-07-15 03:00:00
105710,86,40,4,46.56,pending,2026-07-21 12:52:00
105711,26,17,4,198.6,completed,2026-07-23 17:52:00
105712,75,12,1,,pending,2026-07-30 03:34:00
105713,89,25,2,185.32,completed,2026-07-02 04:21:00
105714,176,44,1,263.32,completed,2026-07-07 07:38:00
105715,122,46,2,42.9,completed,2026-07-16 05:29:00
105716,190,28,5,2392.5,cancelled,2026-07-15 14:30:00
105717,151,45,4,779.36,completed,2026-07-13 01:50:00
105718,38,10,4,963.16,completed,2026-07-09 12:23:00
105719,102,10,3,921.81,pending,2026-08-09 17:21:00
105720,197,17,4,1028.76,cancelled,2026-07-21 20:42:00
105721,122,37,2,812.32,completed,2026-07-11 02:45:00
105722,85,41,4,1090.4,completed,2026-08-07 07:48:00
105723,147,44,4,1443.0,pending,2026-07-06 18:13:00
105724,3,13,2,779.44,completed,2026-08-10 07:17:00
105725,159,23,1,369.55,completed,2026-07-23 16:53:00
105726,48,42,1,325.39,completed,2026-07-20 09:38:00
105727,175,17,2,220.92,cancelled,2026-07-28 01:55:00
105728,88,9,1,273.46,pending,2026-07-21 16:06:00
105729,197,39,5,323.55,cancelled,2026-07-21 13:51:00
105730,48,43,1,335.91,completed,2026-07-21 17:34:00
105731,25,5,4,1345.2,completed,2026-07-22 22:15:00
105732,150,30,3,303.57,completed,2026-07-26 13:53:00
105733,20,30,5,97.5,completed,2026-08-03 08:22:00
105734,33,34,3,1213.65,completed,2026-07-07 00:59:00
105735,36,13,5,1767.15,completed,2026-07-21 20:45:00
105736,65,4,1,290.23,completed,2026-08-05 00:47:00
105737,129,9,5,639.15,completed,2026-07-11 20:33:00
105738,50,18,1,379.64,completed,2026-08-04 21:50:00
105739,45,17,2,553.7,completed,2026-07-18 13:37:00
105740,115,29,3,1262.22,completed,2026-07-04 01:34:00
105741,99,17,4,1390.12,completed,2026-08-03 02:08:00
105742,176,49,3,799.23,completed,2026-07-21 17:41:00
105743,116,8,3,1385.4,pending,2026-08-08 02:04:00
105744,22,4,3,219.24,cancelled,2026-07-03 19:05:00
105745,183,23,3,371.46,completed,2026-08-01 20:44:00
105746,99,22,2,211.96,completed,2026-07-09 11:25:00
105747,56,37,4,1523.76,completed,2026-08-06 07:46:00
105748,103,48,2,636.0,completed,2026-07-23 08:57:00
105749,208,4,3,412.17,cancelled,2026-08-10 02:47:00
105750,205,5,4,374.48,completed,2026-08-09 22:14:00
105751,34,34,5,751.8,completed,2026-08-02 19:41:00
105752,199,1,3,167.25,cancelled,2026-07-26 07:21:00
105753,70,24,1,149.91,cancelled,2026-08-06 07:13:00
105754,166,24,2,,completed,2026-07-16 18:46:00
105755,192,40,1,417.87,completed,2026-07-27 17:59:00
105756,143,44,3,728.28,completed,2026-08-02 03:07:00
105757,178,10,4,747.36,completed,2026-07-10 20:16:00
105758,46,15,3,1386.75,completed,2026-07-05 12:09:00
105759,44,30,1,397.01,cancelled,2026-08-02 11:17:00
105760,176,38,5,965.95,cancelled,2026-07-02 02:22:00
105761,88,11,3,380.82,completed,2026-07-22 05:51:00
105762,128,27,3,349.56,cancelled,2026-07-18 14:27:00
105763,150,2,3,812.04,completed,2026-07-26 08:39:00
105764,191,1,5,727.75,completed,2026-07-27 00:43:00
105765,59,36,4,134.32,completed,2026-08-05 22:55:00
105766,21,48,4,1293.56,completed,2026-07-27 20:46:00
105767,85,15,5,2310.25,cancelled,2026-07-17 22:44:00
105768,182,50,4,1773.92,completed,2026-07-04 02:25:00
105769,107,29,5,97.05,completed,2026-08-09 14:20:00
105770,179,44,5,1713.4,completed,2026-08-08 06:44:00
105771,203,39,3,741.45,cancelled,2026-07-06 07:37:00
105772,19,2,4,1762.44,completed,2026-07-31 12:49:00
105773,101,41,1,189.89,pending,2026-07-18 13:38:00
105774,107,2,4,1193.16,completed,2026-08-04 09:02:00
105775,60,42,4,562.0,completed,2026-08-07 08:51:00
105776,154,40,4,785.28,completed,2026-08-07 19:46:00
105777,71,45,1,44.66,completed,2026-07-25 17:49:00
105778,131,8,3,896.49,cancelled,2026-07-10 00:53:00
105779,202,33,1,122.11,completed,2026-07-06 06:24:00
105780,113,29,2,208.54,completed,2026-08-01 18:19:00
105781,179,23,2,868.26,pending,2026-08-07 22:03:00
105782,192,45,4,1976.6,completed,2026-07-28 15:29:00
105783,133,23,2,14.1,completed,2026-07-17 22:07:00
105784,47,38,2,998.16,completed,2026-07-10 15:36:00
105785,13,20,2,985.4,completed,2026-07-05 05:19:00
105786,99,10,4,962.8,completed,2026-07-03 01:11:00
105787,209,3,3,252.63,completed,2026-07-15 14:39:00
105788,110,6,3,943.8,completed,2026-08-07 00:02:00
105789,26,34,3,290.28,completed,2026-08-08 04:50:00
105790,94,48,5,2400.1,completed,2026-07-26 18:22:00
105791,117,40,3,235.11,completed,2026-08-01 08:13:00
105792,22,40,1,443.8,cancelled,2026-07-23 18:08:00
105793,39,41,5,2315.95,cancelled,2026-08-02 08:00:00
105794,34,27,2,378.66,completed,2026-08-09 04:56:00
105795,178,46,3,618.06,completed,2026-07-26 13:11:00
105796,87,46,1,169.26,completed,2026-07-03 07:19:00
105797,170,45,1,278.02,completed,2026-08-04 00:04:00
105798,106,15,1,381.11,cancelled,2026-08-10 13:50:00
105799,89,20,1,99.98,completed,2026-07-24 04:19:00
105800,109,8,4,743.6,completed,2026-07-10 16:59:00
105801,180,11,5,1902.65,completed,2026-08-01 18:45:00
105802,14,7,1,352.84,completed,2026-08-02 22:46:00
105803,192,16,3,1376.88,completed,2026-08-10 21:35:00
105804,168,26,4,373.4,cancelled,2026-07-15 20:39:00
105805,28,14,4,920.56,completed,2026-07-09 06:42:00
105806,58,23,5,289.85,completed,2026-07-22 14:00:00
105807,126,28,3,476.07,completed,2026-07-05 08:20:00
105808,107,8,5,2215.7,completed,2026-07-23 03:49:00
105809,56,23,5,2385.3,completed,2026-07-23 12:28:00
105810,203,17,1,477.02,pending,2026-07-05 14:56:00
105811,117,27,2,366.58,completed,2026-07-12 17:00:00
105812,68,26,3,998.31,pending,2026-08-03 10:52:00
105813,15,17,4,1279.04,completed,2026-07-01 00:36:00
105814,55,36,2,792.48,completed,2026-07-28 10:45:00
105815,60,36,1,411.21,completed,2026-07-01 21:48:00
105816,45,20,3,182.31,completed,2026-07-21 07:14:00
105817,150,17,4,1162.16,cancelled,2026-07-28 11:11:00
105818,132,33,3,451.02,completed,2026-07-15 03:57:00
105819,194,18,3,827.79,pending,2026-07-12 13:07:00
105820,85,35,1,486.96,completed,2026-07-16 00:48:00
105821,4,11,4,1742.88,completed,2026-08-09 12:14:00
105822,184,28,3,44.64,completed,2026-07-24 05:56:00
105823,154,22,4,587.04,completed,2026-07-25 23:41:00
105824,141,29,4,1306.96,completed,2026-07-05 19:09:00
105825,171,33,1,167.5,completed,2026-07-27 06:24:00
105826,99,40,4,614.68,completed,2026-07-14 10:50:00
105827,115,14,1,110.02,completed,2026-07-07 08:25:00
105828,61,46,5,1602.65,completed,2026-07-17 09:04:00
105829,183,8,3,20.58,completed,2026-08-03 17:44:00
105830,49,2,1,486.66,completed,2026-07-21 11:55:00
105831,181,49,4,1821.0,completed,2026-07-25 17:07:00
105832,173,9,5,2332.3,completed,2026-07-29 01:37:00
105833,92,14,3,1488.9,completed,2026-07-13 04:38:00
105834,76,40,4,1604.12,completed,2026-07-02 03:10:00
105835,147,36,5,89.45,completed,2026-07-26 05:23:00
105836,207,12,3,56.25,cancelled,2026-07-26 12:47:00
105837,136,38,4,1389.76,completed,2026-07-21 22:57:00
105838,187,23,3,708.18,completed,2026-07-16 15:06:00
105839,141,50,3,1492.77,cancelled,2026-08-08 10:36:00
105840,78,38,5,1111.15,completed,2026-07-13 23:12:00
105841,136,46,1,256.72,completed,2026-08-03 09:47:00
105842,43,39,4,1097.44,completed,2026-07-25 09:11:00
105843,7,21,4,852.76,cancelled,2026-08-10 07:37:00
105844,32,40,2,593.44,completed,2026-07-22 19:44:00
105845,100,31,2,460.14,completed,2026-07-28 12:15:00
105846,171,2,4,412.72,completed,2026-07-27 07:22:00
105847,106,29,3,32.43,completed,2026-08-10 05:05:00
105848,1,14,4,487.88,completed,2026-08-07 09:12:00
105849,131,12,2,336.24,completed,2026-07-24 13:00:00
105850,83,41,3,448.62,completed,2026-07-06 17:51:00
105851,70,2,3,129.21,completed,2026-08-07 18:53:00
105852,190,36,1,393.09,cancelled,2026-07-20 05:47:00
105853,66,42,2,932.68,pending,2026-07-05 03:04:00
105854,152,5,3,685.38,completed,2026-07-07 19:51:00
105855,133,23,4,314.32,cancelled,2026-08-09 23:26:00
105856,5,15,3,116.52,cancelled,2026-07-31 15:17:00
105857,141,34,5,1739.45,completed,2026-07-10 16:47:00
105858,194,44,5,821.65,completed,2026-07-18 21:13:00
105859,29,13,2,240.54,completed,2026-07-22 08:11:00
105860,158,19,2,878.64,pending,2026-08-08 21:51:00
105861,179,26,5,38.85,completed,2026-07-20 08:12:00
105862,113,36,1,437.0,completed,2026-07-31 10:52:00
105863,41,44,5,2491.5,completed,2026-07-21 04:35:00
105864,110,17,1,286.83,completed,2026-07-06 20:34:00
105865,154,17,5,2193.5,completed,2026-08-09 13:18:00
105866,94,28,2,659.02,completed,2026-07-20 20:51:00
105867,87,5,5,390.5,completed,2026-07-25 09:48:00
105868,179,30,5,36.3,completed,2026-07-22 12:57:00
105869,116,45,5,209.9,completed,2026-07-12 03:40:00
105870,119,8,3,1144.44,cancelled,2026-07-06 18:03:00
105871,141,35,3,1381.23,completed,2026-07-24 10:54:00
105872,116,42,1,184.9,completed,2026-07-24 04:17:00
105873,18,19,1,229.65,completed,2026-07-06 06:49:00
105874,114,21,1,5.42,completed,2026-07-17 23:52:00
105875,208,11,1,384.98,completed,2026-07-01 05:07:00
105876,13,20,5,2343.85,completed,2026-07-29 08:13:00
105877,173,30,2,13.34,completed,2026-07-31 01:03:00
105878,16,43,2,362.94,cancelled,2026-07-07 18:32:00
105879,135,44,1,72.56,completed,2026-07-02 09:53:00
105880,171,14,2,185.08,completed,2026-08-06 00:40:00
105881,154,36,5,770.45,pending,2026-07-07 04:04:00
105882,112,35,3,976.71,completed,2026-07-29 03:55:00
105883,76,25,3,,pending,2026-07-12 17:52:00
105884,78,49,4,667.56,completed,2026-07-21 20:17:00
105885,51,14,2,505.7,completed,2026-07-22 23:41:00
105886,86,14,3,1017.09,completed,2026-07-08 14:19:00
105887,159,13,3,1400.04,completed,2026-07-06 14:58:00
105888,107,6,2,300.02,cancelled,2026-07-29 00:06:00
105889,64,28,4,956.24,completed,2026-07-22 13:55:00
105890,142,20,4,416.12,completed,2026-07-19 07:49:00
105891,78,1,3,729.9,completed,2026-07-11 17:09:00
105892,76,17,4,1617.4,completed,2026-07-30 02:54:00
105893,179,11,3,419.85,completed,2026-07-21 00:13:00
105894,85,3,3,1339.05,cancelled,2026-07-27 02:59:00
105895,130,16,5,2485.35,completed,2026-07-20 17:51:00
105896,8,21,4,1574.0,completed,2026-08-05 05:29:00
105897,17,15,1,494.81,completed,2026-07-28 06:14:00
105898,77,11,3,592.8,completed,2026-08-08 03:29:00
105899,209,2,5,1229.15,completed,2026-07-28 01:34:00
105900,108,14,3,1105.14,completed,2026-07-14 19:44:00
105901,194,13,1,209.7,completed,2026-08-09 23:32:00
105902,201,24,1,207.46,completed,2026-07-16 06:24:00
105903,61,39,2,284.66,cancelled,2026-08-02 00:02:00
105904,187,2,2,230.36,completed,2026-07-02 01:21:00
105905,17,6,5,2089.45,pending,2026-07-13 06:08:00
105906,10,39,2,572.14,completed,2026-07-29 09:48:00
105907,190,43,4,1950.28,completed,2026-08-01 15:56:00
105908,129,36,5,344.05,completed,2026-07-17 02:51:00
105909,35,24,4,1276.76,completed,2026-07-12 13:35:00
105910,72,37,2,966.74,completed,2026-07-24 02:10:00
105911,38,45,3,804.84,completed,2026-07-19 10:59:00
105912,153,9,4,198.36,completed,2026-07-14 15:31:00
105913,199,21,1,239.44,completed,2026-07-21 00:58:00
105914,117,5,1,370.61,completed,2026-07-19 17:38:00
105915,37,39,2,691.08,completed,2026-07-09 18:14:00
105916,184,34,1,68.78,cancelled,2026-07-18 06:12:00
105917,10,22,3,163.05,completed,2026-07-22 11:35:00
105918,49,37,1,154.32,completed,2026-07-28 13:18:00
105919,112,41,4,1726.28,completed,2026-07-14 00:27:00
105920,59,48,2,,completed,2026-07-19 12:19:00
105921,30,29,5,305.65,completed,2026-07-12 01:13:00
105922,180,3,2,393.26,completed,2026-07-15 08:37:00
105923,35,12,5,2251.1,completed,2026-07-28 17:29:00
105924,23,43,2,710.16,completed,2026-07-12 18:27:00
105925,182,14,5,1599.6,completed,2026-08-02 12:01:00
105926,180,9,4,1126.0,completed,2026-07-21 10:23:00
105927,111,2,2,950.02,completed,2026-07-27 13:28:00
105928,155,17,1,386.52,completed,2026-07-25 17:28:00
105929,2,47,2,896.12,completed,2026-07-20 03:34:00
105930,18,16,1,372.14,cancelled,2026-07-29 06:18:00
105931,69,16,2,,completed,2026-07-01 23:26:00
105932,105,11,2,409.86,completed,2026-07-23 19:46:00
105933,171,48,3,704.76,completed,2026-07-20 21:50:00
105934,54,30,1,83.5,completed,2026-07-04 15:55:00
105935,156,17,4,181.88,pending,2026-07-07 13:00:00
105936,186,16,5,373.45,completed,2026-07-27 18:46:00
105937,204,29,2,352.82,cancelled,2026-08-03 07:14:00
105938,88,43,2,721.26,completed,2026-07-04 00:16:00
105939,53,9,5,1479.95,completed,2026-07-16 10:18:00
105940,60,39,1,170.78,completed,2026-07-23 19:56:00
105941,28,27,4,434.52,completed,2026-07-13 05:28:00
105942,173,5,1,34.07,completed,2026-07-28 01:48:00
105943,143,31,2,432.06,pending,2026-08-05 04:48:00
105944,114,32,2,567.14,completed,2026-08-04 18:22:00
105945,163,27,4,740.52,completed,2026-07-20 11:52:00
105946,19,42,4,1157.16,completed,2026-08-09 23:54:00
105947,164,39,3,583.14,completed,2026-07-14 04:35:00
105948,140,14,4,1659.12,cancelled,2026-07-11 18:37:00
105949,162,21,2,196.62,completed,2026-07-31 11:23:00
105950,151,2,1,117.73,cancelled,2026-08-07 13:26:00
105951,103,39,2,933.4,completed,2026-07-26 19:04:00
105952,117,2,4,640.88,completed,2026-07-16 23:35:00
105953,210,41,3,91.35,cancelled,2026-08-01 02:29:00
105954,12,23,1,394.76,completed,2026-07-31 09:59:00
105955,52,5,2,406.22,completed,2026-07-21 18:25:00
105956,54,3,1,406.17,pending,2026-08-04 04:37:00
105957,162,37,5,1546.2,completed,2026-07-27 06:03:00
105958,4,23,3,,pending,2026-07-26 00:02:00
105959,167,21,5,2016.0,completed,2026-07-03 20:44:00
105960,93,44,5,572.7,completed,2026-07-30 19:52:00
105961,207,12,1,108.17,completed,2026-08-03 09:58:00
105962,209,24,4,829.8,completed,2026-08-10 14:51:00
105963,176,4,3,1337.13,completed,2026-07-04 19:45:00
105964,203,24,1,235.78,completed,2026-08-02 01:32:00
105965,93,19,1,428.79,completed,2026-07-09 15:15:00
105966,99,12,4,1790.72,completed,2026-07-02 05:04:00
105967,13,49,1,406.92,completed,2026-07-15 20:12:00
105968,136,13,3,1461.36,completed,2026-08-05 13:40:00
105969,25,39,1,54.8,completed,2026-08-02 14:03:00
105970,46,50,1,165.54,completed,2026-07-17 14:54:00
105971,182,42,3,146.82,completed,2026-07-09 10:04:00
105972,107,28,1,30.56,completed,2026-07-10 14:37:00
105973,59,17,3,920.67,completed,2026-07-13 09:16:00
105974,5,12,5,583.35,completed,2026-07-14 06:32:00
105975,132,2,5,1932.95,completed,2026-07-25 20:44:00
105976,142,20,3,124.62,pending,2026-07-30 15:36:00
105977,114,17,5,79.8,completed,2026-07-23 16:41:00
105978,81,18,4,1564.52,completed,2026-07-30 04:31:00
105979,27,50,1,62.75,completed,2026-08-06 01:40:00
105980,73,39,2,742.18,completed,2026-08-06 00:48:00
105981,168,35,4,1594.44,completed,2026-08-06 08:59:00
105982,12,18,1,475.29,completed,2026-07-12 22:07:00
105983,138,16,2,222.38,cancelled,2026-08-07 06:06:00
105984,137,49,2,949.96,completed,2026-07-21 11:54:00
105985,30,28,4,1147.88,pending,2026-07-03 08:47:00
105986,181,13,4,206.64,completed,2026-07-27 12:13:00
105987,142,39,4,1348.8,completed,2026-08-03 04:18:00
105988,141,12,5,717.6,completed,2026-07-21 11:11:00
105989,117,27,3,1029.75,cancelled,2026-08-09 08:54:00
105990,122,42,2,245.48,pending,2026-07-13 11:38:00
105991,96,8,4,1006.84,completed,2026-07-26 15:00:00
105992,115,41,3,564.51,completed,2026-07-21 06:13:00
105993,8,1,1,273.9,cancelled,2026-07-04 02:21:00
105994,4,17,4,1451.2,completed,2026-07-22 22:37:00
105995,100,8,3,472.83,cancelled,2026-08-04 16:28:00
105996,108,50,3,535.38,cancelled,2026-07-13 15:06:00
105997,156,27,2,728.8,completed,2026-07-27 16:33:00
105998,145,5,4,1465.52,cancelled,2026-07-14 09:16:00
105999,130,45,3,112.83,cancelled,2026-07-06 02:18:00
106000,39,46,3,1055.73,completed,2026-07-14 18:57:00
106001,20,1,4,334.68,completed,2026-07-29 14:58:00
106002,181,49,3,,cancelled,2026-07-26 18:49:00
106003,1,34,4,1484.64,completed,2026-07-16 02:46:00
106004,121,12,2,376.88,completed,2026-07-29 18:49:00
106005,209,21,4,,cancelled,2026-07-07 14:42:00
106006,144,26,5,394.65,cancelled,2026-07-14 16:07:00
106007,104,35,4,848.04,cancelled,2026-07-11 08:18:00
106008,24,2,3,50.16,completed,2026-07-31 18:42:00
106009,115,6,3,1148.73,cancelled,2026-07-30 16:48:00
106010,118,39,3,1337.43,completed,2026-08-05 07:20:00
106011,19,21,2,876.04,completed,2026-07-09 10:19:00
106012,61,30,5,213.0,completed,2026-08-05 09:14:00
106013,137,30,1,193.4,completed,2026-07-05 04:26:00
106014,126,27,2,933.52,completed,2026-07-14 20:41:00
106015,1,37,3,,completed,2026-08-05 18:07:00
106016,184,19,5,1663.0,completed,2026-07-20 02:11:00
106017,135,34,1,248.41,completed,2026-07-18 23:16:00
106018,177,5,4,489.12,cancelled,2026-08-04 13:09:00
106019,144,38,2,174.86,completed,2026-08-05 03:22:00
106020,184,23,3,771.93,pending,2026-07-20 17:19:00
106021,40,31,4,162.12,completed,2026-07-10 09:45:00
106022,15,13,4,,completed,2026-08-01 00:21:00
106023,103,10,3,397.38,completed,2026-08-10 18:41:00
106024,118,29,5,1457.3,completed,2026-08-02 17:16:00
106025,23,1,4,1272.4,completed,2026-08-03 00:45:00
106026,121,25,1,82.8,completed,2026-07-24 13:54:00
106027,121,37,5,1945.9,completed,2026-08-07 02:44:00
106028,61,18,2,116.16,pending,2026-07-11 05:05:00
106029,72,40,3,1258.47,cancelled,2026-08-07 07:46:00
106030,103,49,5,672.9,completed,2026-07-02 12:15:00
106031,114,12,5,,completed,2026-07-27 12:50:00
106032,133,44,4,1464.48,cancelled,2026-08-03 10:00:00
106033,79,22,1,478.13,cancelled,2026-07-01 21:34:00
106034,120,40,1,475.54,completed,2026-07-03 15:11:00
106035,205,46,4,1958.32,completed,2026-07-26 18:22:00
106036,6,8,2,744.48,completed,2026-08-08 08:23:00
106037,14,43,3,1158.24,completed,2026-07-11 23:31:00
106038,87,46,1,324.0,completed,2026-07-02 13:55:00
106039,88,24,5,642.1,completed,2026-07-21 14:53:00
106040,73,17,4,325.08,completed,2026-07-25 22:55:00
106041,17,21,2,32.04,completed,2026-07-22 04:21:00
106042,206,11,4,364.36,completed,2026-07-11 14:57:00
106043,138,12,3,936.87,completed,2026-07-03 02:30:00
106044,48,1,4,222.04,completed,2026-07-19 15:30:00
106045,100,21,3,1061.04,completed,2026-07-18 22:31:00
106046,23,35,2,987.14,completed,2026-07-04 18:46:00
106047,202,1,3,1472.97,cancelled,2026-07-15 13:59:00
106048,102,21,2,83.3,completed,2026-07-07 01:01:00
106049,89,27,2,328.1,completed,2026-08-05 03:59:00
106050,13,36,3,1016.28,completed,2026-07-13 12:27:00
106051,70,31,5,594.85,completed,2026-08-07 07:38:00
106052,145,35,5,1181.25,completed,2026-07-04 12:52:00
106053,7,13,3,851.34,completed,2026-08-06 22:10:00
106054,136,40,4,948.6,completed,2026-08-02 22:58:00
106055,176,8,4,1564.96,completed,2026-07-20 04:56:00
106056,12,25,1,456.32,completed,2026-07-12 00:23:00
106057,135,34,2,901.54,completed,2026-07-19 19:46:00
106058,179,35,4,1256.4,completed,2026-07-03 05:12:00
106059,180,48,1,253.54,completed,2026-08-03 17:53:00
106060,204,44,3,513.84,cancelled,2026-07-27 02:51:00
106061,111,19,2,554.16,completed,2026-07-21 12:47:00
106062,12,26,3,1282.44,pending,2026-07-21 16:32:00
106063,2,39,1,480.93,completed,2026-07-02 17:22:00
106064,3,1,5,1435.7,cancelled,2026-07-31 18:20:00
106065,99,42,5,1483.2,completed,2026-08-01 16:26:00
106066,96,25,2,916.54,cancelled,2026-07-30 07:36:00
106067,115,16,3,1184.55,completed,2026-07-11 11:26:00
106068,96,43,4,714.96,completed,2026-08-03 20:45:00
106069,11,10,4,1064.32,completed,2026-07-31 12:42:00
106070,15,25,5,2218.75,cancelled,2026-08-09 17:46:00
106071,102,41,4,1565.8,completed,2026-07-15 03:44:00
106072,36,15,2,998.7,completed,2026-07-22 18:02:00
106073,64,43,5,2329.5,completed,2026-07-11 23:20:00
106074,100,8,4,1700.6,completed,2026-07-03 15:44:00
106075,158,43,3,1026.78,completed,2026-08-03 00:58:00
106076,11,1,2,421.34,completed,2026-07-01 05:31:00
106077,45,10,1,233.14,completed,2026-07-22 16:10:00
106078,6,46,1,484.31,completed,2026-07-02 06:07:00
106079,201,39,1,203.56,completed,2026-07-08 00:34:00
106080,31,8,5,2266.45,completed,2026-07-26 10:38:00
106081,145,13,1,69.43,completed,2026-07-10 02:56:00
106082,173,23,4,1913.16,completed,2026-07-09 19:39:00
106083,181,50,5,1330.9,cancelled,2026-07-16 04:55:00
106084,201,40,2,927.32,completed,2026-07-28 06:31:00
106085,154,31,2,14.26,completed,2026-07-30 05:31:00
106086,131,34,4,,completed,2026-07-21 01:15:00
106087,75,27,2,586.54,completed,2026-07-20 16:58:00
106088,133,19,4,543.16,completed,2026-07-06 03:25:00
106089,102,3,1,118.5,cancelled,2026-08-06 04:58:00
106090,15,39,1,454.67,completed,2026-07-08 16:00:00
106091,137,19,1,74.63,completed,2026-07-02 19:53:00
106092,30,1,1,323.17,completed,2026-07-09 05:16:00
106093,192,27,2,215.16,pending,2026-07-22 21:19:00
106094,28,14,3,1105.83,completed,2026-07-21 22:15:00
106095,56,50,4,277.64,completed,2026-07-20 16:52:00
106096,145,2,3,315.57,cancelled,2026-07-17 20:50:00
106097,145,6,4,939.44,pending,2026-07-20 08:07:00
106098,1,37,2,93.2,cancelled,2026-07-06 10:17:00
106099,107,9,1,413.47,completed,2026-07-23 19:08:00
106100,59,24,1,460.23,completed,2026-07-09 15:52:00
106101,41,5,2,818.72,completed,2026-07-15 03:48:00
106102,141,20,4,1281.92,cancelled,2026-07-23 01:51:00
106103,6,39,5,30.05,cancelled,2026-07-07 21:30:00
106104,195,3,4,1210.0,completed,2026-07-13 21:37:00
106105,173,20,2,15.62,completed,2026-08-10 08:11:00
106106,34,30,2,125.8,completed,2026-07-25 19:33:00
106107,50,28,3,724.35,completed,2026-07-30 10:46:00
106108,182,28,5,286.2,pending,2026-07-24 07:49:00
106109,204,31,5,695.6,completed,2026-07-23 10:11:00
106110,172,39,4,1458.88,completed,2026-07-18 06:11:00
106111,200,11,5,600.05,completed,2026-07-31 10:13:00
106112,79,42,5,1081.0,completed,2026-08-05 00:16:00
106113,25,30,4,1935.28,cancelled,2026-08-08 19:11:00
106114,53,13,1,154.97,completed,2026-07-30 17:07:00
106115,98,11,3,279.96,completed,2026-07-11 22:27:00
106116,70,9,1,63.95,completed,2026-07-02 16:09:00
106117,174,29,1,476.52,completed,2026-07-07 18:37:00
106118,153,49,1,323.55,completed,2026-07-24 02:20:00
106119,21,48,3,1313.7,completed,2026-07-14 10:13:00
106120,67,43,3,687.78,completed,2026-07-18 15:07:00
106121,122,27,5,299.6,completed,2026-07-26 16:42:00
106122,135,8,1,6.75,cancelled,2026-07-21 01:49:00
106123,200,15,3,141.78,completed,2026-07-02 14:14:00
106124,21,25,2,154.82,completed,2026-07-03 13:30:00
106125,156,1,5,1365.3,completed,2026-07-30 18:59:00
106126,7,10,2,873.2,completed,2026-08-01 15:44:00
106127,79,14,4,1238.4,completed,2026-07-25 16:45:00
106128,122,28,1,,completed,2026-07-20 23:47:00
106129,149,34,4,1079.88,completed,2026-07-21 04:41:00
106130,103,36,5,2171.6,completed,2026-07-05 08:16:00
106131,21,42,2,601.06,completed,2026-08-04 17:16:00
106132,154,7,3,658.14,completed,2026-08-07 15:30:00
106133,168,5,2,414.06,completed,2026-07-12 02:27:00
106134,112,30,5,927.85,pending,2026-07-29 16:34:00
106135,14,20,2,786.94,completed,2026-07-28 10:46:00
106136,154,27,2,244.14,cancelled,2026-07-13 18:23:00
106137,115,31,3,650.1,completed,2026-07-27 22:07:00
106138,74,13,4,1948.88,completed,2026-07-24 15:26:00
106139,56,48,4,1871.56,pending,2026-07-27 19:17:00
106140,24,27,5,1918.05,completed,2026-07-18 01:19:00
106141,128,17,1,9.49,completed,2026-07-06 19:49:00
106142,88,36,3,139.59,completed,2026-07-23 03:29:00
106143,208,15,3,1436.52,completed,2026-07-14 23:06:00
106144,1,13,3,607.26,pending,2026-07-22 20:37:00
106145,141,36,1,255.18,completed,2026-07-02 09:20:00
106146,177,20,5,414.45,completed,2026-08-07 17:44:00
106147,11,21,5,1884.25,completed,2026-07-27 20:39:00
106148,153,17,1,189.9,completed,2026-07-13 03:25:00
106149,130,20,5,1185.85,pending,2026-07-10 10:00:00
106150,39,49,3,1248.51,pending,2026-07-16 09:39:00
106151,133,37,4,1123.76,completed,2026-07-17 00:04:00
106152,206,36,5,351.1,completed,2026-07-25 03:15:00
106153,208,4,2,234.12,cancelled,2026-07-13 15:45:00
106154,161,12,5,844.8,completed,2026-07-26 16:43:00
106155,63,50,2,469.36,completed,2026-08-04 08:41:00
106156,146,14,5,613.1,completed,2026-07-03 21:13:00
106157,104,5,2,672.9,completed,2026-07-31 19:02:00
106158,118,26,2,885.2,cancelled,2026-07-12 07:04:00
106159,61,26,2,378.06,completed,2026-07-26 14:30:00
106160,40,18,2,277.12,completed,2026-07-30 07:27:00
106161,150,45,3,1373.79,completed,2026-07-11 18:00:00
106162,156,40,3,759.57,completed,2026-07-17 20:51:00
106163,160,39,3,997.17,completed,2026-07-12 13:15:00
106164,131,19,1,15.84,cancelled,2026-07-05 11:41:00
106165,76,44,2,941.94,completed,2026-08-01 13:15:00
106166,62,46,4,290.48,completed,2026-07-07 13:40:00
106167,180,11,5,1693.25,completed,2026-07-02 19:36:00
106168,31,36,4,1082.88,completed,2026-07-18 22:39:00
106169,46,37,5,565.55,completed,2026-07-06 04:49:00
106170,10,20,4,,completed,2026-08-04 01:35:00
106171,168,22,2,392.18,cancelled,2026-07-29 01:17:00
106172,144,44,2,505.36,completed,2026-07-11 04:43:00
106173,191,12,5,1502.9,completed,2026-07-08 20:16:00
106174,47,11,1,25.9,completed,2026-08-02 11:09:00
106175,194,4,5,913.5,completed,2026-07-27 06:03:00
106176,176,50,3,1342.17,completed,2026-07-02 06:07:00
106177,62,33,4,1182.32,completed,2026-07-14 03:02:00
106178,200,14,4,318.76,completed,2026-07-13 08:24:00
106179,177,4,5,165.0,completed,2026-07-23 00:25:00
106180,65,11,4,1077.44,pending,2026-07-20 18:12:00
106181,33,7,3,499.98,completed,2026-07-07 00:23:00
106182,42,19,1,93.6,cancelled,2026-07-22 21:34:00
106183,53,45,4,491.84,completed,2026-07-26 14:52:00
106184,99,24,3,1152.75,completed,2026-08-09 01:41:00
106185,195,30,3,1437.42,cancelled,2026-07-19 09:13:00
106186,132,30,2,562.9,completed,2026-07-20 07:40:00
106187,39,39,5,1062.85,completed,2026-07-01 13:39:00
106188,41,19,1,127.13,completed,2026-07-20 18:56:00
106189,91,20,1,97.45,pending,2026-07-15 17:50:00
106190,178,41,5,414.3,completed,2026-07-30 14:14:00
106191,119,47,5,774.05,completed,2026-07-08 05:45:00
106192,149,32,1,416.13,cancelled,2026-07-26 02:22:00
106193,208,32,4,502.92,completed,2026-07-30 14:41:00
106194,123,39,2,,cancelled,2026-07-27 23:57:00
106195,206,26,5,453.3,pending,2026-08-01 01:51:00
106196,40,36,2,996.06,completed,2026-07-11 12:32:00
106197,11,27,3,18.51,completed,2026-07-03 18:29:00
106198,75,34,3,259.95,completed,2026-07-17 03:28:00
106199,171,8,5,1592.25,pending,2026-07-05 03:39:00
106200,118,14,5,2156.3,completed,2026-07-15 13:01:00
106201,3,48,1,157.04,completed,2026-08-01 00:41:00
106202,41,27,3,863.01,completed,2026-07-22 19:19:00
106203,47,13,1,411.9,completed,2026-08-05 13:36:00
106204,73,45,5,1713.85,completed,2026-07-17 07:50:00
106205,77,10,1,72.12,cancelled,2026-07-05 16:47:00
106206,75,27,3,1274.58,cancelled,2026-07-24 06:39:00
106207,176,5,5,848.9,pending,2026-07-13 00:57:00
106208,78,35,4,,completed,2026-07-23 23:34:00
106209,163,5,1,141.54,completed,2026-07-13 13:50:00
106210,21,40,1,262.33,completed,2026-07-21 09:57:00
106211,117,8,4,,completed,2026-07-20 19:22:00
106212,183,2,2,479.26,completed,2026-08-06 17:55:00
106213,88,37,4,,completed,2026-07-28 21:13:00
106214,115,3,3,33.03,completed,2026-07-22 07:55:00
106215,72,44,1,311.87,cancelled,2026-07-11 18:09:00
106216,124,3,4,1584.0,cancelled,2026-08-05 16:46:00
106217,46,3,2,475.84,completed,2026-07-13 11:14:00
106218,46,16,3,872.16,cancelled,2026-08-09 21:20:00
106219,168,34,4,382.84,completed,2026-08-04 11:11:00
106220,122,23,4,963.04,completed,2026-07-01 23:52:00
106221,149,39,3,358.17,completed,2026-07-25 17:51:00
106222,116,45,1,198.64,cancelled,2026-08-09 14:38:00
106223,47,3,5,1724.9,completed,2026-07-10 23:39:00
106224,130,42,3,,pending,2026-07-17 16:11:00
106225,189,14,5,1125.1,completed,2026-08-01 08:00:00
106226,119,2,2,476.28,completed,2026-07-04 16:05:00
106227,36,9,5,969.1,completed,2026-08-04 02:36:00
106228,56,11,4,1221.4,completed,2026-07-25 22:05:00
106229,145,4,5,558.5,completed,2026-07-19 06:44:00
106230,184,22,4,1036.0,completed,2026-08-10 05:57:00
106231,183,19,2,113.48,cancelled,2026-07-14 17:04:00
106232,66,35,2,334.16,completed,2026-07-24 00:34:00
106233,147,29,4,1792.8,pending,2026-08-06 07:33:00
106234,135,49,2,362.48,completed,2026-07-11 02:06:00
106235,9,32,3,923.4,completed,2026-07-07 15:54:00
106236,180,16,3,554.16,completed,2026-07-09 00:19:00
106237,98,47,4,,completed,2026-08-03 19:39:00
106238,58,16,4,301.28,completed,2026-08-08 20:59:00
106239,71,43,1,217.38,pending,2026-07-09 05:41:00
106240,154,4,4,1534.24,completed,2026-07-27 12:19:00
106241,61,40,5,622.55,cancelled,2026-08-08 07:05:00
106242,18,37,4,1074.84,completed,2026-07-19 22:01:00
106243,116,43,1,460.5,completed,2026-08-07 21:50:00
106244,101,42,3,960.18,completed,2026-07-29 15:56:00
106245,172,36,2,431.38,completed,2026-07-01 07:37:00
106246,134,33,1,100.65,completed,2026-07-18 18:37:00
106247,75,4,2,501.92,completed,2026-07-26 01:29:00
106248,55,5,3,207.42,completed,2026-08-07 20:58:00
106249,133,36,5,1100.6,pending,2026-07-28 12:24:00
106250,86,13,1,271.57,completed,2026-08-05 00:12:00
106251,190,11,1,398.63,completed,2026-07-04 09:45:00
106252,138,39,3,411.3,cancelled,2026-08-08 10:19:00
106253,200,14,2,680.64,cancelled,2026-08-05 17:26:00
106254,85,26,4,510.56,completed,2026-07-01 03:25:00
106255,208,43,5,1010.95,completed,2026-07-26 12:15:00
106256,32,8,2,574.22,completed,2026-07-12 21:24:00
106257,60,29,5,1400.65,cancelled,2026-07-02 13:04:00
106258,42,27,3,621.69,completed,2026-07-10 20:29:00
106259,189,10,3,414.54,completed,2026-08-02 23:47:00
106260,154,17,1,,completed,2026-07-18 20:47:00
106261,11,40,4,1652.84,completed,2026-08-01 05:27:00
106262,19,6,5,2077.2,completed,2026-07-13 05:37:00
106263,204,50,2,512.76,completed,2026-07-09 14:33:00
106264,141,45,4,1860.64,cancelled,2026-07-06 04:30:00
106265,103,27,3,749.43,completed,2026-07-19 21:47:00
106266,171,16,1,51.69,completed,2026-07-28 04:11:00
106267,79,18,3,936.48,completed,2026-07-10 18:39:00
106268,139,41,4,1382.4,completed,2026-07-31 00:51:00
106269,147,9,2,178.84,completed,2026-07-08 23:14:00
106270,26,31,3,1435.35,cancelled,2026-07-01 08:15:00
106271,144,31,1,68.52,completed,2026-07-12 05:53:00
106272,5,13,5,302.0,completed,2026-07-20 20:41:00
106273,79,12,2,549.0,completed,2026-07-15 20:28:00
106274,129,11,3,596.4,completed,2026-08-01 18:45:00
106275,169,26,3,1191.66,completed,2026-07-17 14:17:00
106276,141,20,2,150.04,completed,2026-07-29 10:34:00
106277,67,37,1,142.8,completed,2026-08-07 03:59:00
106278,121,2,4,1519.6,completed,2026-08-04 06:43:00
106279,162,7,5,1871.65,completed,2026-07-11 14:07:00
106280,166,11,4,274.6,completed,2026-08-09 15:01:00
106281,170,21,4,1034.24,completed,2026-08-09 08:21:00
106282,99,40,2,340.92,completed,2026-07-22 10:48:00
106283,11,31,5,353.5,completed,2026-07-31 12:39:00
106284,160,22,4,366.24,pending,2026-07-17 09:27:00
106285,54,29,2,102.12,completed,2026-07-05 16:01:00
106286,1,40,5,1812.65,pending,2026-07-08 15:56:00
106287,38,42,5,657.5,completed,2026-08-07 12:41:00
106288,39,48,3,1412.91,completed,2026-07-03 17:28:00
106289,35,17,4,528.96,completed,2026-07-29 05:11:00
106290,2,21,4,400.8,completed,2026-07-28 00:12:00
106291,156,45,4,1704.08,pending,2026-07-19 15:49:00
106292,47,31,3,154.23,cancelled,2026-08-04 16:27:00
106293,44,46,2,201.5,completed,2026-08-04 10:59:00
106294,9,20,1,349.48,completed,2026-07-11 02:35:00
106295,205,50,3,869.82,completed,2026-08-10 17:05:00
106296,77,2,3,486.6,completed,2026-07-22 05:53:00
106297,151,24,1,422.74,completed,2026-08-08 14:49:00
106298,54,6,3,,cancelled,2026-07-07 09:54:00
106299,46,10,2,368.6,completed,2026-08-04 22:23:00
106300,170,6,3,364.53,completed,2026-07-20 20:45:00
106301,137,29,3,937.44,completed,2026-07-10 03:12:00
106302,194,8,3,355.89,completed,2026-08-03 09:22:00
106303,101,32,2,260.04,completed,2026-07-30 23:30:00
106304,118,1,2,464.02,completed,2026-07-18 14:45:00
106305,67,4,4,300.88,completed,2026-07-18 21:36:00
106306,144,49,1,362.82,completed,2026-07-17 04:49:00
106307,114,21,5,333.65,completed,2026-07-21 02:25:00
106308,102,20,5,866.75,completed,2026-07-12 01:40:00
106309,1,18,4,1786.88,completed,2026-07-31 03:44:00
106310,168,37,4,591.92,completed,2026-08-04 21:59:00
106311,166,13,1,266.22,completed,2026-07-28 22:59:00
106312,122,6,4,367.52,completed,2026-07-27 21:14:00
106313,18,17,3,322.41,cancelled,2026-07-21 20:12:00
106314,124,23,1,80.96,completed,2026-07-15 00:06:00
106315,106,40,5,542.75,cancelled,2026-07-14 19:09:00
106316,47,4,2,796.08,completed,2026-07-11 10:17:00
106317,32,24,5,1138.15,completed,2026-07-18 06:35:00
106318,134,40,1,,completed,2026-08-02 00:19:00
106319,85,22,4,1702.84,completed,2026-07-08 08:59:00
106320,102,10,4,436.88,completed,2026-08-06 12:39:00
106321,144,6,5,566.75,cancelled,2026-07-22 18:01:00
106322,187,38,2,990.72,completed,2026-07-09 17:24:00
106323,155,17,3,1065.57,completed,2026-07-08 16:05:00
106324,183,18,1,399.59,cancelled,2026-08-05 22:57:00
106325,208,39,1,130.93,pending,2026-07-24 01:05:00
106326,173,20,4,55.92,completed,2026-07-26 13:17:00
106327,183,7,1,161.44,completed,2026-07-05 21:51:00
106328,100,6,5,2455.05,completed,2026-07-12 09:11:00
106329,172,38,1,243.91,completed,2026-07-02 09:55:00
106330,155,17,5,1507.35,completed,2026-07-14 13:34:00
106331,167,33,5,1507.25,completed,2026-07-19 02:48:00
106332,59,49,3,677.46,cancelled,2026-08-09 05:36:00
106333,175,37,3,690.9,completed,2026-07-30 08:32:00
106334,112,22,1,,completed,2026-08-07 08:14:00
106335,139,16,5,530.8,pending,2026-07-16 03:30:00
106336,150,25,4,1225.56,cancelled,2026-08-07 23:02:00
106337,63,33,3,856.8,completed,2026-08-06 01:18:00
106338,159,34,2,790.44,completed,2026-08-09 15:40:00
106339,11,40,5,247.7,completed,2026-07-13 19:01:00
106340,121,5,1,309.06,completed,2026-07-01 21:18:00
106341,37,39,5,1074.5,completed,2026-07-04 10:32:00
106342,127,30,3,1467.21,cancelled,2026-07-24 03:27:00
106343,189,45,4,1602.36,completed,2026-08-02 23:10:00
106344,25,11,5,,cancelled,2026-08-07 16:41:00
106345,108,25,3,605.16,completed,2026-07-08 07:05:00
106346,31,43,3,1024.29,completed,2026-07-10 10:54:00
106347,207,18,5,793.35,completed,2026-07-01 09:03:00
106348,39,33,4,452.84,completed,2026-07-10 01:48:00
106349,119,33,3,1090.83,cancelled,2026-07-12 01:09:00
106350,3,43,2,274.7,completed,2026-07-03 17:13:00
106351,63,27,4,535.08,completed,2026-07-24 19:08:00
106352,192,36,2,491.02,completed,2026-07-08 13:04:00
106353,194,11,5,1496.1,completed,2026-07-07 03:30:00
106354,17,23,5,865.35,cancelled,2026-07-22 21:40:00
106355,52,36,2,674.94,completed,2026-08-09 07:54:00
106356,18,31,2,809.52,completed,2026-07-05 00:48:00
106357,119,29,5,1209.05,completed,2026-08-09 01:29:00
106358,163,49,4,119.0,cancelled,2026-07-04 00:18:00
106359,184,20,3,338.88,completed,2026-07-19 12:16:00
106360,113,2,1,408.55,completed,2026-07-26 21:28:00
106361,152,3,3,,completed,2026-07-23 05:13:00
106362,72,33,5,1944.75,completed,2026-07-20 10:47:00
106363,130,46,3,712.5,pending,2026-07-11 04:23:00
106364,73,2,4,759.12,cancelled,2026-07-21 21:16:00
106365,103,28,2,314.52,completed,2026-07-29 08:30:00
106366,88,41,4,908.52,completed,2026-07-20 14:21:00
106367,118,15,2,702.06,cancelled,2026-07-17 01:13:00
106368,23,21,1,121.1,completed,2026-07-31 01:17:00
106369,106,37,1,178.28,completed,2026-07-14 17:10:00
106370,145,39,5,843.35,completed,2026-07-17 02:57:00
106371,59,30,2,,completed,2026-07-09 06:50:00
106372,138,7,1,277.8,cancelled,2026-07-04 00:27:00
106373,64,8,4,1441.96,completed,2026-07-12 18:43:00
106374,161,10,1,142.02,completed,2026-07-11 10:15:00
106375,17,5,3,1458.12,completed,2026-07-09 13:50:00
106376,195,25,4,897.32,completed,2026-07-23 06:33:00
106377,180,15,1,206.42,completed,2026-07-15 14:30:00
106378,28,3,5,1008.7,completed,2026-08-06 06:31:00
106379,81,34,5,1162.3,cancelled,2026-08-01 16:28:00
106380,31,28,3,1064.22,completed,2026-07-29 04:07:00
106381,6,32,5,2216.1,completed,2026-07-25 13:55:00
106382,66,30,3,1255.89,cancelled,2026-07-16 08:18:00
106383,159,35,4,887.44,completed,2026-08-10 11:02:00
106384,177,6,5,1798.8,completed,2026-07-19 03:24:00
106385,99,3,3,545.04,completed,2026-07-27 10:18:00
106386,197,30,2,19.3,completed,2026-08-04 13:27:00
106387,202,15,4,952.48,cancelled,2026-08-04 21:51:00
106388,135,4,2,582.08,completed,2026-08-08 09:44:00
106389,87,30,5,2261.0,cancelled,2026-08-09 11:21:00
106390,191,26,5,152.15,completed,2026-08-05 08:53:00
106391,76,30,5,1874.7,completed,2026-07-17 00:38:00
106392,40,20,4,1271.6,completed,2026-07-26 05:19:00
106393,124,6,5,830.65,completed,2026-07-02 05:14:00
106394,179,12,4,1165.6,completed,2026-07-11 00:26:00
106395,57,31,3,800.61,cancelled,2026-07-20 15:24:00
106396,137,37,3,777.33,completed,2026-07-07 16:43:00
106397,87,7,5,2256.4,completed,2026-07-16 07:29:00
106398,141,41,3,33.36,completed,2026-08-01 22:50:00
106399,130,40,3,1140.15,completed,2026-07-05 09:55:00
106400,68,42,1,166.76,completed,2026-08-03 00:12:00
106401,72,46,4,1416.44,completed,2026-07-08 16:40:00
106402,118,14,4,73.68,cancelled,2026-07-15 22:44:00
106403,92,48,1,77.75,completed,2026-07-05 06:58:00
106404,61,33,3,1256.58,completed,2026-07-20 00:39:00
106405,44,16,3,1130.94,completed,2026-07-25 04:09:00
106406,8,14,4,716.76,pending,2026-07-09 08:10:00
106407,101,13,5,1221.6,completed,2026-07-11 13:01:00
106408,146,16,2,990.64,completed,2026-07-03 07:53:00
106409,96,33,1,439.36,completed,2026-07-04 18:57:00
106410,4,17,1,152.54,completed,2026-07-04 00:46:00
106411,35,14,1,130.65,pending,2026-07-13 23:31:00
106412,67,15,4,1645.12,completed,2026-07-22 16:26:00
106413,117,31,2,713.94,completed,2026-07-23 02:27:00
106414,106,48,2,847.22,completed,2026-07-20 21:50:00
106415,148,48,2,725.52,completed,2026-08-10 06:27:00
106416,106,49,1,79.14,completed,2026-07-09 23:28:00
106417,73,49,3,1458.39,completed,2026-07-02 08:26:00
106418,176,13,1,24.47,completed,2026-07-06 23:56:00
106419,153,21,4,1315.68,completed,2026-08-08 01:53:00
106420,174,9,5,145.65,cancelled,2026-07-23 09:51:00
106421,157,22,4,68.56,completed,2026-07-12 09:37:00
106422,121,6,5,2336.15,completed,2026-07-24 15:38:00
106423,202,20,2,246.9,completed,2026-07-30 01:21:00
106424,94,45,5,2199.6,completed,2026-07-16 08:18:00
106425,69,40,3,1204.74,completed,2026-07-29 20:14:00
106426,160,38,4,1674.92,completed,2026-07-01 04:57:00
106427,168,5,4,925.48,completed,2026-08-02 05:55:00
106428,175,22,3,377.79,completed,2026-07-26 21:35:00
106429,147,35,4,1584.84,completed,2026-07-20 23:32:00
106430,176,25,3,563.61,completed,2026-08-07 10:24:00
106431,187,10,1,319.42,completed,2026-07-09 10:28:00
106432,3,17,4,553.52,completed,2026-07-13 16:40:00
106433,1,36,3,869.25,completed,2026-07-15 03:04:00
106434,109,8,5,2343.9,completed,2026-07-11 18:22:00
106435,133,50,4,1390.36,completed,2026-07-18 22:02:00
106436,127,1,1,214.18,completed,2026-08-02 19:25:00
106437,120,18,4,124.0,completed,2026-07-17 08:56:00
106438,60,38,5,1323.3,completed,2026-08-10 14:03:00
106439,112,45,5,1762.15,completed,2026-08-10 03:57:00
106440,133,45,1,81.33,completed,2026-08-05 17:28:00
106441,103,48,2,18.06,pending,2026-07-25 07:06:00
106442,54,38,5,1426.2,cancelled,2026-07-23 13:28:00
106443,38,49,3,845.07,completed,2026-07-17 18:21:00
106444,180,20,1,13.98,pending,2026-07-27 00:52:00
106445,134,39,4,1899.52,completed,2026-08-07 20:11:00
106446,107,1,1,152.87,completed,2026-07-06 03:29:00
106447,29,31,2,976.5,completed,2026-07-12 09:31:00
106448,25,36,2,103.46,completed,2026-07-21 23:17:00
106449,12,31,2,920.64,completed,2026-08-03 02:55:00
106450,25,28,4,,completed,2026-07-15 09:55:00
106451,179,44,1,464.2,cancelled,2026-07-11 04:21:00
106452,10,32,4,1312.6,completed,2026-07-01 03:11:00
106453,81,21,4,1740.0,completed,2026-07-20 08:51:00
106454,128,29,3,1302.09,completed,2026-07-21 23:13:00
106455,95,24,5,1257.85,completed,2026-07-21 02:56:00
106456,89,24,5,1433.15,cancelled,2026-07-17 07:28:00
106457,56,28,4,1682.76,completed,2026-07-25 17:29:00
106458,169,21,2,123.94,cancelled,2026-08-10 19:36:00
106459,2,21,2,644.22,completed,2026-07-24 06:44:00
106460,177,34,3,1086.18,completed,2026-07-22 09:04:00
106461,142,44,5,1956.65,cancelled,2026-07-11 12:09:00
106462,169,30,1,448.91,completed,2026-08-07 03:33:00
106463,8,24,3,207.96,completed,2026-07-17 17:25:00
106464,86,2,5,1273.05,completed,2026-07-02 05:12:00
106465,9,37,3,444.9,completed,2026-07-24 08:47:00
106466,187,12,3,1319.07,completed,2026-07-20 12:59:00
106467,186,22,1,369.7,pending,2026-07-09 23:48:00
106468,77,11,2,876.86,completed,2026-07-16 21:28:00
106469,24,47,1,198.64,completed,2026-07-28 10:04:00
106470,155,44,3,559.35,cancelled,2026-07-11 00:30:00
106471,16,19,2,817.68,completed,2026-07-29 08:24:00
106472,187,40,2,58.64,cancelled,2026-07-02 16:02:00
106473,53,41,5,1401.9,cancelled,2026-07-21 01:24:00
106474,172,36,2,69.92,completed,2026-07-18 00:47:00
106475,10,25,1,463.46,pending,2026-08-10 17:13:00
106476,57,46,1,493.69,completed,2026-07-21 07:35:00
106477,129,42,3,262.32,completed,2026-07-14 14:48:00
106478,163,10,2,121.54,completed,2026-07-02 16:16:00
106479,171,49,4,1725.44,cancelled,2026-07-16 04:34:00
106480,159,50,3,166.05,completed,2026-07-30 09:02:00
106481,23,24,4,1827.84,completed,2026-07-16 21:20:00
106482,38,30,1,162.55,completed,2026-07-23 19:32:00
106483,6,30,4,998.48,pending,2026-07-31 16:56:00
106484,19,38,3,720.6,completed,2026-08-09 21:03:00
106485,143,33,3,584.64,completed,2026-07-21 11:53:00
106486,27,49,5,313.85,completed,2026-08-04 06:24:00
106487,59,25,1,440.47,completed,2026-07-11 11:59:00
106488,61,16,4,1737.2,cancelled,2026-07-31 03:00:00
106489,101,8,3,1128.0,completed,2026-07-26 08:27:00
106490,90,13,2,390.06,completed,2026-07-12 17:48:00
106491,136,50,5,978.9,completed,2026-08-05 20:29:00
106492,59,49,2,73.48,completed,2026-07-21 23:16:00
106493,125,4,3,16.89,completed,2026-07-24 15:44:00
106494,105,40,3,1137.24,completed,2026-07-01 06:49:00
106495,111,44,4,1712.12,completed,2026-08-10 20:30:00
106496,16,33,5,1701.25,cancelled,2026-07-19 05:45:00
106497,13,40,1,174.83,cancelled,2026-07-17 02:35:00
106498,201,16,3,224.67,completed,2026-07-05 18:08:00
106499,53,43,2,255.44,completed,2026-07-29 19:31:00
106500,122,47,3,280.62,cancelled,2026-08-01 14:02:00
106501,172,15,1,81.53,completed,2026-07-20 09:10:00
106502,159,28,1,328.85,completed,2026-07-30 08:59:00
106503,69,38,5,248.6,completed,2026-07-20 22:30:00
106504,21,16,4,485.92,completed,2026-07-13 18:12:00
106505,40,11,2,565.16,completed,2026-07-03 19:39:00
106506,14,8,2,954.1,completed,2026-08-07 23:46:00
106507,66,22,4,40.16,completed,2026-07-10 18:11:00
106508,55,24,4,515.52,completed,2026-08-04 12:31:00
106509,188,16,3,,completed,2026-07-03 20:11:00
106510,185,44,3,373.86,cancelled,2026-08-10 02:52:00
106511,58,24,4,950.72,completed,2026-07-18 12:41:00
106512,123,36,2,153.86,completed,2026-08-05 19:40:00
106513,92,7,5,,completed,2026-07-14 00:10:00
106514,140,22,1,426.8,cancelled,2026-07-04 08:54:00
106515,77,16,3,611.79,cancelled,2026-07-08 03:56:00
106516,181,13,3,1433.64,cancelled,2026-07-10 23:02:00
106517,33,15,5,1123.55,completed,2026-07-16 23:38:00
106518,210,9,5,162.5,completed,2026-07-25 08:56:00
106519,31,44,4,1137.2,completed,2026-08-10 12:08:00
106520,39,11,5,102.6,completed,2026-07-09 02:12:00
106521,133,45,5,438.75,cancelled,2026-08-08 22:57:00
106522,142,6,1,67.03,completed,2026-07-09 03:36:00
106523,65,12,2,671.26,completed,2026-07-05 17:18:00
106524,60,39,3,365.91,cancelled,2026-07-25 16:54:00
106525,186,27,2,453.9,completed,2026-07-20 16:05:00
106526,33,26,5,2407.2,completed,2026-07-05 06:55:00
106527,8,9,4,681.52,pending,2026-07-09 00:47:00
106528,85,36,4,804.72,completed,2026-08-01 10:04:00
106529,28,31,1,353.99,completed,2026-08-07 02:41:00
106530,189,21,3,398.37,cancelled,2026-07-19 06:08:00
106531,168,36,5,1364.25,completed,2026-07-14 14:19:00
106532,193,39,5,,completed,2026-07-03 19:51:00
106533,105,26,1,131.47,completed,2026-07-12 01:00:00
106534,33,45,4,401.04,completed,2026-07-23 13:22:00
106535,47,16,2,321.18,completed,2026-07-10 19:18:00
106536,68,20,4,720.84,cancelled,2026-08-06 02:22:00
106537,49,35,4,868.4,completed,2026-07-19 00:20:00
106538,67,30,2,197.06,completed,2026-08-08 21:46:00
106539,17,30,5,1745.65,completed,2026-07-18 14:26:00
106540,83,40,5,55.95,completed,2026-07-12 10:51:00
106541,1,3,1,157.83,completed,2026-08-10 19:34:00
106542,198,15,5,2232.65,completed,2026-07-12 23:04:00
106543,21,40,4,493.12,completed,2026-07-20 21:41:00
106544,200,19,3,,completed,2026-07-29 14:50:00
106545,126,2,4,269.24,completed,2026-07-22 10:14:00
106546,41,25,1,490.78,cancelled,2026-08-05 07:00:00
106547,80,27,3,489.9,completed,2026-07-21 15:50:00
106548,41,28,4,193.4,completed,2026-07-21 00:24:00
106549,100,33,3,271.89,completed,2026-07-26 02:05:00
106550,116,5,2,723.64,cancelled,2026-08-03 07:51:00
106551,120,9,5,1670.15,pending,2026-08-08 00:26:00
106552,75,36,2,737.94,completed,2026-07-09 16:20:00
106553,108,29,5,2150.4,completed,2026-08-05 04:32:00
106554,18,32,5,1445.3,completed,2026-08-07 05:03:00
106555,205,47,4,1366.08,completed,2026-07-02 07:45:00
106556,181,32,1,55.69,completed,2026-07-21 02:14:00
106557,67,21,4,1928.16,completed,2026-07-29 10:59:00
106558,35,30,4,662.04,completed,2026-07-13 14:28:00
106559,137,38,1,498.4,completed,2026-07-18 16:14:00
106560,91,24,2,,completed,2026-07-07 06:28:00
106561,177,29,4,,completed,2026-07-26 22:14:00
106562,183,19,2,772.74,completed,2026-07-03 16:37:00
106563,22,50,3,99.0,completed,2026-07-21 06:20:00
106564,124,50,3,337.44,completed,2026-07-12 16:21:00
106565,70,34,3,,completed,2026-07-07 09:49:00
106566,141,33,1,88.91,completed,2026-07-17 23:22:00
106567,118,38,4,56.36,cancelled,2026-07-09 05:10:00
106568,9,36,5,1443.8,completed,2026-07-19 07:35:00
106569,77,17,5,1101.8,completed,2026-08-07 08:50:00
106570,135,28,1,195.95,cancelled,2026-07-15 09:52:00
106571,201,45,3,184.68,completed,2026-08-04 20:34:00
106572,172,45,4,1380.92,cancelled,2026-07-24 15:49:00
106573,114,29,1,489.64,completed,2026-07-20 12:24:00
106574,140,6,4,204.56,pending,2026-07-07 22:36:00
106575,207,49,5,670.85,cancelled,2026-07-01 14:38:00
106576,42,29,4,666.36,completed,2026-07-25 00:32:00
106577,47,4,4,,cancelled,2026-08-08 15:40:00
106578,32,5,3,927.69,completed,2026-07-20 13:38:00
106579,123,22,5,149.4,completed,2026-07-04 18:58:00
106580,17,49,4,1892.68,completed,2026-07-23 14:50:00
106581,28,4,3,291.36,completed,2026-07-03 19:10:00
106582,52,31,4,1292.72,cancelled,2026-07-02 00:18:00
106583,203,10,3,1008.72,completed,2026-07-07 17:45:00
106584,100,8,3,893.76,completed,2026-07-04 20:39:00
106585,62,20,1,490.7,completed,2026-07-25 19:27:00
106586,54,24,3,657.15,completed,2026-07-14 06:59:00
106587,65,47,4,1283.48,completed,2026-07-28 14:33:00
106588,205,13,3,,completed,2026-08-09 16:28:00
106589,194,49,2,458.86,completed,2026-07-05 22:27:00
106590,55,27,2,773.36,completed,2026-08-03 07:11:00
106591,190,5,3,1498.41,completed,2026-07-20 09:05:00
106592,44,48,5,1931.2,completed,2026-07-31 23:42:00
106593,31,5,1,,cancelled,2026-07-31 15:05:00
106594,207,4,4,,cancelled,2026-08-01 15:57:00
106595,124,31,1,384.3,completed,2026-07-13 14:16:00
106596,116,13,5,36.05,completed,2026-07-10 14:25:00
106597,8,32,5,1984.95,completed,2026-08-08 20:37:00
106598,107,41,3,584.28,cancelled,2026-07-08 19:49:00
106599,187,38,4,751.2,completed,2026-07-14 00:14:00
106600,91,36,4,1399.24,completed,2026-07-07 01:05:00
106601,45,43,2,708.24,completed,2026-07-04 21:06:00
106602,56,20,1,,completed,2026-07-04 14:20:00
106603,29,19,1,133.79,pending,2026-07-18 01:15:00
106604,6,5,3,1421.94,completed,2026-08-06 13:02:00
106605,136,8,4,482.76,completed,2026-07-27 11:52:00
106606,177,50,2,342.46,cancelled,2026-08-10 18:18:00
106607,197,39,5,971.55,pending,2026-07-21 22:20:00
106608,54,1,5,2459.0,completed,2026-07-12 23:13:00
106609,175,15,3,1456.47,completed,2026-07-01 08:57:00
106610,104,40,4,189.8,completed,2026-07-12 23:38:00
106611,87,16,5,314.95,completed,2026-07-01 09:27:00
106612,76,10,4,1235.84,completed,2026-07-30 11:41:00
106613,165,6,1,237.53,completed,2026-07-20 14:25:00
106614,105,27,5,1701.3,cancelled,2026-08-10 21:56:00
106615,57,28,1,214.83,pending,2026-07-18 09:54:00
106616,209,21,1,449.18,completed,2026-07-15 11:08:00
106617,26,2,5,593.95,completed,2026-07-20 22:45:00
106618,207,38,2,703.54,cancelled,2026-08-07 13:30:00
106619,11,39,1,,completed,2026-07-01 16:11:00
106620,120,23,4,49.72,completed,2026-07-19 12:28:00
106621,18,23,4,1451.0,completed,2026-07-10 06:51:00
106622,185,19,3,601.59,completed,2026-07-23 18:20:00
106623,80,9,5,1569.7,completed,2026-07-04 17:18:00
106624,154,50,4,145.84,completed,2026-07-29 15:08:00
106625,107,46,1,344.85,completed,2026-07-05 11:19:00
106626,163,36,5,2103.0,completed,2026-07-31 08:40:00
106627,164,35,2,870.96,completed,2026-07-27 17:49:00
106628,207,12,4,547.32,pending,2026-07-01 10:04:00
106629,37,42,4,80.12,completed,2026-07-14 23:35:00
106630,193,42,2,637.04,completed,2026-07-14 06:51:00
106631,159,42,2,125.9,completed,2026-07-03 23:33:00
106632,13,20,5,1094.85,completed,2026-08-09 04:33:00
106633,18,46,1,380.83,completed,2026-07-28 00:22:00
106634,197,12,4,73.12,completed,2026-07-08 16:41:00
106635,125,3,1,73.11,completed,2026-07-28 12:26:00
106636,92,47,1,106.4,completed,2026-08-05 23:40:00
106637,126,6,5,2260.05,completed,2026-07-24 03:38:00
106638,183,18,3,147.03,completed,2026-07-31 07:43:00
106639,56,19,2,873.42,cancelled,2026-07-06 18:54:00
106640,75,32,2,332.64,completed,2026-07-16 02:36:00
106641,121,48,2,130.7,completed,2026-07-14 05:40:00
106642,78,44,1,13.52,cancelled,2026-08-01 04:06:00
106643,149,30,5,2437.95,completed,2026-07-04 19:22:00
106644,21,35,1,38.83,completed,2026-07-28 22:33:00
106645,12,19,4,290.52,completed,2026-07-30 23:21:00
106646,33,12,1,489.76,completed,2026-07-23 15:28:00
106647,164,42,4,676.2,completed,2026-08-10 12:54:00
106648,159,39,1,291.55,completed,2026-08-07 11:34:00
106649,193,4,1,126.66,completed,2026-07-09 17:25:00
106650,98,16,2,178.3,cancelled,2026-07-06 06:37:00
106651,9,44,5,1870.7,completed,2026-07-22 03:43:00
106652,184,49,5,458.5,completed,2026-08-06 02:32:00
106653,118,11,3,881.49,completed,2026-07-06 17:08:00
106654,14,3,5,843.3,completed,2026-07-28 16:44:00
106655,55,16,3,991.14,completed,2026-07-28 10:54:00
106656,111,25,5,2363.0,cancelled,2026-07-27 21:53:00
106657,26,34,2,989.82,completed,2026-08-03 15:33:00
106658,96,25,5,291.35,completed,2026-07-09 16:12:00
106659,165,10,3,1187.34,completed,2026-07-16 10:22:00
106660,184,16,3,1443.66,completed,2026-07-29 06:48:00
106661,16,26,2,530.0,pending,2026-07-14 16:39:00
106662,204,38,2,577.18,completed,2026-07-02 03:38:00
106663,155,31,3,1471.11,completed,2026-07-08 02:05:00
106664,11,44,3,863.85,cancelled,2026-07-18 07:28:00
106665,167,3,2,761.02,completed,2026-07-01 16:37:00
106666,88,21,3,1100.73,cancelled,2026-08-04 19:52:00
106667,22,48,3,664.47,completed,2026-07-06 05:54:00
106668,128,11,2,744.48,completed,2026-07-26 18:24:00
106669,202,47,5,1464.4,cancelled,2026-07-03 14:39:00
106670,201,19,3,1473.15,completed,2026-07-01 07:24:00
106671,193,6,4,594.4,completed,2026-07-01 03:14:00
106672,12,3,3,,cancelled,2026-07-08 21:44:00
106673,47,43,5,1608.75,completed,2026-07-20 19:02:00
106674,151,28,2,43.18,completed,2026-07-15 03:19:00
106675,59,44,4,,completed,2026-08-05 14:31:00
106676,82,35,3,1176.72,completed,2026-07-11 09:37:00
106677,2,30,2,347.28,pending,2026-07-25 07:06:00
106678,105,21,1,84.6,completed,2026-07-21 06:16:00
106679,53,45,5,1285.7,pending,2026-07-11 03:17:00
106680,66,27,3,501.51,completed,2026-07-24 10:34:00
106681,36,28,5,1998.15,completed,2026-07-23 06:08:00
106682,99,49,1,74.63,completed,2026-07-01 11:21:00
106683,180,50,2,,completed,2026-07-01 13:35:00
106684,26,14,3,200.94,completed,2026-07-07 03:45:00
106685,3,28,5,1320.65,completed,2026-08-03 12:20:00
106686,208,7,4,1411.4,completed,2026-07-15 21:33:00
106687,38,21,2,100.5,completed,2026-07-01 18:31:00
106688,21,16,5,629.85,completed,2026-07-23 14:55:00
106689,193,38,1,440.63,cancelled,2026-08-01 00:53:00
106690,179,39,3,493.47,completed,2026-08-10 17:52:00
106691,49,26,2,262.44,pending,2026-07-28 08:15:00
106692,43,28,1,457.6,completed,2026-07-20 03:30:00
106693,124,4,3,576.24,completed,2026-07-07 13:05:00
106694,187,32,4,24.12,completed,2026-07-06 17:52:00
106695,168,40,1,187.98,pending,2026-07-16 17:15:00
106696,173,37,5,2104.65,completed,2026-07-04 22:09:00
106697,24,5,4,1361.2,cancelled,2026-07-12 00:52:00
106698,95,46,4,579.2,completed,2026-07-12 18:37:00
106699,33,3,5,1185.6,completed,2026-07-06 20:09:00
106700,137,34,3,1403.31,completed,2026-07-30 08:08:00
106701,9,7,3,310.11,pending,2026-07-17 23:33:00
106702,58,9,4,556.56,cancelled,2026-08-06 16:00:00
106703,91,14,3,104.04,completed,2026-07-14 02:29:00
106704,32,40,5,147.35,completed,2026-07-07 23:08:00
106705,92,37,5,661.25,completed,2026-08-09 05:15:00
106706,204,37,5,1781.45,completed,2026-07-15 05:33:00
106707,49,46,3,796.89,completed,2026-07-20 22:06:00
106708,157,15,5,1018.5,completed,2026-08-01 20:23:00
106709,155,2,3,921.03,completed,2026-08-07 01:42:00
106710,17,8,3,981.03,cancelled,2026-07-08 21:53:00
106711,121,4,2,99.1,pending,2026-07-10 16:48:00
106712,20,1,5,1345.7,completed,2026-07-29 22:14:00
106713,14,16,2,776.08,completed,2026-07-30 14:19:00
106714,140,9,3,,completed,2026-08-09 11:54:00
106715,121,23,1,481.29,completed,2026-07-07 10:12:00
106716,115,24,2,790.5,pending,2026-07-31 02:46:00
106717,177,47,3,1096.74,pending,2026-07-27 07:34:00
106718,91,41,4,,completed,2026-08-05 10:20:00
106719,69,22,1,307.91,completed,2026-07-18 16:34:00
106720,179,43,5,1029.0,pending,2026-08-03 18:26:00
106721,160,11,5,2284.4,completed,2026-08-01 11:47:00
106722,32,29,5,1907.9,completed,2026-07-18 08:42:00
106723,182,28,3,1165.92,completed,2026-07-28 19:57:00
106724,8,12,5,2408.7,completed,2026-07-22 15:01:00
106725,89,31,3,1156.62,completed,2026-07-18 22:04:00
106726,2,29,3,499.59,completed,2026-07-05 18:18:00
106727,199,3,2,424.94,completed,2026-07-25 11:23:00
106728,43,42,2,804.74,completed,2026-08-05 06:50:00
106729,188,37,1,18.39,completed,2026-08-10 01:37:00
106730,66,39,3,1313.52,completed,2026-07-06 09:22:00
106731,150,8,1,200.7,cancelled,2026-07-28 03:16:00
106732,111,7,2,548.52,completed,2026-07-02 22:27:00
106733,117,42,5,1498.75,completed,2026-07-03 03:38:00
106734,40,35,5,1411.45,completed,2026-07-26 21:52:00
106735,207,50,1,221.96,cancelled,2026-08-06 16:28:00
106736,124,2,2,530.46,pending,2026-07-04 03:20:00
106737,64,15,2,409.44,cancelled,2026-07-14 01:43:00
106738,94,39,4,1759.0,cancelled,2026-07-06 18:37:00
106739,32,10,2,319.2,completed,2026-07-31 04:59:00
106740,187,42,4,1192.28,completed,2026-07-31 03:55:00
106741,95,35,3,332.73,completed,2026-07-28 19:28:00
106742,126,46,1,115.84,completed,2026-07-04 21:23:00
106743,123,32,1,21.25,completed,2026-07-17 00:36:00
106744,160,12,2,493.0,completed,2026-07-31 06:33:00
106745,204,43,3,892.95,completed,2026-08-07 07:13:00
106746,195,8,4,754.16,completed,2026-08-06 01:58:00
106747,174,21,3,615.03,cancelled,2026-07-02 23:25:00
106748,135,27,1,399.3,completed,2026-07-09 03:52:00
106749,12,43,2,365.04,completed,2026-08-06 00:10:00
106750,62,18,4,1965.92,completed,2026-07-10 13:34:00
106751,19,35,4,224.88,completed,2026-07-19 02:24:00
106752,10,2,3,346.74,pending,2026-07-26 22:34:00
106753,64,25,2,904.88,pending,2026-07-09 01:24:00
106754,158,46,2,760.6,pending,2026-07-31 17:18:00
106755,21,22,1,355.01,cancelled,2026-07-11 10:03:00
106756,17,50,5,1610.1,cancelled,2026-07-11 06:06:00
106757,140,23,1,260.85,completed,2026-08-05 19:50:00
106758,198,50,5,1511.55,completed,2026-07-18 12:11:00
106759,145,1,3,463.95,pending,2026-08-03 18:28:00
106760,184,25,1,348.45,completed,2026-08-08 12:01:00
106761,174,2,1,454.12,completed,2026-07-31 20:02:00
106762,120,6,5,62.0,completed,2026-07-18 16:53:00
106763,120,30,5,2157.35,completed,2026-07-21 19:32:00
106764,140,3,5,412.6,cancelled,2026-07-10 17:47:00
106765,156,12,2,567.66,completed,2026-08-08 10:14:00
106766,181,50,3,487.32,completed,2026-08-07 11:17:00
106767,21,7,3,557.58,completed,2026-08-09 03:38:00
106768,64,32,3,519.12,completed,2026-07-15 05:06:00
106769,205,27,5,259.0,completed,2026-07-06 19:05:00
106770,33,23,2,275.96,completed,2026-08-08 02:54:00
106771,49,33,3,655.74,completed,2026-08-04 03:46:00
106772,168,12,1,383.9,cancelled,2026-07-12 07:37:00
106773,151,26,1,76.88,completed,2026-07-11 08:06:00
106774,196,26,3,63.69,completed,2026-07-22 16:20:00
106775,113,5,3,842.37,cancelled,2026-07-13 11:57:00
106776,183,12,5,41.8,completed,2026-07-31 03:54:00
106777,48,30,2,497.24,completed,2026-07-06 22:31:00
106778,58,10,5,1186.35,cancelled,2026-07-21 07:00:00
106779,43,1,5,1778.7,completed,2026-07-15 17:36:00
106780,4,50,2,242.92,completed,2026-07-22 07:35:00
106781,58,48,5,1221.15,completed,2026-07-05 17:27:00
106782,95,7,5,1163.95,completed,2026-07-20 07:06:00
106783,42,40,4,1041.96,cancelled,2026-07-22 18:34:00
106784,206,20,5,1865.8,completed,2026-07-28 07:16:00
106785,127,43,5,577.3,completed,2026-07-08 14:27:00
106786,28,10,3,646.89,completed,2026-08-04 03:07:00
106787,100,34,4,1599.76,completed,2026-07-11 06:21:00
106788,79,31,3,21.9,completed,2026-07-30 16:22:00
106789,179,15,4,287.36,cancelled,2026-08-02 07:41:00
106790,204,43,4,1943.96,completed,2026-07-02 12:48:00
106791,101,20,4,282.36,completed,2026-07-03 00:33:00
106792,98,48,5,1852.6,completed,2026-08-06 12:12:00
106793,50,17,5,489.8,completed,2026-08-06 00:20:00
106794,134,42,4,1206.56,completed,2026-07-12 11:03:00
106795,145,43,2,468.5,completed,2026-07-21 13:17:00
106796,158,45,3,804.66,completed,2026-07-02 18:46:00
106797,112,32,2,98.34,completed,2026-07-05 12:09:00
106798,164,29,4,1089.88,completed,2026-07-03 02:14:00
106799,139,26,3,644.37,pending,2026-07-12 18:17:00
106800,95,32,5,536.3,cancelled,2026-08-05 11:10:00
106801,124,37,4,332.52,completed,2026-07-04 01:21:00
106802,26,28,3,919.59,completed,2026-07-16 00:26:00
106803,121,22,5,2309.05,completed,2026-07-15 07:25:00
106804,95,5,2,682.0,completed,2026-07-31 19:40:00
106805,94,27,4,621.84,completed,2026-07-12 04:14:00
106806,162,47,2,416.46,pending,2026-07-06 02:30:00
106807,121,14,2,640.38,completed,2026-08-06 21:07:00
106808,178,3,1,155.34,completed,2026-07-20 19:35:00
106809,149,5,1,462.12,completed,2026-07-03 14:56:00
106810,72,12,5,2039.25,completed,2026-07-23 10:34:00
106811,86,37,2,531.22,cancelled,2026-08-03 03:24:00
106812,172,3,4,1672.52,completed,2026-07-23 19:34:00
106813,181,46,1,446.3,completed,2026-08-03 13:50:00
106814,33,1,5,1333.75,completed,2026-08-03 13:48:00
106815,208,18,5,1699.45,pending,2026-08-05 17:35:00
106816,88,14,2,483.2,completed,2026-08-09 04:15:00
106817,69,12,4,1595.44,completed,2026-07-06 13:03:00
106818,148,50,2,845.84,completed,2026-07-08 21:40:00
106819,25,11,4,1933.64,completed,2026-08-04 11:42:00
106820,138,36,2,611.62,completed,2026-08-10 21:40:00
106821,148,36,2,315.78,completed,2026-08-07 03:13:00
106822,110,37,5,356.15,completed,2026-08-02 22:27:00
106823,51,16,4,73.0,pending,2026-07-02 13:59:00
106824,57,1,4,499.28,completed,2026-07-26 12:00:00
106825,114,28,5,1354.1,completed,2026-07-11 14:17:00
106826,167,35,4,1325.8,completed,2026-07-18 13:43:00
106827,2,8,4,502.04,completed,2026-08-05 17:09:00
106828,82,38,3,522.15,completed,2026-08-02 07:45:00
106829,86,18,5,1753.5,completed,2026-07-25 23:22:00
106830,114,32,5,1857.65,completed,2026-07-15 19:25:00
106831,177,31,5,977.65,completed,2026-07-04 06:36:00
106832,49,43,3,,completed,2026-07-07 22:03:00
106833,18,47,1,187.04,completed,2026-08-03 15:29:00
106834,207,39,3,,pending,2026-07-10 14:59:00
106835,185,7,5,1079.45,pending,2026-07-06 18:28:00
106836,60,22,5,401.05,completed,2026-07-19 19:39:00
106837,78,44,1,356.11,pending,2026-08-06 00:09:00
106838,113,44,3,1114.47,completed,2026-07-17 21:40:00
106839,150,31,3,85.23,completed,2026-08-03 01:06:00
106840,147,24,5,76.3,completed,2026-07-11 09:55:00
106841,184,27,4,532.92,completed,2026-07-15 00:30:00
106842,97,26,1,328.51,cancelled,2026-07-09 23:35:00
106843,207,3,4,1586.08,cancelled,2026-07-17 05:59:00
106844,45,25,3,475.95,cancelled,2026-08-05 18:10:00
106845,184,36,2,470.5,completed,2026-07-14 08:28:00
106846,86,38,4,271.96,completed,2026-07-11 22:08:00
106847,120,7,5,2152.05,completed,2026-07-22 02:04:00
106848,81,8,2,363.26,completed,2026-07-29 23:21:00
106849,77,38,5,1791.05,completed,2026-07-29 07:45:00
106850,131,44,3,494.46,completed,2026-07-30 00:16:00
106851,172,29,4,1486.84,completed,2026-07-06 03:10:00
106852,92,12,3,157.98,completed,2026-07-09 07:40:00
106853,199,26,2,835.72,completed,2026-07-23 23:27:00
106854,162,21,1,422.71,completed,2026-07-15 05:37:00
106855,203,29,2,781.66,completed,2026-08-07 03:03:00
106856,18,32,1,85.01,completed,2026-07-22 10:21:00
106857,35,1,2,547.56,completed,2026-07-11 01:36:00
106858,36,46,1,246.97,cancelled,2026-07-04 04:13:00
106859,146,23,4,155.8,completed,2026-07-24 15:00:00
106860,10,13,1,435.45,completed,2026-07-12 09:32:00
106861,31,26,4,807.56,completed,2026-07-16 17:20:00
106862,15,37,4,686.4,completed,2026-07-04 00:38:00
106863,92,5,2,199.88,cancelled,2026-07-31 14:03:00
106864,101,18,2,447.82,completed,2026-07-14 00:38:00
106865,51,10,3,423.96,cancelled,2026-07-01 10:33:00
106866,200,30,5,2432.0,completed,2026-07-23 12:31:00
106867,148,6,2,562.18,completed,2026-07-16 08:20:00
106868,194,6,3,1273.14,completed,2026-07-01 11:00:00
106869,95,7,5,1523.05,cancelled,2026-07-30 21:55:00
106870,2,12,5,744.9,completed,2026-07-17 18:22:00
106871,27,38,4,481.68,completed,2026-08-05 14:06:00
106872,164,11,5,1780.25,cancelled,2026-07-26 13:20:00
106873,112,50,2,420.68,completed,2026-08-05 06:02:00
106874,145,33,3,,completed,2026-07-09 06:06:00
106875,156,9,1,183.72,completed,2026-08-08 04:13:00
106876,26,15,1,,completed,2026-07-02 20:53:00
106877,24,42,2,244.68,completed,2026-07-31 20:49:00
106878,59,30,2,894.36,completed,2026-07-15 04:09:00
106879,153,4,5,140.55,cancelled,2026-07-27 21:03:00
106880,200,9,1,115.82,pending,2026-07-21 12:05:00
106881,124,41,1,133.87,cancelled,2026-08-02 23:51:00
106882,4,9,4,1224.48,completed,2026-07-22 04:06:00
106883,164,27,5,951.15,completed,2026-07-21 09:12:00
106884,114,32,1,468.98,cancelled,2026-07-15 05:03:00
106885,142,33,4,1540.48,completed,2026-07-12 16:06:00
106886,111,41,5,982.5,completed,2026-07-16 22:05:00
106887,202,47,2,680.2,completed,2026-07-16 18:43:00
106888,109,12,1,284.67,completed,2026-07-20 00:14:00
106889,79,3,1,15.98,completed,2026-07-22 22:56:00
106890,105,38,2,449.26,completed,2026-08-02 00:33:00
106891,6,7,3,542.46,completed,2026-07-12 06:40:00
106892,137,38,3,886.41,completed,2026-07-11 16:25:00
106893,98,22,1,89.73,completed,2026-08-03 13:14:00
106894,157,6,4,1273.32,completed,2026-08-03 14:50:00
106895,157,12,1,486.52,completed,2026-07-25 23:40:00
106896,14,39,2,215.72,completed,2026-07-29 02:38:00
106897,209,46,4,307.56,completed,2026-07-19 12:56:00
106898,5,25,1,456.69,completed,2026-07-13 07:16:00
106899,184,4,3,932.76,completed,2026-07-30 08:03:00
106900,67,7,2,845.58,completed,2026-07-13 22:00:00
106901,147,4,3,,completed,2026-07-20 19:17:00
106902,209,37,2,230.04,completed,2026-07-03 07:58:00
106903,118,40,4,1085.4,completed,2026-07-07 04:33:00
106904,102,9,4,1730.8,completed,2026-07-04 14:47:00
106905,194,1,2,940.32,completed,2026-07-11 18:33:00
106906,12,40,2,992.38,completed,2026-07-28 23:31:00
106907,99,40,5,1917.0,completed,2026-07-06 16:55:00
106908,70,11,1,24.37,completed,2026-07-03 10:45:00
106909,28,10,2,477.52,completed,2026-07-11 09:32:00
106910,7,18,5,432.05,pending,2026-07-04 11:47:00
106911,84,44,3,1066.92,cancelled,2026-07-07 03:26:00
106912,162,30,2,262.64,pending,2026-08-06 12:56:00
106913,55,31,1,429.33,cancelled,2026-07-07 14:25:00
106914,54,20,3,893.19,cancelled,2026-07-09 00:42:00
106915,155,18,1,122.71,completed,2026-07-03 11:34:00
106916,90,45,5,1489.2,completed,2026-08-01 19:16:00
106917,37,26,4,926.24,completed,2026-07-26 18:53:00
106918,10,28,1,399.18,completed,2026-07-07 16:16:00
106919,153,49,1,47.36,completed,2026-07-08 08:59:00
106920,163,39,5,2384.55,completed,2026-07-28 09:26:00
106921,5,35,3,177.33,cancelled,2026-07-13 05:24:00
106922,107,14,5,734.9,completed,2026-07-12 01:46:00
106923,161,3,4,1492.68,completed,2026-08-03 18:00:00
106924,161,30,3,1331.22,completed,2026-07-18 16:24:00
106925,30,7,1,458.06,cancelled,2026-07-30 20:52:00
106926,90,29,1,138.03,completed,2026-07-23 23:11:00
106927,16,28,5,1509.6,completed,2026-07-30 02:40:00
106928,156,49,1,485.23,completed,2026-07-01 22:57:00
106929,191,39,4,990.0,completed,2026-07-17 10:37:00
106930,25,29,3,696.66,pending,2026-07-07 14:19:00
106931,15,41,1,296.52,pending,2026-08-02 14:35:00
106932,185,1,1,5.45,completed,2026-07-09 17:29:00
106933,154,38,3,222.51,completed,2026-07-30 12:47:00
106934,16,36,4,1794.48,completed,2026-07-05 11:14:00
106935,37,24,4,800.36,completed,2026-08-03 09:22:00
106936,5,34,1,496.76,completed,2026-07-30 04:19:00
106937,155,3,5,1093.3,completed,2026-08-03 14:59:00
106938,96,35,2,486.4,completed,2026-07-18 14:41:00
106939,79,17,3,214.89,completed,2026-07-04 08:31:00
106940,93,49,3,1156.41,completed,2026-07-22 20:40:00
106941,161,5,1,274.43,completed,2026-07-01 18:33:00
106942,177,49,1,460.04,cancelled,2026-07-11 11:16:00
106943,134,14,4,840.6,completed,2026-08-08 21:28:00
106944,91,4,1,52.84,pending,2026-07-15 13:24:00
106945,209,43,4,1322.2,cancelled,2026-08-04 14:43:00
106946,188,4,1,142.83,cancelled,2026-07-31 00:00:00
106947,67,18,4,1242.88,completed,2026-07-24 20:21:00
106948,208,15,4,1584.8,completed,2026-07-14 05:20:00
106949,130,17,3,,cancelled,2026-07-25 18:57:00
106950,131,17,4,607.4,pending,2026-07-16 22:35:00
106951,68,12,4,1503.8,completed,2026-07-07 17:58:00
106952,87,41,3,284.91,completed,2026-07-02 21:14:00
106953,128,12,4,438.8,completed,2026-07-30 04:27:00
106954,26,2,2,411.56,completed,2026-07-07 21:36:00
106955,107,32,5,1064.15,completed,2026-07-01 17:47:00
106956,15,12,4,1097.04,pending,2026-07-18 14:09:00
106957,183,1,1,108.22,completed,2026-07-06 21:45:00
106958,78,33,3,197.7,completed,2026-07-03 03:07:00
106959,202,49,3,596.94,completed,2026-08-02 16:50:00
106960,64,6,2,436.48,completed,2026-07-30 08:32:00
106961,154,7,5,1386.85,completed,2026-07-26 02:47:00
106962,13,18,4,574.88,completed,2026-07-02 01:46:00
106963,74,39,4,1447.28,completed,2026-07-07 13:24:00
106964,73,41,2,101.38,completed,2026-08-01 05:07:00
106965,51,37,1,104.54,completed,2026-07-31 03:14:00
106966,173,5,3,77.49,completed,2026-07-15 02:26:00
106967,124,49,5,1397.75,completed,2026-08-04 10:10:00
106968,47,14,1,187.1,completed,2026-07-13 21:45:00
106969,142,29,1,63.95,pending,2026-07-10 22:33:00
106970,204,42,2,125.62,completed,2026-07-24 20:25:00
106971,5,4,1,492.61,pending,2026-07-16 05:43:00
106972,132,39,3,129.63,completed,2026-08-08 22:13:00
106973,139,37,5,1834.8,cancelled,2026-07-06 08:21:00
106974,94,38,4,931.44,completed,2026-08-02 12:29:00
106975,82,22,4,786.4,completed,2026-07-14 00:13:00
106976,12,4,2,487.76,completed,2026-08-04 14:49:00
106977,32,6,3,1227.72,completed,2026-07-29 14:44:00
106978,189,7,3,1364.22,completed,2026-07-02 03:07:00
106979,9,4,4,,completed,2026-07-27 21:05:00
106980,202,5,4,1451.96,completed,2026-07-01 22:54:00
106981,92,20,3,1158.09,pending,2026-08-05 19:23:00
106982,90,7,1,291.0,completed,2026-08-02 10:27:00
106983,208,47,3,1031.4,completed,2026-08-07 20:35:00
106984,50,40,1,269.62,completed,2026-08-05 17:49:00
106985,170,33,2,54.84,completed,2026-07-14 14:21:00
106986,41,23,5,205.5,completed,2026-08-04 01:33:00
106987,85,21,1,356.52,cancelled,2026-07-29 02:04:00
106988,136,28,4,1660.76,completed,2026-07-09 01:44:00
106989,45,19,3,961.77,completed,2026-07-11 23:17:00
106990,8,5,3,122.76,completed,2026-07-12 06:54:00
106991,76,17,1,412.77,completed,2026-07-08 18:02:00
106992,124,6,3,666.66,completed,2026-07-13 19:28:00
106993,76,48,4,459.12,completed,2026-08-10 04:42:00
106994,9,46,4,849.56,completed,2026-07-04 14:50:00
106995,110,11,4,,completed,2026-07-22 03:37:00
106996,101,13,5,2447.5,completed,2026-07-22 09:57:00
106997,111,42,1,430.02,cancelled,2026-07-10 11:10:00
106998,188,44,4,1102.56,completed,2026-07-16 23:24:00
106999,135,47,1,288.41,completed,2026-07-15 10:25:00
107000,168,32,2,497.6,completed,2026-07-09 19:22:00
107001,151,15,4,540.72,pending,2026-07-17 10:57:00
107002,78,12,2,,completed,2026-08-02 01:42:00
107003,85,18,3,1482.93,pending,2026-07-20 07:43:00
107004,140,47,3,984.21,completed,2026-07-05 02:32:00
107005,173,19,1,78.1,completed,2026-08-05 15:52:00
107006,99,50,5,383.0,pending,2026-07-03 21:55:00
107007,142,10,2,318.8,completed,2026-07-03 23:33:00
107008,181,43,3,1237.77,completed,2026-07-24 20:51:00
107009,110,49,3,1449.39,completed,2026-07-03 03:23:00
107010,152,22,1,250.06,completed,2026-07-09 11:43:00
107011,179,29,3,1219.83,completed,2026-07-16 05:05:00
107012,171,40,2,519.32,completed,2026-08-09 19:48:00
107013,194,43,5,1351.05,completed,2026-07-21 15:34:00
107014,126,11,3,813.06,pending,2026-07-26 08:06:00
107015,103,14,5,187.8,completed,2026-07-18 01:05:00
107016,125,22,4,1877.88,pending,2026-07-20 06:30:00
107017,89,33,1,489.86,completed,2026-08-02 13:21:00
107018,147,36,4,,cancelled,2026-07-29 00:32:00
107019,46,2,2,487.42,completed,2026-07-31 10:23:00
107020,77,43,1,379.12,cancelled,2026-07-11 09:15:00
107021,128,16,4,1403.76,completed,2026-07-29 00:39:00
107022,207,40,3,380.19,completed,2026-07-13 06:03:00
107023,80,34,1,368.5,completed,2026-08-01 12:30:00
107024,189,4,3,405.27,completed,2026-07-30 16:24:00
107025,159,48,1,383.79,cancelled,2026-07-20 09:06:00
107026,180,34,5,579.0,completed,2026-07-06 06:56:00
107027,179,41,1,321.99,completed,2026-08-06 21:52:00
107028,75,34,4,1401.6,completed,2026-08-06 01:12:00
107029,52,37,4,155.84,completed,2026-07-20 18:55:00
107030,178,21,3,540.42,completed,2026-07-12 07:42:00
107031,168,7,1,341.91,completed,2026-08-05 01:47:00
107032,190,2,5,1584.3,completed,2026-07-25 03:04:00
107033,51,43,3,335.7,completed,2026-07-14 11:09:00
107034,32,18,2,,completed,2026-07-14 05:42:00
107035,119,29,4,877.6,cancelled,2026-08-09 00:34:00
107036,102,27,3,1270.56,completed,2026-08-10 16:02:00
107037,59,2,3,1187.19,completed,2026-07-08 22:26:00
107038,99,3,2,150.16,completed,2026-07-22 04:46:00
107039,76,17,5,,cancelled,2026-07-27 04:56:00
107040,178,20,4,1816.2,completed,2026-07-20 23:54:00
107041,105,17,1,142.55,completed,2026-08-05 11:40:00
107042,177,19,2,364.5,completed,2026-07-23 20:56:00
107043,7,14,2,652.56,completed,2026-07-13 06:28:00
107044,175,9,5,1713.1,completed,2026-07-31 22:13:00
107045,19,26,2,541.36,completed,2026-07-10 23:23:00
107046,34,35,4,1162.32,completed,2026-07-11 05:44:00
107047,209,22,2,223.94,completed,2026-07-04 02:17:00
107048,29,39,1,433.28,completed,2026-07-24 19:31:00
107049,164,45,4,962.24,completed,2026-08-07 20:13:00
107050,28,32,5,1848.45,completed,2026-07-04 06:28:00
107051,120,50,2,483.98,completed,2026-07-30 06:47:00
107052,38,6,3,85.08,completed,2026-07-08 03:51:00
107053,60,11,1,269.21,completed,2026-07-29 09:40:00
107054,15,4,5,1939.85,completed,2026-08-04 06:24:00
107055,130,3,5,1442.55,completed,2026-07-11 23:00:00
107056,161,10,3,1410.36,completed,2026-07-22 08:40:00
107057,1,28,4,,completed,2026-07-13 10:16:00
107058,52,22,1,125.63,completed,2026-07-25 06:29:00
107059,76,39,4,,completed,2026-07-23 03:55:00
107060,65,35,1,176.59,completed,2026-07-23 06:52:00
107061,100,45,3,1030.08,completed,2026-07-28 17:25:00
107062,9,46,1,31.53,completed,2026-07-06 19:15:00
107063,67,15,1,28.24,completed,2026-08-01 19:41:00
107064,180,18,2,373.82,completed,2026-07-19 03:32:00
107065,20,46,4,990.08,completed,2026-07-06 10:03:00
107066,121,22,1,52.79,completed,2026-08-10 05:37:00
107067,37,18,5,614.35,completed,2026-07-02 20:29:00
107068,163,40,5,1076.25,completed,2026-07-10 19:19:00
107069,37,8,5,1164.0,cancelled,2026-07-22 05:16:00
107070,67,22,5,119.8,cancelled,2026-07-29 02:30:00
107071,103,44,2,202.12,completed,2026-08-03 19:26:00
107072,188,43,2,602.22,cancelled,2026-07-29 01:44:00
107073,122,45,1,101.28,completed,2026-08-04 00:59:00
107074,199,30,2,965.46,completed,2026-08-02 06:22:00
107075,10,31,5,1077.95,pending,2026-08-04 22:48:00
107076,160,39,2,741.0,completed,2026-07-07 17:00:00
107077,130,33,5,1639.65,completed,2026-07-15 02:32:00
107078,191,47,2,134.22,completed,2026-07-04 18:32:00
107079,194,13,3,452.01,completed,2026-07-07 13:48:00
107080,155,40,2,279.78,completed,2026-08-01 01:23:00
107081,76,20,2,468.48,pending,2026-07-21 20:33:00
107082,210,37,3,200.64,cancelled,2026-08-02 19:04:00
107083,179,8,1,394.37,completed,2026-07-07 22:07:00
107084,112,7,1,265.6,completed,2026-07-15 11:48:00
107085,156,48,5,671.3,completed,2026-08-04 15:05:00
107086,120,40,5,464.15,completed,2026-07-30 22:58:00
107087,42,13,1,183.92,completed,2026-07-13 09:03:00
107088,161,33,1,149.59,cancelled,2026-08-04 02:16:00
107089,104,18,3,1421.67,pending,2026-08-05 20:59:00
107090,129,23,2,622.72,completed,2026-07-26 11:03:00
107091,79,6,4,1200.2,completed,2026-07-22 06:38:00
107092,47,20,2,983.7,completed,2026-07-26 17:42:00
107093,195,25,3,358.62,cancelled,2026-07-09 11:57:00
107094,180,6,1,106.38,completed,2026-08-07 15:31:00
107095,66,26,2,784.68,pending,2026-07-31 16:57:00
107096,184,26,3,546.33,completed,2026-08-02 05:57:00
107097,162,39,5,2268.65,completed,2026-08-07 03:29:00
107098,6,13,3,819.39,completed,2026-07-30 13:56:00
107099,136,30,2,705.84,completed,2026-08-04 16:25:00
107100,106,21,4,1365.32,completed,2026-07-06 19:41:00
107101,144,20,3,1368.87,completed,2026-07-21 14:20:00
107102,87,47,1,392.06,completed,2026-07-28 02:04:00
107103,82,3,3,909.42,completed,2026-07-22 18:34:00
107104,176,34,5,1618.8,completed,2026-08-02 18:25:00
107105,45,13,2,839.62,completed,2026-07-12 13:51:00
107106,186,42,1,180.26,completed,2026-08-09 02:48:00
107107,76,11,2,82.44,pending,2026-07-22 19:03:00
107108,208,32,4,1639.72,completed,2026-07-29 23:15:00
107109,100,45,4,1071.12,completed,2026-07-10 03:41:00
107110,101,27,1,490.84,completed,2026-08-01 11:22:00
107111,68,23,1,395.82,completed,2026-08-06 09:49:00
107112,178,49,5,1946.95,completed,2026-07-24 08:27:00
107113,79,26,1,403.31,completed,2026-07-02 02:08:00
107114,1,13,3,1108.68,completed,2026-07-26 18:09:00
107115,70,8,5,1053.7,cancelled,2026-07-15 08:12:00
107116,73,5,5,1754.1,cancelled,2026-07-22 11:31:00
107117,151,47,5,1404.7,cancelled,2026-07-08 07:17:00
107118,84,21,3,810.93,completed,2026-07-13 04:42:00
107119,161,32,5,1450.9,completed,2026-07-14 21:33:00
107120,101,31,2,307.34,cancelled,2026-07-12 16:35:00
107121,125,23,4,1863.36,cancelled,2026-07-15 04:05:00
107122,184,8,5,548.3,completed,2026-07-08 13:03:00
107123,147,26,4,1236.96,completed,2026-08-01 20:33:00
107124,62,38,2,218.02,completed,2026-08-04 16:11:00
107125,134,44,3,45.81,completed,2026-07-10 12:38:00
107126,79,10,1,145.85,cancelled,2026-08-06 17:51:00
107127,76,28,3,1094.16,completed,2026-07-25 21:43:00
107128,119,16,4,110.48,completed,2026-07-14 23:14:00
107129,106,1,2,220.24,completed,2026-07-18 09:35:00
107130,48,14,3,308.82,cancelled,2026-07-17 14:52:00
107131,84,21,2,680.3,completed,2026-07-24 04:05:00
107132,119,8,1,462.24,completed,2026-08-03 22:14:00
107133,93,25,4,838.84,cancelled,2026-07-18 00:41:00
107134,139,12,4,81.12,completed,2026-08-04 19:10:00
107135,181,30,2,302.64,completed,2026-07-09 12:49:00
107136,136,40,5,1819.85,completed,2026-07-30 00:48:00
107137,104,49,2,998.84,completed,2026-07-25 21:59:00
107138,171,9,2,224.64,completed,2026-07-04 15:48:00
107139,103,1,1,289.1,completed,2026-07-25 18:07:00
107140,89,39,5,125.3,completed,2026-07-29 04:48:00
107141,43,31,4,1751.2,pending,2026-07-17 19:48:00
107142,78,32,2,78.76,cancelled,2026-07-22 04:23:00
107143,30,41,4,1293.2,cancelled,2026-07-30 00:48:00
107144,164,17,4,1339.48,completed,2026-07-29 06:17:00
107145,145,16,2,154.94,completed,2026-08-10 11:34:00
107146,80,34,2,544.06,completed,2026-07-06 17:16:00
107147,187,37,3,1013.01,completed,2026-08-01 18:24:00
107148,64,48,1,384.83,completed,2026-07-11 01:34:00
107149,110,37,3,151.71,completed,2026-08-09 08:12:00
107150,24,10,3,74.49,completed,2026-07-14 07:53:00
107151,124,45,3,1377.72,completed,2026-07-08 23:57:00
107152,143,26,4,232.6,completed,2026-07-14 00:25:00
107153,28,34,5,1245.15,completed,2026-07-15 18:34:00
107154,183,3,4,311.24,completed,2026-08-04 06:02:00
107155,105,26,5,868.65,cancelled,2026-07-02 12:33:00
107156,70,1,5,1248.9,completed,2026-08-01 08:59:00
107157,206,26,1,427.32,completed,2026-07-23 01:41:00
107158,38,42,3,1294.56,completed,2026-07-28 16:03:00
107159,27,42,2,347.52,cancelled,2026-08-04 19:58:00
107160,96,7,3,,completed,2026-07-31 15:35:00
107161,25,21,5,1052.75,completed,2026-08-07 20:20:00
107162,16,12,5,588.7,completed,2026-07-08 06:55:00
107163,4,9,3,843.51,completed,2026-07-06 14:32:00
107164,84,26,4,1197.2,pending,2026-07-03 00:44:00
107165,196,8,2,712.64,completed,2026-08-02 07:39:00
107166,35,13,5,1996.6,completed,2026-07-10 23:26:00
107167,6,49,1,309.15,cancelled,2026-07-28 03:00:00
107168,30,4,4,659.08,completed,2026-07-26 01:04:00
107169,210,39,1,366.74,completed,2026-07-05 10:39:00
107170,27,46,1,393.78,cancelled,2026-08-09 15:20:00
107171,25,4,5,1993.75,pending,2026-07-13 04:14:00
107172,2,6,5,1557.0,completed,2026-07-10 14:16:00
107173,201,46,2,641.08,completed,2026-07-20 11:14:00
107174,190,40,4,1802.48,pending,2026-07-08 13:54:00
107175,33,1,3,834.93,completed,2026-08-02 14:54:00
107176,45,2,1,244.55,completed,2026-08-05 14:46:00
107177,146,2,5,1871.75,completed,2026-07-24 23:50:00
107178,141,28,5,2082.7,completed,2026-07-02 21:13:00
107179,46,7,2,519.74,completed,2026-07-13 20:57:00
107180,15,49,1,213.8,pending,2026-07-25 11:43:00
107181,1,16,2,768.82,pending,2026-07-12 22:05:00
107182,173,25,5,2307.5,cancelled,2026-08-02 14:12:00
107183,46,40,2,,completed,2026-07-24 11:46:00
107184,37,7,5,811.8,completed,2026-07-24 01:29:00
107185,96,3,1,98.24,completed,2026-08-06 17:27:00
107186,81,2,5,883.5,completed,2026-07-06 22:03:00
107187,135,45,2,442.6,completed,2026-07-17 11:06:00
107188,187,27,5,171.8,completed,2026-07-17 18:12:00
107189,67,6,3,,completed,2026-07-21 22:04:00
107190,65,32,3,958.92,completed,2026-07-12 13:39:00
107191,38,42,1,,completed,2026-08-08 19:34:00
107192,12,26,2,122.46,pending,2026-07-26 04:51:00
107193,184,5,2,847.98,completed,2026-08-09 04:22:00
107194,104,41,3,808.53,completed,2026-07-09 22:11:00
107195,142,46,5,432.85,completed,2026-07-11 03:40:00
107196,49,42,4,1294.64,cancelled,2026-07-16 18:29:00
107197,2,41,4,1936.72,completed,2026-07-03 14:25:00
107198,120,35,2,972.54,completed,2026-07-06 04:26:00
107199,141,49,1,459.24,completed,2026-07-27 17:23:00
107200,132,4,3,,pending,2026-07-04 03:21:00
107201,149,50,1,,completed,2026-08-06 21:30:00
107202,203,12,1,169.35,completed,2026-08-05 00:29:00
107203,133,29,4,1678.72,completed,2026-08-07 18:34:00
107204,173,44,1,75.15,completed,2026-07-20 08:13:00
107205,143,2,1,339.94,completed,2026-07-23 11:55:00
107206,97,33,4,949.6,completed,2026-08-04 13:59:00
107207,1,7,4,1545.8,completed,2026-08-07 01:04:00
107208,16,50,1,370.2,completed,2026-07-23 01:23:00
107209,74,33,5,570.65,completed,2026-07-24 23:09:00
107210,113,46,1,66.78,completed,2026-08-07 11:32:00
107211,108,22,4,802.68,completed,2026-07-29 21:23:00
107212,68,37,4,1273.6,completed,2026-08-06 06:28:00
107213,85,9,1,25.16,completed,2026-08-06 14:56:00
107214,13,24,4,424.8,completed,2026-07-01 17:38:00
107215,119,10,2,824.94,completed,2026-07-13 02:05:00
107216,171,27,4,1893.28,completed,2026-07-11 17:34:00
107217,55,2,1,265.53,completed,2026-08-07 19:15:00
107218,185,37,1,,pending,2026-07-28 18:00:00
107219,184,42,2,541.1,completed,2026-07-11 08:13:00
107220,156,35,2,863.0,completed,2026-08-09 02:18:00
107221,9,33,2,98.7,completed,2026-08-09 07:51:00
107222,152,6,3,1485.87,completed,2026-08-06 01:08:00
107223,173,23,1,23.73,completed,2026-07-07 14:34:00
107224,177,10,2,790.8,completed,2026-08-03 21:47:00
107225,210,9,2,810.7,completed,2026-07-14 20:19:00
107226,21,36,3,298.44,completed,2026-07-03 05:16:00
107227,31,28,3,1419.87,completed,2026-07-18 12:48:00
107228,55,31,3,423.81,completed,2026-07-28 14:33:00
107229,29,26,1,422.12,cancelled,2026-08-04 17:15:00
107230,62,35,5,1268.2,completed,2026-08-05 17:54:00
107231,27,10,5,1302.8,completed,2026-07-12 21:20:00
107232,43,42,1,32.0,completed,2026-07-21 13:46:00
107233,136,12,2,612.28,completed,2026-07-14 03:49:00
107234,62,9,2,672.86,completed,2026-08-02 22:26:00
107235,172,20,3,503.4,completed,2026-08-08 11:34:00
107236,163,41,4,125.64,completed,2026-07-23 22:32:00
107237,169,12,5,1205.9,completed,2026-07-16 20:30:00
107238,172,10,3,871.35,completed,2026-07-19 02:03:00
107239,86,36,2,428.4,completed,2026-08-06 01:52:00
107240,76,45,5,998.9,completed,2026-07-20 09:50:00
107241,28,4,5,1914.85,pending,2026-07-14 11:13:00
107242,172,43,3,363.6,completed,2026-07-10 18:45:00
107243,5,31,4,592.72,completed,2026-07-07 01:01:00
107244,19,42,5,,completed,2026-07-01 11:11:00
107245,61,5,2,833.78,pending,2026-08-02 16:41:00
107246,83,22,1,385.03,completed,2026-07-11 18:51:00
107247,75,46,1,16.03,completed,2026-07-04 20:57:00
107248,186,16,3,545.52,pending,2026-07-01 16:38:00
107249,29,15,4,528.4,cancelled,2026-07-06 14:17:00
107250,11,15,4,1206.72,completed,2026-07-20 02:57:00
107251,164,35,4,167.84,cancelled,2026-08-08 02:07:00
107252,204,45,4,414.76,completed,2026-07-07 13:01:00
107253,57,14,4,1560.36,completed,2026-08-10 10:31:00
107254,79,4,5,1460.6,completed,2026-07-09 12:22:00
107255,52,16,2,904.4,pending,2026-07-01 03:47:00
107256,49,43,5,1360.0,completed,2026-08-01 23:41:00
107257,125,30,3,861.72,pending,2026-07-02 20:28:00
107258,151,14,5,799.6,pending,2026-08-08 17:17:00
107259,52,27,5,440.6,completed,2026-08-06 02:58:00
107260,136,50,4,587.88,completed,2026-07-30 10:34:00
107261,54,21,1,339.02,cancelled,2026-07-15 15:57:00
107262,76,21,3,254.22,completed,2026-07-13 21:46:00
107263,16,50,5,1995.45,completed,2026-07-18 04:03:00
107264,152,5,4,558.24,completed,2026-07-08 14:03:00
107265,88,21,5,1172.1,completed,2026-08-05 21:44:00
107266,133,16,5,1570.7,completed,2026-07-10 19:46:00
107267,175,43,5,1940.0,completed,2026-07-25 08:55:00
107268,76,20,3,847.95,completed,2026-08-01 14:49:00
107269,19,47,4,124.64,completed,2026-07-10 08:39:00
107270,124,18,3,1205.88,completed,2026-08-08 15:57:00
107271,85,48,4,1542.56,completed,2026-08-04 07:47:00
107272,119,34,1,492.96,completed,2026-07-06 08:57:00
107273,201,16,3,581.19,completed,2026-08-10 17:54:00
107274,30,49,3,306.39,completed,2026-07-16 23:18:00
107275,132,9,3,851.94,completed,2026-08-03 14:42:00
107276,130,31,1,405.47,completed,2026-07-03 14:13:00
107277,78,39,5,226.95,completed,2026-07-21 22:20:00
107278,68,24,2,252.98,pending,2026-07-02 23:37:00
107279,14,7,1,,completed,2026-07-24 04:16:00
107280,167,11,2,322.4,completed,2026-07-24 18:03:00
107281,199,5,2,264.68,cancelled,2026-07-12 17:48:00
107282,123,16,3,846.15,cancelled,2026-07-29 11:34:00
107283,62,36,5,359.1,cancelled,2026-07-17 12:30:00
107284,12,1,2,629.22,completed,2026-07-03 01:29:00
107285,176,39,5,1354.15,completed,2026-07-25 16:19:00
107286,138,40,2,,completed,2026-07-15 21:58:00
107287,197,4,5,1041.35,completed,2026-07-18 19:01:00
107288,193,36,1,244.83,cancelled,2026-07-21 23:55:00
107289,22,41,4,1964.88,completed,2026-07-06 15:33:00
107290,66,27,4,566.92,completed,2026-08-02 21:58:00
107291,191,26,3,1140.27,completed,2026-07-27 10:39:00
107292,53,45,4,1894.44,completed,2026-07-06 11:43:00
107293,176,41,1,383.36,completed,2026-07-13 05:44:00
107294,105,18,4,1303.04,completed,2026-08-10 14:29:00
107295,75,4,5,2351.7,completed,2026-07-02 04:25:00
107296,119,42,2,85.7,completed,2026-07-21 20:46:00
107297,191,24,3,137.07,completed,2026-08-04 00:24:00
107298,15,9,5,2192.0,completed,2026-07-29 22:42:00
107299,74,37,2,384.0,completed,2026-08-06 18:29:00
107300,63,36,1,84.58,completed,2026-07-07 06:01:00
107301,134,3,5,651.35,completed,2026-07-20 09:32:00
107302,64,41,5,1670.05,completed,2026-07-13 23:47:00
107303,93,4,5,2448.35,completed,2026-07-31 21:57:00
107304,150,47,1,339.44,completed,2026-07-27 16:05:00
107305,187,26,1,360.25,completed,2026-08-03 09:48:00
107306,169,20,5,885.8,completed,2026-07-11 01:16:00
107307,38,16,5,1541.55,cancelled,2026-07-06 04:11:00
107308,185,6,5,113.1,completed,2026-07-25 03:04:00
107309,156,28,3,916.89,completed,2026-07-28 01:01:00
107310,124,28,4,1134.28,completed,2026-07-08 16:41:00
107311,195,47,3,429.63,completed,2026-08-04 22:37:00
107312,162,22,1,246.53,completed,2026-07-13 03:36:00
107313,137,37,2,18.34,completed,2026-07-12 00:26:00
107314,140,36,3,661.26,completed,2026-08-07 20:19:00
107315,143,38,4,26.12,completed,2026-07-18 00:25:00
107316,42,41,3,,completed,2026-07-12 16:26:00
107317,146,18,2,681.2,completed,2026-08-03 12:03:00
107318,36,21,1,207.4,completed,2026-07-02 12:44:00
107319,155,38,4,1288.16,pending,2026-07-13 22:00:00
107320,47,6,5,963.6,completed,2026-07-07 23:04:00
107321,84,37,1,219.98,completed,2026-07-08 09:39:00
107322,4,46,4,727.92,pending,2026-07-08 00:32:00
107323,7,50,2,319.76,pending,2026-07-31 04:11:00
107324,7,50,5,888.9,completed,2026-07-20 16:15:00
107325,76,7,2,751.88,completed,2026-07-09 13:25:00
107326,155,37,2,85.7,pending,2026-08-03 17:23:00
107327,158,18,4,673.08,completed,2026-07-06 15:21:00
107328,163,9,3,1081.47,completed,2026-07-29 08:05:00
107329,173,30,5,1823.3,completed,2026-07-18 11:28:00
107330,159,30,5,65.1,completed,2026-07-09 22:47:00
107331,60,6,1,126.69,completed,2026-07-28 14:32:00
107332,153,8,5,1075.6,completed,2026-07-29 20:08:00
107333,73,16,3,639.45,completed,2026-08-02 05:54:00
107334,182,5,4,1540.28,completed,2026-08-04 21:00:00
107335,146,35,1,312.29,completed,2026-07-24 02:56:00
107336,46,16,1,,completed,2026-07-06 09:55:00
107337,195,5,4,348.84,pending,2026-08-03 07:42:00
107338,24,40,4,711.4,completed,2026-08-05 09:48:00
107339,2,40,4,479.08,completed,2026-08-01 05:06:00
107340,13,4,4,943.16,completed,2026-07-17 00:34:00
107341,85,17,5,2435.2,completed,2026-07-27 17:34:00
107342,85,50,2,545.54,completed,2026-07-15 05:15:00
107343,147,7,3,1291.47,pending,2026-07-24 12:18:00
107344,158,25,2,987.66,completed,2026-08-09 08:39:00
107345,3,17,5,540.35,completed,2026-07-18 16:15:00
107346,17,18,2,587.88,completed,2026-08-08 01:38:00
107347,165,46,2,496.78,completed,2026-07-22 16:51:00
107348,3,46,1,356.89,completed,2026-07-05 11:07:00
107349,75,3,4,1265.0,completed,2026-07-28 00:55:00
107350,206,24,4,539.2,completed,2026-08-06 20:36:00
107351,62,26,2,573.1,completed,2026-07-15 05:00:00
107352,54,30,4,731.76,cancelled,2026-07-18 14:57:00
107353,105,32,1,432.55,completed,2026-07-15 20:57:00
107354,26,30,4,296.64,completed,2026-08-04 07:49:00
107355,111,37,3,979.14,pending,2026-07-11 11:07:00
107356,127,44,1,145.47,completed,2026-07-30 12:45:00
107357,204,32,1,137.5,completed,2026-08-05 04:39:00
107358,164,11,5,1876.8,completed,2026-08-02 22:13:00
107359,26,28,1,208.94,completed,2026-07-01 07:15:00
107360,75,27,5,1346.45,completed,2026-07-10 00:25:00
107361,33,2,1,234.04,completed,2026-07-03 18:12:00
107362,45,37,3,601.77,completed,2026-07-17 05:36:00
107363,65,9,3,108.21,completed,2026-08-05 08:20:00
107364,72,49,2,935.7,completed,2026-07-23 02:37:00
107365,143,34,2,494.9,completed,2026-07-28 05:46:00
107366,21,11,2,32.18,completed,2026-07-21 20:46:00
107367,209,46,4,1683.76,cancelled,2026-07-29 07:07:00
107368,59,28,5,2230.05,pending,2026-07-01 12:42:00
107369,125,48,2,443.2,completed,2026-08-02 20:39:00
107370,146,29,3,1118.04,completed,2026-08-10 20:16:00
107371,209,47,5,331.9,completed,2026-07-11 18:21:00
107372,81,8,4,1726.4,completed,2026-07-18 14:23:00
107373,43,44,3,494.76,completed,2026-07-18 05:51:00
107374,63,39,5,651.75,completed,2026-08-03 21:57:00
107375,111,41,4,,completed,2026-07-01 03:18:00
107376,20,5,5,1804.05,completed,2026-08-09 22:02:00
107377,150,1,5,852.05,pending,2026-07-26 21:33:00
107378,110,48,1,435.38,pending,2026-07-16 16:26:00
107379,180,3,4,1196.92,pending,2026-07-14 19:59:00
107380,53,50,4,1119.6,completed,2026-07-01 06:58:00
107381,48,19,1,,completed,2026-07-23 04:22:00
107382,34,8,4,1220.8,pending,2026-07-07 20:26:00
107383,24,20,1,154.49,completed,2026-07-07 17:14:00
107384,175,46,3,1497.63,pending,2026-07-01 20:14:00
107385,94,48,3,788.07,completed,2026-07-11 17:31:00
107386,101,11,5,,pending,2026-07-12 06:55:00
107387,73,41,5,1958.5,completed,2026-07-19 05:34:00
107388,113,31,4,580.8,completed,2026-07-07 02:08:00
107389,89,31,5,1464.65,completed,2026-07-04 09:42:00
107390,7,37,1,456.69,completed,2026-07-12 15:50:00
107391,192,46,5,2478.6,completed,2026-07-26 06:45:00
107392,16,49,1,411.35,completed,2026-08-01 14:30:00
107393,90,26,3,1472.91,completed,2026-07-05 10:57:00
107394,9,39,2,855.1,completed,2026-07-12 21:44:00
107395,171,30,2,251.72,completed,2026-07-10 15:53:00
107396,167,5,5,231.4,completed,2026-07-23 05:28:00
107397,202,4,5,2422.4,completed,2026-07-21 11:39:00
107398,139,24,5,234.1,completed,2026-07-13 12:47:00
107399,167,42,5,,completed,2026-07-24 14:32:00
107400,46,11,2,,completed,2026-07-11 16:03:00
107401,11,42,4,1769.16,completed,2026-07-04 09:13:00
107402,36,35,3,746.25,completed,2026-07-01 22:34:00
107403,92,40,3,43.77,completed,2026-07-21 02:24:00
107404,182,38,3,698.85,completed,2026-07-08 01:33:00
107405,60,37,1,153.92,completed,2026-07-11 20:00:00
107406,73,37,4,572.12,completed,2026-07-14 13:01:00
107407,119,38,3,1207.26,pending,2026-08-04 13:42:00
107408,170,1,2,381.14,pending,2026-07-08 09:31:00
107409,40,29,4,829.96,completed,2026-07-15 06:35:00
107410,137,1,2,548.02,completed,2026-07-05 23:03:00
107411,50,21,1,250.26,completed,2026-07-10 23:19:00
107412,74,45,4,1948.84,completed,2026-07-02 00:57:00
107413,32,13,3,291.06,completed,2026-08-04 09:13:00
107414,124,19,4,201.72,completed,2026-07-08 09:14:00
107415,101,42,4,827.76,completed,2026-07-14 16:48:00
107416,182,18,3,435.15,completed,2026-07-13 08:09:00
107417,72,2,4,1067.2,completed,2026-07-13 10:53:00
107418,159,1,3,1219.8,completed,2026-07-30 20:46:00
107419,27,2,1,306.37,completed,2026-07-31 23:53:00
107420,193,39,4,1000.6,completed,2026-07-21 19:28:00
107421,76,7,4,,completed,2026-08-08 05:25:00
107422,142,32,5,1654.3,completed,2026-07-11 06:10:00
107423,204,10,4,1011.04,pending,2026-07-01 13:32:00
107424,194,23,1,93.9,completed,2026-08-04 03:28:00
107425,70,17,2,255.94,completed,2026-07-06 15:54:00
107426,131,21,1,330.34,completed,2026-07-12 02:25:00
107427,163,15,3,295.53,completed,2026-07-21 21:43:00
107428,59,12,2,577.16,completed,2026-08-01 01:11:00
107429,50,49,2,750.04,completed,2026-07-28 18:33:00
107430,63,43,1,409.02,pending,2026-08-09 17:05:00
107431,25,31,4,1572.16,completed,2026-07-07 09:49:00
107432,183,23,2,853.58,completed,2026-08-08 22:00:00
107433,134,9,3,865.86,completed,2026-08-08 02:03:00
107434,177,11,5,926.8,completed,2026-07-17 19:47:00
107435,26,37,2,776.06,completed,2026-08-04 06:05:00
107436,129,10,2,559.96,completed,2026-07-23 07:39:00
107437,18,1,2,531.28,completed,2026-07-26 06:59:00
107438,105,13,2,796.1,completed,2026-07-11 20:42:00
107439,202,39,1,318.72,completed,2026-07-17 00:56:00
107440,46,37,3,849.12,completed,2026-07-06 01:04:00
107441,155,40,2,19.08,completed,2026-08-07 09:06:00
107442,35,3,3,460.83,completed,2026-07-02 09:41:00
107443,26,24,1,393.35,cancelled,2026-07-27 10:14:00
107444,93,35,4,1092.24,pending,2026-07-06 02:28:00
107445,35,23,5,979.1,completed,2026-07-06 01:59:00
107446,156,45,1,256.12,completed,2026-07-24 12:01:00
107447,82,38,2,948.58,completed,2026-07-12 22:17:00
107448,15,18,3,810.99,cancelled,2026-07-04 11:15:00
107449,139,2,3,271.92,completed,2026-07-20 21:44:00
107450,115,24,2,52.7,completed,2026-07-25 05:30:00
107451,45,48,5,324.6,pending,2026-07-10 01:44:00
107452,122,20,4,227.2,completed,2026-07-25 10:28:00
107453,102,20,4,,completed,2026-07-06 14:27:00
107454,106,4,1,,cancelled,2026-07-08 08:19:00
107455,135,24,4,686.84,completed,2026-07-25 05:11:00
107456,164,45,1,118.33,completed,2026-08-09 01:33:00
107457,140,20,5,893.9,completed,2026-07-15 00:52:00
107458,144,41,4,1737.08,completed,2026-07-12 07:21:00
107459,8,36,2,874.74,completed,2026-08-07 00:25:00
107460,25,37,2,405.46,completed,2026-08-10 11:50:00
107461,161,17,5,100.65,completed,2026-07-25 23:51:00
107462,30,17,1,210.19,completed,2026-07-11 10:15:00
107463,106,48,5,832.6,completed,2026-07-03 06:13:00
107464,100,16,3,1179.63,completed,2026-07-16 22:35:00
107465,177,16,3,1412.22,cancelled,2026-07-04 15:28:00
107466,203,19,4,1622.32,completed,2026-07-09 21:47:00
107467,122,2,4,1836.92,completed,2026-07-18 06:50:00
107468,160,22,1,215.31,cancelled,2026-07-11 11:24:00
107469,168,14,5,570.4,completed,2026-07-07 16:12:00
107470,132,40,1,148.04,completed,2026-07-23 18:24:00
107471,157,46,4,511.28,completed,2026-07-09 01:43:00
107472,84,7,2,208.5,completed,2026-07-01 07:35:00
107473,112,23,2,918.92,completed,2026-07-29 18:37:00
107474,83,7,2,650.66,completed,2026-07-10 14:47:00
107475,208,35,1,298.87,completed,2026-07-27 20:09:00
107476,197,36,2,181.74,completed,2026-07-16 02:30:00
107477,40,29,5,1692.6,completed,2026-07-08 22:55:00
107478,141,9,5,1956.15,cancelled,2026-07-30 15:37:00
107479,125,32,2,858.84,completed,2026-07-08 13:56:00
107480,43,10,3,307.5,completed,2026-07-02 09:20:00
107481,79,43,5,2416.05,completed,2026-07-22 15:27:00
107482,130,7,1,52.86,completed,2026-07-28 05:34:00
107483,29,47,5,2184.1,completed,2026-07-21 00:23:00
107484,56,24,2,553.96,completed,2026-07-05 15:31:00
107485,138,33,1,219.68,completed,2026-08-04 08:01:00
107486,55,25,4,455.28,completed,2026-07-29 16:15:00
107487,94,12,3,1005.87,completed,2026-07-22 06:12:00
107488,210,26,5,2179.55,completed,2026-08-04 04:59:00
107489,153,41,1,367.84,completed,2026-07-28 06:33:00
107490,14,21,5,1706.75,completed,2026-08-07 14:14:00
107491,172,12,5,156.6,cancelled,2026-07-11 02:52:00
107492,27,21,5,1468.9,completed,2026-07-07 00:20:00
107493,138,34,5,1126.55,cancelled,2026-08-10 04:18:00
107494,135,7,2,765.22,cancelled,2026-07-31 10:29:00
107495,181,30,2,812.96,completed,2026-07-31 08:38:00
107496,57,22,3,94.59,completed,2026-07-15 20:05:00
107497,113,19,5,,completed,2026-07-29 02:41:00
107498,150,26,5,219.15,completed,2026-08-03 02:19:00
107499,13,39,5,,completed,2026-07-04 12:51:00
107500,15,6,4,880.36,completed,2026-07-08 15:59:00
107501,164,49,1,483.36,completed,2026-07-04 09:09:00
107502,61,38,5,874.35,cancelled,2026-07-24 03:07:00
107503,199,48,3,430.83,cancelled,2026-08-08 02:55:00
107504,181,33,3,896.61,completed,2026-07-02 02:46:00
107505,102,17,1,67.45,cancelled,2026-07-14 15:00:00
107506,146,50,5,114.95,completed,2026-08-03 23:02:00
107507,146,39,4,1141.0,completed,2026-07-18 02:32:00
107508,47,13,2,870.42,completed,2026-07-01 03:48:00
107509,67,15,4,1716.92,completed,2026-07-21 16:07:00
107510,70,18,4,1640.6,completed,2026-08-10 15:58:00
107511,170,11,3,302.67,completed,2026-08-03 13:12:00
107512,14,25,4,288.04,completed,2026-07-31 01:51:00
107513,201,26,4,1053.32,completed,2026-07-17 15:10:00
107514,41,13,3,1185.42,pending,2026-07-01 05:38:00
107515,84,33,2,868.7,completed,2026-07-07 06:05:00
107516,195,16,4,377.96,completed,2026-07-01 07:03:00
107517,204,25,4,332.16,completed,2026-07-05 00:02:00
107518,207,40,5,1387.4,completed,2026-08-02 00:06:00
107519,136,38,2,33.9,completed,2026-07-24 09:44:00
107520,58,7,4,588.24,completed,2026-07-19 18:12:00
107521,86,29,3,843.21,completed,2026-07-01 03:58:00
107522,122,45,2,133.9,completed,2026-08-05 21:25:00
107523,143,29,5,1965.65,completed,2026-08-06 16:34:00
107524,161,8,2,31.88,completed,2026-07-16 22:56:00
107525,179,10,1,447.38,completed,2026-07-12 19:03:00
107526,39,3,3,,completed,2026-07-04 12:00:00
107527,198,30,5,1765.8,completed,2026-08-04 03:37:00
107528,126,14,3,321.54,completed,2026-07-03 02:55:00
107529,152,37,4,491.76,completed,2026-07-11 05:12:00
107530,63,8,3,33.27,completed,2026-08-08 21:27:00
107531,208,30,1,275.1,cancelled,2026-08-06 14:17:00
107532,33,23,5,1339.3,pending,2026-07-30 13:06:00
107533,27,40,5,1150.8,completed,2026-07-09 12:04:00
107534,21,38,4,1480.4,completed,2026-07-05 11:15:00
107535,35,45,1,315.97,completed,2026-07-20 01:50:00
107536,54,33,1,269.8,completed,2026-08-09 14:36:00
107537,38,1,4,538.32,completed,2026-07-25 23:14:00
107538,44,33,5,646.25,completed,2026-07-30 06:06:00
107539,110,13,4,608.04,cancelled,2026-08-07 15:48:00
107540,64,19,4,1017.64,completed,2026-07-18 15:39:00
107541,183,27,5,,completed,2026-07-15 14:32:00
107542,144,18,5,1834.9,completed,2026-07-13 11:33:00
107543,62,26,2,447.68,completed,2026-07-02 11:57:00
107544,174,2,3,963.18,completed,2026-07-05 11:33:00
107545,12,36,5,2152.7,completed,2026-07-18 05:46:00
107546,90,31,2,430.58,cancelled,2026-07-16 03:34:00
107547,200,38,2,768.8,completed,2026-08-03 12:10:00
107548,109,14,5,926.75,completed,2026-08-07 05:30:00
107549,7,28,5,888.5,completed,2026-07-05 10:53:00
107550,70,43,2,68.58,completed,2026-07-22 18:11:00
107551,189,6,5,2082.4,completed,2026-07-16 02:13:00
107552,112,37,5,857.0,completed,2026-08-06 01:59:00
107553,16,14,1,367.52,completed,2026-07-19 09:01:00
107554,61,24,1,141.16,cancelled,2026-08-08 02:59:00
107555,17,28,2,350.74,cancelled,2026-07-02 12:49:00
107556,124,20,5,1613.7,cancelled,2026-08-06 07:57:00
107557,147,33,5,1866.85,completed,2026-08-05 00:39:00
107558,110,38,1,105.78,completed,2026-07-20 07:54:00
107559,172,35,2,822.38,completed,2026-07-10 12:49:00
107560,49,25,1,199.24,completed,2026-07-10 19:08:00
107561,106,11,3,1015.23,pending,2026-07-12 14:17:00
107562,25,11,4,962.56,completed,2026-07-02 17:54:00
107563,135,14,4,178.68,completed,2026-07-18 09:59:00
107564,186,38,1,180.83,completed,2026-08-02 17:09:00
107565,20,41,1,209.48,cancelled,2026-07-01 13:50:00
107566,105,39,1,261.38,completed,2026-07-22 00:55:00
107567,37,46,3,137.4,completed,2026-08-01 21:25:00
107568,147,25,1,136.83,pending,2026-07-16 08:41:00
107569,67,10,5,1012.9,completed,2026-07-29 10:29:00
107570,25,27,2,592.64,cancelled,2026-07-26 20:06:00
107571,144,3,5,589.4,completed,2026-07-13 05:47:00
107572,85,19,3,1241.13,pending,2026-07-23 05:05:00
107573,185,40,4,1803.12,completed,2026-07-11 12:10:00
107574,197,6,1,181.83,completed,2026-08-08 04:51:00
107575,154,42,5,2048.35,completed,2026-07-07 18:00:00
107576,99,21,4,450.16,pending,2026-07-24 19:26:00
107577,36,47,1,430.67,completed,2026-08-09 18:44:00
107578,144,25,2,354.74,cancelled,2026-07-02 06:44:00
107579,63,30,2,920.82,completed,2026-07-04 04:00:00
107580,71,44,4,1798.76,completed,2026-08-01 08:35:00
107581,33,17,5,1942.85,completed,2026-07-20 21:49:00
107582,73,5,5,1600.35,completed,2026-07-27 03:04:00
107583,200,12,5,126.75,completed,2026-07-14 17:53:00
107584,77,4,4,28.4,cancelled,2026-07-03 11:57:00
107585,135,27,5,140.6,pending,2026-07-09 12:26:00
107586,38,8,2,298.04,cancelled,2026-07-01 05:59:00
107587,3,26,1,213.82,cancelled,2026-08-04 10:55:00
107588,85,47,1,43.4,completed,2026-08-06 09:26:00
107589,204,37,2,426.98,completed,2026-07-10 10:45:00
107590,31,46,3,991.32,completed,2026-08-02 04:13:00
107591,21,26,5,726.85,completed,2026-07-04 19:20:00
107592,23,43,3,1148.43,pending,2026-07-03 02:01:00
107593,53,33,5,1730.55,completed,2026-08-05 22:29:00
107594,133,1,5,1886.75,completed,2026-08-03 07:02:00
107595,142,40,2,141.24,completed,2026-08-08 02:03:00
107596,34,24,2,516.68,cancelled,2026-07-29 08:05:00
107597,164,47,3,40.47,completed,2026-08-06 04:33:00
107598,175,35,1,84.01,completed,2026-08-05 21:03:00
107599,90,33,5,503.95,completed,2026-07-09 18:27:00
107600,81,35,3,719.97,completed,2026-07-20 02:02:00
107601,45,35,2,464.98,cancelled,2026-08-08 14:29:00
107602,7,45,4,126.92,completed,2026-07-24 02:45:00
107603,157,22,5,1701.6,completed,2026-07-20 20:09:00
107604,65,15,2,309.6,completed,2026-07-28 00:41:00
107605,32,30,1,58.88,completed,2026-08-04 11:58:00
107606,73,25,5,2478.25,completed,2026-07-18 06:56:00
107607,70,9,2,,completed,2026-07-02 23:24:00
107608,132,22,1,429.39,completed,2026-07-19 23:03:00
107609,56,11,4,688.32,completed,2026-07-26 12:07:00
107610,79,44,5,,cancelled,2026-07-29 20:08:00
107611,173,40,2,651.94,completed,2026-07-25 19:16:00
107612,11,16,1,380.03,pending,2026-07-27 01:36:00
107613,55,27,1,493.27,completed,2026-07-23 10:31:00
107614,165,20,2,473.66,cancelled,2026-07-19 22:51:00
107615,102,34,2,238.66,completed,2026-07-17 08:48:00
107616,200,38,3,632.49,cancelled,2026-07-10 19:43:00
107617,82,26,1,285.05,pending,2026-08-05 21:38:00
107618,84,35,1,192.15,completed,2026-07-03 20:52:00
107619,114,30,3,19.89,completed,2026-07-19 06:07:00
107620,197,15,4,1947.44,completed,2026-08-06 12:29:00
107621,124,2,3,1125.93,completed,2026-07-06 10:33:00
107622,192,33,5,1707.05,completed,2026-07-23 04:50:00
107623,1,26,3,1493.88,completed,2026-07-22 06:47:00
107624,176,42,2,508.22,cancelled,2026-07-27 21:56:00
107625,186,21,5,2089.7,completed,2026-07-28 09:16:00
107626,207,35,1,364.6,completed,2026-08-07 21:27:00
107627,200,19,3,1263.57,completed,2026-07-17 16:02:00
107628,1,19,4,1311.8,completed,2026-08-07 02:52:00
107629,140,29,3,1125.21,completed,2026-08-04 23:19:00
107630,22,4,4,1560.36,completed,2026-07-30 12:34:00
107631,143,32,4,172.68,pending,2026-08-02 16:11:00
107632,68,20,5,280.0,completed,2026-07-04 04:31:00
107633,134,14,5,1848.75,cancelled,2026-07-05 11:19:00
107634,112,29,3,1160.7,completed,2026-07-02 21:16:00
107635,82,7,4,1853.32,pending,2026-07-10 14:16:00
107636,60,30,4,573.8,completed,2026-08-04 20:45:00
107637,164,18,4,1310.76,pending,2026-08-02 01:22:00
107638,90,27,4,584.52,completed,2026-07-10 00:07:00
107639,124,24,5,971.4,completed,2026-07-04 11:23:00
107640,119,9,4,476.52,cancelled,2026-08-03 10:23:00
107641,82,14,4,1634.6,pending,2026-07-29 08:41:00
107642,27,44,3,1053.33,completed,2026-08-04 11:47:00
107643,144,42,4,1701.12,completed,2026-07-07 16:07:00
107644,99,44,1,26.6,pending,2026-07-01 14:21:00
107645,193,48,1,25.89,completed,2026-08-09 05:05:00
107646,78,16,5,386.4,completed,2026-08-10 12:09:00
107647,140,3,2,176.94,completed,2026-07-26 19:38:00
107648,97,29,2,600.94,completed,2026-08-06 07:34:00
107649,2,1,1,339.38,completed,2026-07-29 00:59:00
107650,70,29,5,95.3,completed,2026-07-05 07:12:00
107651,38,29,2,348.36,completed,2026-08-02 19:28:00
107652,52,45,3,773.43,completed,2026-07-01 09:50:00
107653,82,14,3,372.81,completed,2026-07-29 16:48:00
107654,201,47,3,1156.71,completed,2026-08-05 19:26:00
107655,79,32,2,,completed,2026-08-09 20:54:00
107656,10,41,1,419.68,completed,2026-07-24 22:21:00
107657,10,30,1,344.85,completed,2026-07-13 04:39:00
107658,24,45,5,2346.2,completed,2026-07-07 04:49:00
107659,95,50,4,441.04,cancelled,2026-07-31 01:32:00
107660,153,35,3,,completed,2026-07-05 03:55:00
107661,200,29,3,1421.7,completed,2026-07-18 15:20:00
107662,31,12,2,673.16,cancelled,2026-08-05 11:01:00
107663,6,6,3,1271.88,cancelled,2026-07-01 17:38:00
107664,22,15,2,362.58,completed,2026-07-17 12:35:00
107665,43,31,4,1362.4,completed,2026-07-23 01:22:00
107666,23,4,2,599.48,completed,2026-07-24 04:35:00
107667,210,21,5,2479.5,completed,2026-07-31 16:53:00
107668,27,19,2,836.36,completed,2026-07-25 18:20:00
107669,181,8,1,170.52,completed,2026-07-26 09:40:00
107670,206,44,2,370.64,pending,2026-08-10 16:00:00
107671,176,32,1,161.45,cancelled,2026-07-09 04:14:00
107672,64,35,5,2095.85,completed,2026-07-23 16:27:00
107673,165,24,1,489.45,cancelled,2026-07-15 03:15:00
107674,183,30,3,932.19,completed,2026-07-25 19:53:00
107675,58,46,3,1433.76,pending,2026-07-09 20:07:00
107676,134,44,2,665.48,completed,2026-07-07 20:26:00
107677,116,32,4,1214.12,cancelled,2026-07-08 04:19:00
107678,196,6,4,1402.48,completed,2026-07-15 23:15:00
107679,10,3,1,390.07,completed,2026-08-02 21:57:00
107680,125,33,1,149.3,completed,2026-07-21 05:00:00
107681,4,3,3,1137.06,completed,2026-07-16 21:50:00
107682,107,27,2,581.94,pending,2026-07-17 15:50:00
107683,186,4,3,1076.79,completed,2026-08-03 14:34:00
107684,71,16,3,502.35,completed,2026-07-29 05:38:00
107685,185,5,2,581.7,completed,2026-07-19 08:43:00
107686,18,18,2,60.48,completed,2026-07-14 12:20:00
107687,91,9,2,602.7,completed,2026-07-20 23:10:00
107688,50,40,3,545.28,completed,2026-08-01 02:40:00
107689,123,14,5,1670.8,pending,2026-08-07 01:46:00
107690,15,39,5,1966.75,pending,2026-07-10 05:29:00
107691,95,20,4,1519.92,completed,2026-07-30 15:06:00
107692,23,33,5,2082.25,completed,2026-07-08 18:00:00
107693,6,45,4,525.88,completed,2026-07-28 05:09:00
107694,89,44,3,744.36,completed,2026-08-08 22:33:00
107695,158,42,5,149.9,completed,2026-07-01 04:09:00
107696,38,14,4,,completed,2026-08-07 22:23:00
107697,168,14,2,204.94,completed,2026-07-04 02:26:00
107698,126,32,1,55.92,completed,2026-07-23 17:25:00
107699,118,43,3,974.16,completed,2026-07-07 02:36:00
107700,131,29,4,127.36,cancelled,2026-07-23 17:49:00
107701,96,27,5,1615.05,completed,2026-07-11 23:41:00
107702,88,38,3,1013.61,cancelled,2026-07-21 18:15:00
107703,95,42,4,1812.68,completed,2026-07-28 09:19:00
107704,92,29,5,219.6,completed,2026-07-01 12:08:00
107705,88,5,1,467.37,completed,2026-07-08 11:07:00
107706,146,23,1,301.58,cancelled,2026-08-01 11:23:00
107707,34,46,4,1324.52,completed,2026-07-01 12:21:00
107708,53,34,4,1180.84,completed,2026-07-23 08:07:00
107709,35,10,4,25.2,pending,2026-08-05 12:50:00
107710,70,6,3,436.89,completed,2026-07-03 16:56:00
107711,16,23,4,697.44,completed,2026-08-07 16:22:00
107712,58,16,5,30.3,completed,2026-07-20 18:31:00
107713,78,19,3,1240.44,completed,2026-08-04 14:53:00
107714,25,38,2,843.18,completed,2026-07-23 17:04:00
107715,160,23,4,717.96,cancelled,2026-07-07 00:42:00
107716,24,8,2,104.06,pending,2026-07-22 21:40:00
107717,112,32,5,1863.7,cancelled,2026-07-15 13:49:00
107718,137,26,2,898.84,completed,2026-08-07 09:17:00
107719,139,26,1,482.46,completed,2026-07-01 08:36:00
107720,123,33,2,968.68,cancelled,2026-07-22 11:34:00
107721,190,19,5,57.75,completed,2026-08-05 21:09:00
107722,156,32,1,92.75,completed,2026-07-15 15:04:00
107723,46,35,2,984.86,cancelled,2026-07-26 10:57:00
107724,88,27,2,302.64,completed,2026-07-25 03:09:00
107725,182,46,3,1368.72,cancelled,2026-07-18 09:17:00
107726,173,25,5,2228.45,completed,2026-07-15 07:28:00
107727,190,45,5,1118.75,pending,2026-07-29 00:57:00
107728,126,11,4,1173.52,cancelled,2026-07-29 21:06:00
107729,52,18,5,1183.15,completed,2026-07-14 15:03:00
107730,73,31,5,1466.1,completed,2026-07-18 17:36:00
107731,192,41,2,277.82,completed,2026-08-04 18:03:00
107732,142,17,1,358.34,completed,2026-07-02 01:15:00
107733,191,30,5,1045.7,completed,2026-07-08 00:43:00
107734,106,47,4,800.64,completed,2026-08-02 01:15:00
107735,105,26,3,1334.1,cancelled,2026-07-24 17:13:00
107736,113,37,5,837.3,completed,2026-07-18 02:34:00
107737,46,16,3,725.52,completed,2026-07-16 10:52:00
107738,60,11,4,197.76,completed,2026-07-01 14:54:00
107739,171,2,2,408.92,pending,2026-07-29 21:55:00
107740,96,46,4,429.24,completed,2026-07-26 16:39:00
107741,187,40,3,1308.0,completed,2026-07-26 13:39:00
107742,110,26,2,132.52,completed,2026-07-02 16:40:00
107743,100,11,5,2419.45,completed,2026-07-02 10:01:00
107744,114,31,4,1743.16,cancelled,2026-07-27 15:23:00
107745,141,34,1,,completed,2026-07-28 14:51:00
107746,120,49,1,296.8,completed,2026-07-28 17:23:00
107747,28,47,1,381.7,cancelled,2026-08-10 01:17:00
107748,206,8,2,651.66,completed,2026-07-23 07:08:00
107749,7,35,4,717.56,completed,2026-07-17 09:21:00
107750,146,11,1,384.86,completed,2026-07-09 03:06:00
107751,50,20,3,1379.91,completed,2026-07-24 12:10:00
107752,40,25,1,468.55,pending,2026-08-10 07:11:00
107753,166,6,5,1444.15,completed,2026-08-10 23:07:00
107754,143,13,5,2312.6,completed,2026-08-03 10:18:00
107755,203,45,4,185.2,cancelled,2026-07-11 22:49:00
107756,195,6,3,1238.1,completed,2026-08-05 17:49:00
107757,186,50,3,823.56,cancelled,2026-07-30 07:54:00
107758,146,24,5,2321.95,completed,2026-07-23 11:32:00
107759,150,7,5,183.0,completed,2026-07-12 10:28:00
107760,146,16,2,,completed,2026-07-09 09:18:00
107761,123,44,5,1358.0,completed,2026-07-11 05:54:00
107762,10,10,3,1204.68,cancelled,2026-07-01 15:41:00
107763,138,36,1,280.63,completed,2026-08-01 23:40:00
107764,99,1,3,651.12,completed,2026-07-12 22:47:00
107765,81,11,2,617.98,completed,2026-07-26 05:23:00
107766,113,26,4,996.76,cancelled,2026-07-21 17:15:00
107767,183,11,2,334.64,completed,2026-07-09 15:03:00
107768,196,31,1,499.11,completed,2026-07-28 18:53:00
107769,181,5,5,307.3,completed,2026-07-23 23:42:00
107770,172,7,5,1511.85,cancelled,2026-07-19 17:33:00
107771,36,41,1,357.5,cancelled,2026-07-19 10:40:00
107772,117,32,5,1429.0,completed,2026-07-08 17:04:00
107773,172,25,2,259.64,completed,2026-07-08 22:53:00
107774,5,25,2,720.66,completed,2026-07-04 15:58:00
107775,39,34,1,203.48,completed,2026-07-25 09:07:00
107776,183,27,1,147.56,completed,2026-07-25 19:56:00
107777,21,19,3,454.68,completed,2026-08-04 22:57:00
107778,66,5,1,319.76,completed,2026-07-10 14:59:00
107779,56,11,4,796.72,completed,2026-07-15 16:08:00
107780,32,10,3,376.2,completed,2026-07-02 16:06:00
107781,140,47,5,883.0,completed,2026-08-10 17:55:00
107782,80,46,1,97.36,cancelled,2026-07-18 16:55:00
107783,148,17,2,958.84,pending,2026-07-30 22:41:00
107784,108,33,5,1000.3,completed,2026-08-01 04:49:00
107785,3,27,5,872.3,completed,2026-07-22 06:50:00
107786,144,10,3,740.94,completed,2026-08-01 09:34:00
107787,82,7,1,271.04,cancelled,2026-07-06 19:59:00
107788,204,25,1,455.69,completed,2026-07-24 11:27:00
107789,18,5,1,311.02,completed,2026-07-12 06:25:00
107790,171,2,3,414.75,completed,2026-08-10 10:27:00
107791,30,33,4,338.36,completed,2026-07-11 18:01:00
107792,117,20,3,1031.7,cancelled,2026-07-10 08:01:00
107793,171,8,1,253.6,completed,2026-07-01 18:08:00
107794,91,45,2,633.92,completed,2026-08-06 18:31:00
107795,166,24,2,775.9,completed,2026-07-20 15:10:00
107796,198,17,2,323.3,completed,2026-07-30 18:28:00
107797,131,20,3,124.59,completed,2026-07-19 20:10:00
107798,6,18,5,427.15,pending,2026-08-08 02:54:00
107799,20,10,4,1299.88,pending,2026-07-23 06:26:00
107800,14,40,2,267.12,completed,2026-07-10 06:00:00
107801,22,23,1,342.47,completed,2026-08-04 12:59:00
107802,65,6,1,490.07,completed,2026-07-06 04:37:00
107803,165,22,5,902.95,completed,2026-08-10 13:01:00
107804,30,21,1,447.46,completed,2026-08-06 14:37:00
107805,201,6,5,753.4,completed,2026-08-09 15:25:00
107806,201,14,5,1875.3,completed,2026-07-03 05:51:00
107807,33,30,4,1353.36,completed,2026-08-05 06:26:00
107808,176,8,1,8.35,completed,2026-08-07 23:42:00
107809,164,3,3,156.15,cancelled,2026-08-03 01:16:00
107810,176,32,5,764.7,completed,2026-08-02 13:13:00
107811,77,17,3,,completed,2026-07-12 23:53:00
107812,8,24,5,1719.5,pending,2026-07-12 11:43:00
107813,160,22,1,219.74,completed,2026-08-01 15:47:00
107814,169,27,1,274.08,completed,2026-07-17 09:06:00
107815,144,4,4,607.36,cancelled,2026-07-26 10:49:00
107816,56,42,3,339.03,completed,2026-07-02 00:00:00
107817,137,38,2,896.48,completed,2026-08-04 05:41:00
107818,170,16,1,20.16,completed,2026-07-11 16:14:00
107819,21,5,2,261.28,completed,2026-08-01 06:05:00
107820,156,21,5,296.6,completed,2026-07-18 05:37:00
107821,38,25,4,720.2,completed,2026-07-05 11:31:00
107822,178,1,3,1232.82,completed,2026-08-08 05:42:00
107823,51,5,1,329.07,cancelled,2026-07-23 16:05:00
107824,43,36,2,525.96,cancelled,2026-08-08 21:59:00
107825,12,42,1,195.53,completed,2026-07-26 11:03:00
107826,67,40,4,836.12,completed,2026-07-30 00:53:00
107827,29,46,3,34.35,completed,2026-07-09 09:00:00
107828,11,30,4,1325.68,completed,2026-07-08 11:29:00
107829,134,26,5,2063.9,completed,2026-07-29 07:16:00
107830,53,27,5,582.55,completed,2026-07-02 11:06:00
107831,137,13,1,359.88,completed,2026-07-13 06:13:00
107832,76,21,4,61.72,completed,2026-07-16 12:27:00
107833,103,32,2,958.82,cancelled,2026-07-27 05:09:00
107834,202,12,4,1117.92,pending,2026-07-02 08:09:00
107835,205,3,2,635.84,completed,2026-07-26 18:36:00
107836,183,44,2,962.9,completed,2026-07-10 02:54:00
107837,101,5,5,1224.3,cancelled,2026-07-03 11:46:00
107838,115,6,4,1081.28,cancelled,2026-07-25 06:23:00
107839,171,16,3,986.91,completed,2026-07-24 11:40:00
107840,72,35,2,554.12,pending,2026-07-26 11:21:00
107841,198,15,5,1780.3,cancelled,2026-07-18 00:20:00
107842,178,3,1,378.42,completed,2026-07-15 09:53:00
107843,173,9,1,73.28,completed,2026-07-28 23:00:00
107844,38,35,2,469.12,completed,2026-08-09 12:00:00
107845,124,3,4,56.0,cancelled,2026-08-06 23:38:00
107846,94,18,1,281.32,cancelled,2026-07-21 08:17:00
107847,5,42,5,2121.65,cancelled,2026-07-11 09:01:00
107848,124,19,2,533.26,completed,2026-07-14 11:55:00
107849,35,26,2,762.3,completed,2026-08-01 15:16:00
107850,132,42,4,1814.08,cancelled,2026-07-07 00:37:00
107851,115,26,5,712.55,completed,2026-07-12 07:28:00
107852,169,41,2,829.5,completed,2026-07-27 02:38:00
107853,81,11,3,578.85,cancelled,2026-07-16 08:18:00
107854,138,36,2,715.78,completed,2026-07-18 17:24:00
107855,9,40,1,126.98,completed,2026-07-18 22:31:00
107856,175,19,4,898.84,pending,2026-08-10 18:41:00
107857,112,37,4,1780.64,completed,2026-08-02 06:20:00
107858,12,41,5,,completed,2026-07-11 15:07:00
107859,55,40,3,1077.27,completed,2026-07-17 18:16:00
107860,90,37,3,588.51,completed,2026-08-01 16:51:00
107861,163,16,5,2397.35,completed,2026-07-14 15:31:00
107862,164,34,2,431.5,pending,2026-07-24 18:47:00
107863,23,37,1,485.67,pending,2026-08-10 13:25:00
107864,9,40,5,1629.4,completed,2026-07-26 22:27:00
107865,118,11,4,615.2,cancelled,2026-07-10 07:11:00
107866,138,37,4,253.2,completed,2026-07-21 09:01:00
107867,40,34,1,429.63,completed,2026-07-20 18:47:00
107868,161,4,5,968.25,completed,2026-08-04 11:40:00
107869,68,2,2,725.92,completed,2026-08-04 08:11:00
107870,148,26,1,84.6,completed,2026-07-01 14:30:00
107871,91,23,3,1331.37,completed,2026-07-05 07:40:00
107872,26,5,1,464.72,completed,2026-07-09 00:59:00
107873,75,29,4,1280.12,completed,2026-07-16 20:39:00
107874,86,24,3,245.73,completed,2026-07-28 07:29:00
107875,32,25,1,153.61,completed,2026-08-01 02:17:00
107876,107,1,5,666.15,completed,2026-08-09 09:51:00
107877,127,14,2,517.54,completed,2026-07-02 04:08:00
107878,178,46,1,467.55,cancelled,2026-08-05 15:19:00
107879,148,17,2,992.06,pending,2026-07-14 03:40:00
107880,136,47,5,318.65,completed,2026-07-13 18:11:00
107881,44,48,5,1963.45,completed,2026-07-03 00:32:00
107882,38,12,5,1728.55,completed,2026-08-02 03:17:00
107883,83,48,4,1907.4,completed,2026-07-14 20:30:00
107884,116,25,5,792.1,completed,2026-08-04 09:24:00
107885,44,42,3,1294.98,completed,2026-07-24 17:26:00
107886,196,29,4,1086.76,completed,2026-07-10 18:21:00
107887,195,10,4,1097.12,completed,2026-08-02 22:56:00
107888,23,50,2,89.44,completed,2026-07-22 03:07:00
107889,182,32,3,687.69,completed,2026-07-19 10:26:00
107890,139,43,3,1323.75,cancelled,2026-08-02 15:58:00
107891,135,38,4,1382.04,completed,2026-07-11 16:57:00
107892,4,34,2,979.88,cancelled,2026-07-26 07:20:00
107893,70,47,5,1688.1,cancelled,2026-08-01 22:38:00
107894,94,6,1,476.84,completed,2026-07-18 23:32:00
107895,90,42,2,935.12,completed,2026-08-08 08:04:00
107896,155,30,3,720.99,completed,2026-07-20 23:08:00
107897,84,14,3,1196.43,completed,2026-07-07 22:38:00
107898,53,19,1,345.39,completed,2026-07-16 19:24:00
107899,206,17,4,455.28,completed,2026-07-04 03:49:00
107900,103,29,2,403.56,completed,2026-07-06 02:16:00
107901,6,37,1,285.55,completed,2026-08-02 11:25:00
107902,53,20,3,457.38,completed,2026-08-04 13:01:00
107903,22,46,4,1454.64,pending,2026-07-19 19:46:00
107904,182,9,5,1637.25,completed,2026-07-16 16:23:00
107905,121,31,4,92.12,completed,2026-07-29 13:46:00
107906,14,24,4,1086.28,completed,2026-07-14 09:52:00
107907,106,36,2,357.44,completed,2026-07-21 16:02:00
107908,42,3,5,220.15,cancelled,2026-07-16 12:04:00
107909,182,34,1,332.86,completed,2026-07-24 21:59:00
107910,63,4,4,1947.8,completed,2026-07-22 19:07:00
107911,200,38,5,324.75,completed,2026-07-27 09:13:00
107912,162,29,1,433.88,cancelled,2026-07-11 19:29:00
107913,62,5,2,615.02,completed,2026-07-08 07:02:00
107914,52,13,2,787.46,cancelled,2026-07-23 12:46:00
107915,181,50,5,,completed,2026-07-26 22:35:00
107916,197,12,1,236.52,cancelled,2026-07-17 19:02:00
107917,57,34,4,1823.04,completed,2026-07-30 18:35:00
107918,162,50,4,172.8,completed,2026-07-05 04:33:00
107919,182,32,4,718.24,completed,2026-07-14 23:13:00
107920,49,36,5,1593.5,completed,2026-07-10 03:51:00
107921,29,30,2,925.9,pending,2026-08-04 22:05:00
107922,121,33,5,1260.45,cancelled,2026-07-03 12:56:00
107923,62,29,5,1758.2,cancelled,2026-07-04 09:33:00
107924,179,43,1,352.28,completed,2026-07-13 17:31:00
107925,1,27,1,67.0,completed,2026-07-03 17:49:00
107926,206,28,2,358.98,pending,2026-07-20 15:19:00
107927,18,5,5,578.6,completed,2026-07-24 12:08:00
107928,183,1,1,195.16,completed,2026-07-15 15:52:00
107929,2,16,1,26.08,completed,2026-07-01 16:04:00
107930,96,14,2,774.38,completed,2026-07-09 22:56:00
107931,103,17,1,299.47,pending,2026-08-04 20:21:00
107932,169,1,3,1203.96,pending,2026-07-25 15:59:00
107933,111,50,3,819.6,completed,2026-07-11 03:12:00
107934,163,48,2,659.9,pending,2026-07-12 20:05:00
107935,60,27,5,,completed,2026-08-09 09:33:00
107936,62,12,1,108.32,cancelled,2026-08-03 09:56:00
107937,191,12,4,441.16,completed,2026-07-31 14:49:00
107938,198,32,4,929.32,completed,2026-07-24 17:10:00
107939,151,23,1,39.32,completed,2026-07-16 09:50:00
107940,82,47,2,597.0,completed,2026-07-06 22:36:00
107941,25,31,5,448.55,completed,2026-08-07 05:24:00
107942,75,12,1,165.78,completed,2026-07-27 07:55:00
107943,195,7,3,574.59,cancelled,2026-07-02 08:28:00
107944,21,33,1,424.8,cancelled,2026-07-29 07:53:00
107945,127,9,5,1446.75,completed,2026-07-19 00:41:00
107946,202,38,2,937.28,completed,2026-07-31 04:02:00
107947,71,1,1,352.27,completed,2026-07-31 05:00:00
107948,62,23,3,1460.61,cancelled,2026-07-26 21:50:00
107949,202,9,1,250.67,completed,2026-08-07 08:51:00
107950,126,37,3,673.74,pending,2026-07-18 15:09:00
107951,210,5,2,234.56,completed,2026-07-15 01:00:00
107952,192,46,1,206.48,pending,2026-08-03 22:35:00
107953,145,43,3,1333.74,completed,2026-07-17 17:00:00
107954,210,40,4,307.32,completed,2026-07-27 11:04:00
107955,8,30,3,374.01,completed,2026-07-09 04:33:00
107956,92,30,5,1577.8,completed,2026-07-07 12:12:00
107957,170,8,5,1061.2,completed,2026-07-21 04:13:00
107958,83,26,4,35.88,completed,2026-08-01 03:11:00
107959,146,18,4,596.52,completed,2026-07-18 02:55:00
107960,154,4,1,149.72,completed,2026-07-22 22:11:00
107961,42,1,1,171.56,completed,2026-08-03 04:34:00
107962,50,43,1,131.57,completed,2026-07-16 22:19:00
107963,66,39,4,1627.32,completed,2026-08-05 11:52:00
107964,68,4,1,379.37,cancelled,2026-08-07 20:27:00
107965,201,24,1,223.94,completed,2026-07-19 10:25:00
107966,93,42,1,171.47,cancelled,2026-07-22 13:42:00
107967,183,30,5,1764.6,completed,2026-07-25 08:39:00
107968,201,1,4,1951.44,completed,2026-07-27 10:03:00
107969,97,30,2,,cancelled,2026-07-13 07:37:00
107970,17,42,3,707.91,completed,2026-07-13 16:00:00
107971,143,25,4,1195.64,completed,2026-08-02 18:18:00
107972,130,4,4,1199.76,completed,2026-07-26 01:21:00
107973,85,4,4,1531.36,pending,2026-07-21 08:26:00
107974,125,45,5,1256.4,completed,2026-07-19 16:48:00
107975,21,23,1,,cancelled,2026-07-17 16:37:00
107976,119,1,5,55.25,completed,2026-08-10 07:32:00
107977,151,47,3,1012.59,completed,2026-07-07 03:32:00
107978,183,4,5,1003.8,completed,2026-08-02 17:33:00
107979,107,47,1,217.92,completed,2026-08-07 10:00:00
107980,85,36,4,1732.8,cancelled,2026-08-04 22:28:00
107981,24,10,1,129.27,completed,2026-08-06 21:26:00
107982,172,5,5,2310.4,completed,2026-07-24 07:00:00
107983,184,32,4,1379.2,completed,2026-07-17 20:56:00
107984,110,10,2,948.42,completed,2026-07-18 00:40:00
107985,87,39,4,1976.6,completed,2026-08-06 06:39:00
107986,171,5,3,305.25,completed,2026-07-18 10:34:00
107987,26,2,4,450.36,completed,2026-07-10 16:35:00
107988,45,14,2,453.04,completed,2026-07-23 04:34:00
107989,145,35,4,1618.32,completed,2026-07-27 10:21:00
107990,78,23,4,1665.08,completed,2026-07-04 04:14:00
107991,198,10,3,725.55,completed,2026-07-05 10:01:00
107992,210,27,2,736.84,completed,2026-08-08 19:44:00
107993,177,29,4,1125.44,completed,2026-07-04 04:11:00
107994,185,36,4,687.8,cancelled,2026-07-07 15:04:00
107995,97,26,4,202.12,completed,2026-08-04 03:56:00
107996,20,34,3,73.98,cancelled,2026-07-26 22:48:00
107997,87,1,4,460.88,pending,2026-07-06 03:47:00
107998,150,27,4,1146.8,completed,2026-07-01 15:34:00
107999,91,43,2,591.18,completed,2026-08-02 01:24:00
108000,82,14,2,345.84,completed,2026-07-06 22:09:00
108001,56,17,4,1085.32,completed,2026-07-31 06:21:00
108002,97,49,4,1389.64,completed,2026-07-22 12:36:00
108003,43,49,1,439.43,completed,2026-07-20 06:13:00
108004,202,19,5,523.1,completed,2026-07-16 22:31:00
108005,7,46,2,169.68,completed,2026-07-19 16:33:00
108006,121,24,1,218.49,completed,2026-07-25 22:40:00
108007,68,44,4,1077.88,completed,2026-07-26 15:37:00
108008,203,23,2,702.4,completed,2026-07-27 15:00:00
108009,41,30,4,574.84,completed,2026-07-02 10:16:00
108010,125,11,1,119.76,completed,2026-08-07 12:52:00
108011,13,42,5,129.3,completed,2026-07-02 00:54:00
108012,49,39,3,325.74,cancelled,2026-08-10 09:40:00
108013,133,44,1,113.47,completed,2026-07-30 09:02:00
108014,17,40,1,436.49,completed,2026-07-02 09:04:00
108015,64,13,1,64.57,completed,2026-07-26 22:46:00
108016,53,21,1,487.25,completed,2026-08-06 13:44:00
108017,41,22,4,1393.16,cancelled,2026-07-05 23:05:00
108018,127,40,4,1080.36,completed,2026-07-19 02:51:00
108019,33,30,1,235.16,completed,2026-08-07 22:29:00
108020,141,19,5,921.65,completed,2026-07-28 03:45:00
108021,5,50,1,340.98,pending,2026-07-13 23:20:00
108022,135,41,4,933.88,cancelled,2026-08-09 11:18:00
108023,26,41,3,163.8,cancelled,2026-07-13 19:48:00
108024,104,38,1,288.53,completed,2026-07-21 09:44:00
108025,163,4,1,264.72,completed,2026-07-26 09:09:00
108026,68,42,5,1910.8,completed,2026-07-25 12:54:00
108027,14,5,4,1152.0,completed,2026-07-25 05:03:00
108028,101,18,3,1186.89,cancelled,2026-07-02 16:11:00
108029,118,41,1,463.88,completed,2026-07-15 10:07:00
108030,197,10,2,372.04,completed,2026-08-02 05:32:00
108031,143,9,5,109.3,completed,2026-07-16 04:59:00
108032,16,24,5,603.65,completed,2026-07-10 19:35:00
108033,70,20,3,802.32,completed,2026-08-04 06:45:00
108034,11,50,4,1644.6,cancelled,2026-07-21 19:37:00
108035,179,40,4,1081.0,cancelled,2026-07-09 12:16:00
108036,40,15,1,41.08,completed,2026-08-06 00:27:00
108037,82,49,4,158.56,completed,2026-07-04 11:25:00
108038,37,24,5,121.3,cancelled,2026-08-05 07:21:00
108039,200,2,4,431.44,cancelled,2026-07-09 10:49:00
108040,40,27,1,244.96,completed,2026-08-10 15:52:00
108041,190,27,2,824.62,completed,2026-07-17 21:50:00
108042,96,36,2,194.56,completed,2026-08-06 23:20:00
108043,3,49,5,1877.45,completed,2026-07-10 18:54:00
108044,182,17,2,373.0,completed,2026-07-31 06:42:00
108045,208,33,5,1388.1,completed,2026-07-14 04:01:00
108046,39,44,4,207.92,completed,2026-07-14 17:59:00
108047,8,24,2,869.28,completed,2026-07-01 10:57:00
108048,91,49,1,408.25,completed,2026-08-02 10:16:00
108049,66,31,5,1007.25,completed,2026-07-23 16:22:00
108050,19,38,3,325.2,completed,2026-07-31 17:14:00
108051,27,23,2,429.5,completed,2026-08-08 21:42:00
108052,140,39,1,37.8,completed,2026-08-02 13:58:00
108053,33,36,3,1403.55,completed,2026-07-24 16:15:00
108054,161,27,4,1392.76,completed,2026-08-09 02:50:00
108055,45,27,1,83.26,completed,2026-08-02 01:58:00
108056,126,4,4,411.72,completed,2026-07-24 20:47:00
108057,116,41,1,274.01,completed,2026-07-11 15:48:00
108058,130,31,5,611.7,completed,2026-07-19 09:28:00
108059,23,24,2,574.04,completed,2026-07-21 09:50:00
108060,196,12,3,908.94,completed,2026-07-03 04:07:00
108061,133,29,5,479.6,pending,2026-07-23 19:05:00
108062,54,4,1,398.71,completed,2026-07-02 16:44:00
108063,162,30,3,1031.82,completed,2026-07-15 10:03:00
108064,102,27,2,42.66,completed,2026-08-07 17:12:00
108065,207,15,2,343.66,completed,2026-07-25 17:59:00
108066,151,12,5,968.35,completed,2026-07-13 02:51:00
108067,115,48,5,1827.95,completed,2026-08-10 18:44:00
108068,184,23,4,127.64,completed,2026-07-22 19:11:00
108069,80,45,5,162.05,completed,2026-07-24 14:43:00
108070,128,33,5,1879.55,completed,2026-07-04 23:56:00
108071,167,9,5,1115.2,completed,2026-07-25 18:38:00
108072,98,31,5,1154.4,completed,2026-07-02 21:46:00
108073,193,1,2,336.84,completed,2026-07-25 05:40:00
108074,163,11,1,204.79,cancelled,2026-08-08 01:47:00
108075,33,23,2,357.0,completed,2026-07-20 21:55:00
108076,73,18,2,829.64,pending,2026-07-10 11:38:00
108077,55,11,5,262.4,completed,2026-07-17 07:02:00
108078,18,6,4,175.72,cancelled,2026-08-05 00:31:00
108079,37,2,1,281.22,completed,2026-07-25 16:13:00
108080,210,26,2,184.98,completed,2026-07-12 14:06:00
108081,118,1,4,535.04,completed,2026-07-13 05:33:00
108082,67,1,4,284.04,completed,2026-08-03 14:10:00
108083,59,31,4,603.24,cancelled,2026-07-07 02:28:00
108084,194,46,3,715.32,completed,2026-07-20 22:30:00
108085,6,19,4,1568.44,completed,2026-07-07 04:30:00
108086,136,39,2,234.58,completed,2026-07-18 01:39:00
108087,141,46,4,,completed,2026-07-29 00:17:00
108088,41,5,1,424.08,completed,2026-08-07 05:00:00
108089,190,25,4,,completed,2026-07-26 12:21:00
108090,198,19,3,951.99,completed,2026-07-21 14:15:00
108091,92,6,3,843.21,completed,2026-08-07 05:38:00
108092,1,17,4,1508.8,completed,2026-07-15 04:01:00
108093,159,15,2,734.04,completed,2026-08-04 02:13:00
108094,182,11,5,2021.85,cancelled,2026-07-24 21:49:00
108095,93,38,3,639.33,completed,2026-07-15 13:05:00
108096,182,21,5,1340.25,cancelled,2026-07-17 10:14:00
108097,19,40,4,1409.2,cancelled,2026-07-12 08:41:00
108098,41,44,4,302.24,pending,2026-07-31 04:56:00
108099,174,15,1,433.64,completed,2026-07-29 12:34:00
108100,194,6,4,386.24,completed,2026-07-30 08:12:00
108101,175,5,5,552.0,completed,2026-08-10 07:18:00
108102,112,32,2,145.86,completed,2026-07-02 09:36:00
108103,187,21,5,660.5,pending,2026-07-10 23:26:00
108104,67,6,2,563.46,completed,2026-08-08 02:03:00
108105,16,29,4,1261.52,completed,2026-07-27 16:35:00
108106,18,49,3,1444.89,completed,2026-08-10 03:09:00
108107,124,12,1,213.96,completed,2026-07-19 05:01:00
108108,103,3,4,1161.6,completed,2026-07-19 22:55:00
108109,19,38,3,632.13,completed,2026-07-09 17:09:00
108110,138,19,2,157.22,pending,2026-08-07 09:44:00
108111,130,28,2,475.04,completed,2026-07-15 10:59:00
108112,70,9,2,715.36,pending,2026-07-20 13:04:00
108113,180,36,3,736.08,completed,2026-07-30 14:33:00
108114,195,30,2,435.26,completed,2026-08-09 07:52:00
108115,54,34,5,738.25,completed,2026-07-27 21:15:00
108116,33,9,4,855.12,completed,2026-07-23 13:51:00
108117,125,6,4,801.12,completed,2026-08-09 07:27:00
108118,149,23,4,607.4,completed,2026-07-21 14:26:00
108119,46,27,2,644.66,completed,2026-07-26 10:35:00
108120,59,41,2,28.14,completed,2026-08-06 17:23:00
108121,141,41,3,806.55,completed,2026-08-10 16:17:00
108122,97,49,3,1155.12,completed,2026-08-05 02:28:00
108123,164,34,4,1138.6,completed,2026-07-17 12:33:00
108124,79,44,1,111.19,completed,2026-07-12 14:08:00
108125,16,6,3,480.06,completed,2026-07-21 16:40:00
108126,85,49,1,346.69,completed,2026-07-20 06:22:00
108127,158,13,1,195.56,completed,2026-07-06 05:26:00
108128,99,15,1,164.29,completed,2026-08-07 22:56:00
108129,52,21,4,1681.68,completed,2026-07-18 15:55:00
108130,3,10,5,1468.2,completed,2026-08-09 13:11:00
108131,7,28,4,986.6,completed,2026-08-08 18:28:00
108132,99,45,5,1938.3,completed,2026-07-26 15:09:00
108133,184,39,3,1444.89,completed,2026-07-10 05:38:00
108134,204,31,1,17.88,completed,2026-07-24 09:49:00
108135,119,12,2,704.36,cancelled,2026-07-07 11:21:00
108136,134,20,3,76.2,completed,2026-08-02 09:29:00
108137,132,39,5,2230.8,completed,2026-07-31 15:39:00
108138,197,4,1,420.21,completed,2026-07-17 23:10:00
108139,128,22,4,980.12,completed,2026-07-18 01:04:00
108140,151,42,3,1213.47,completed,2026-07-02 00:46:00
108141,29,45,5,1016.5,completed,2026-07-13 11:33:00
108142,203,10,5,2342.6,pending,2026-08-05 20:03:00
108143,42,23,5,858.5,cancelled,2026-07-24 02:33:00
108144,28,44,5,483.9,completed,2026-08-04 12:40:00
108145,179,5,4,1298.24,completed,2026-07-14 09:55:00
108146,128,29,2,45.9,cancelled,2026-07-10 18:07:00
108147,186,4,4,630.4,completed,2026-07-12 07:43:00
108148,72,45,2,172.38,completed,2026-07-20 02:48:00
108149,197,1,1,166.78,completed,2026-07-11 20:36:00
108150,43,8,5,2262.4,completed,2026-08-01 03:00:00
108151,75,15,2,774.36,completed,2026-08-01 04:16:00
108152,63,27,4,1713.88,completed,2026-08-02 01:03:00
108153,13,43,5,726.8,completed,2026-08-08 13:06:00
108154,52,28,3,1393.92,completed,2026-07-23 20:28:00
108155,94,19,4,1947.44,pending,2026-08-03 21:10:00
108156,92,47,5,1592.85,pending,2026-07-31 16:16:00
108157,135,12,2,505.04,completed,2026-07-10 01:20:00
108158,127,48,4,1141.8,cancelled,2026-07-18 17:32:00
108159,209,38,3,656.64,completed,2026-07-03 08:14:00
108160,141,44,1,278.92,completed,2026-07-06 12:49:00
108161,79,29,4,1275.48,cancelled,2026-08-09 21:42:00
108162,176,39,1,175.6,completed,2026-07-28 06:02:00
108163,30,48,1,61.43,completed,2026-07-17 07:43:00
108164,175,22,5,369.95,cancelled,2026-07-04 17:51:00
108165,87,48,5,85.45,completed,2026-07-08 13:45:00
108166,131,1,5,328.7,completed,2026-07-12 01:51:00
108167,179,47,2,220.08,pending,2026-07-08 18:42:00
108168,200,39,3,828.57,completed,2026-07-24 17:45:00
108169,182,34,5,1543.85,completed,2026-07-27 03:40:00
108170,83,43,5,2023.9,completed,2026-07-30 14:45:00
108171,147,17,1,295.19,cancelled,2026-07-28 06:34:00
108172,38,8,4,812.48,completed,2026-07-08 03:48:00
108173,180,1,3,467.43,completed,2026-07-18 08:13:00
108174,57,19,5,1107.7,completed,2026-07-01 03:26:00
108175,15,18,3,317.31,completed,2026-07-05 11:11:00
108176,135,50,2,321.28,cancelled,2026-07-30 01:50:00
108177,85,36,1,407.51,completed,2026-07-09 07:45:00
108178,144,12,1,452.16,completed,2026-07-26 10:39:00
108179,192,3,1,262.6,completed,2026-07-26 00:52:00
108180,175,29,1,395.23,cancelled,2026-08-07 00:33:00
108181,108,8,4,1374.16,completed,2026-07-12 23:23:00
108182,142,2,5,1579.55,completed,2026-07-27 07:39:00
108183,46,23,5,1660.7,completed,2026-08-08 02:00:00
108184,72,9,2,308.0,completed,2026-07-23 13:37:00
108185,43,14,5,379.5,completed,2026-08-10 07:04:00
108186,115,12,1,294.1,completed,2026-07-05 09:19:00
108187,45,5,3,411.45,completed,2026-08-02 13:05:00
108188,148,28,2,287.48,completed,2026-07-07 08:31:00
108189,46,33,5,2191.95,completed,2026-07-23 18:44:00
108190,201,41,2,930.5,cancelled,2026-07-07 12:10:00
108191,58,48,1,290.83,completed,2026-08-03 07:33:00
108192,184,44,1,293.8,cancelled,2026-08-07 21:08:00
108193,134,49,5,1001.6,pending,2026-07-04 10:33:00
108194,80,9,3,254.22,completed,2026-07-10 22:44:00
108195,104,10,2,359.16,completed,2026-07-31 14:57:00
108196,2,9,1,441.96,completed,2026-07-30 04:09:00
108197,13,39,3,783.51,completed,2026-07-12 05:50:00
108198,109,25,4,1558.8,completed,2026-08-05 02:58:00
108199,93,14,3,1142.19,completed,2026-07-12 14:20:00
108200,123,41,4,1531.4,cancelled,2026-07-19 18:49:00
108201,90,32,4,1504.0,completed,2026-07-15 22:21:00
108202,95,24,2,696.3,completed,2026-07-28 23:43:00
108203,192,26,2,36.7,cancelled,2026-07-27 16:36:00
108204,132,2,1,103.32,completed,2026-07-23 13:16:00
108205,202,50,1,112.43,completed,2026-08-03 00:55:00
108206,120,42,1,208.69,completed,2026-07-03 18:34:00
108207,193,22,3,516.57,completed,2026-07-23 21:29:00
108208,204,39,3,1302.78,completed,2026-07-04 22:33:00
108209,46,47,2,40.36,completed,2026-07-27 00:37:00
108210,98,28,4,1738.16,completed,2026-08-01 19:33:00
108211,114,34,2,247.22,completed,2026-07-28 14:16:00
108212,150,49,5,712.65,completed,2026-07-12 18:34:00
108213,47,22,4,395.32,cancelled,2026-07-13 01:26:00
108214,77,39,2,167.42,completed,2026-07-29 12:12:00
108215,177,25,1,7.41,completed,2026-07-19 08:35:00
108216,30,25,2,41.92,completed,2026-07-15 11:31:00
108217,94,1,2,221.78,pending,2026-08-03 19:33:00
108218,196,35,3,557.82,pending,2026-07-14 19:15:00
108219,208,49,4,1528.76,cancelled,2026-07-15 06:40:00
108220,103,7,2,632.74,cancelled,2026-07-15 22:47:00
108221,101,38,2,834.04,completed,2026-08-01 06:53:00
108222,131,10,3,798.6,completed,2026-07-06 11:27:00
108223,28,11,1,178.54,completed,2026-07-06 14:56:00
108224,84,16,5,216.25,completed,2026-07-29 05:37:00
108225,198,30,4,909.84,completed,2026-08-05 16:02:00
108226,155,50,2,811.4,pending,2026-07-15 03:59:00
108227,54,36,3,744.6,completed,2026-07-27 13:19:00
108228,54,48,3,246.21,completed,2026-07-21 11:56:00
108229,14,8,2,161.78,completed,2026-08-01 12:05:00
108230,34,42,5,2355.9,completed,2026-07-14 01:23:00
108231,170,16,2,47.12,completed,2026-08-05 23:41:00
108232,114,8,5,754.6,pending,2026-08-10 14:54:00
108233,154,9,3,353.34,completed,2026-07-01 18:27:00
108234,48,16,5,837.5,pending,2026-08-08 00:07:00
108235,130,49,1,369.77,completed,2026-07-12 05:36:00
108236,142,36,4,507.92,completed,2026-07-24 11:44:00
108237,178,25,1,158.52,completed,2026-07-02 13:42:00
108238,9,8,3,379.47,completed,2026-07-12 22:49:00
108239,126,19,5,2278.6,completed,2026-07-04 05:16:00
108240,5,18,4,294.04,cancelled,2026-07-17 14:50:00
108241,160,45,3,538.56,completed,2026-08-08 02:28:00
108242,209,30,2,267.2,completed,2026-07-01 07:27:00
108243,31,37,2,955.88,cancelled,2026-07-24 08:10:00
108244,136,49,2,985.46,completed,2026-08-06 07:22:00
108245,159,48,5,1699.0,completed,2026-07-28 18:30:00
108246,132,17,3,346.68,completed,2026-07-18 14:26:00
108247,167,32,4,688.16,completed,2026-07-21 02:25:00
108248,84,43,5,1823.5,completed,2026-07-12 23:02:00
108249,57,34,1,464.13,completed,2026-07-18 15:48:00
108250,23,35,1,493.75,completed,2026-08-02 23:43:00
108251,15,29,3,1227.15,completed,2026-07-13 11:45:00
108252,15,36,4,839.12,cancelled,2026-08-04 04:06:00
108253,19,9,1,476.5,completed,2026-07-28 04:28:00
108254,17,37,2,333.4,completed,2026-07-09 05:20:00
108255,96,10,5,1148.95,pending,2026-08-07 15:06:00
108256,164,40,1,18.14,completed,2026-07-01 03:30:00
108257,122,50,5,986.4,cancelled,2026-07-10 02:48:00
108258,114,1,3,753.24,completed,2026-07-17 22:43:00
108259,82,34,4,1954.52,completed,2026-07-16 05:23:00
108260,52,31,1,404.85,pending,2026-07-23 19:49:00
108261,81,19,5,65.7,completed,2026-08-02 01:53:00
108262,202,49,2,480.42,completed,2026-07-15 21:29:00
108263,107,3,4,404.52,completed,2026-07-11 11:10:00
108264,155,32,1,273.72,completed,2026-07-26 04:42:00
108265,201,27,2,354.94,completed,2026-07-29 02:49:00
108266,149,19,3,173.13,completed,2026-07-21 03:28:00
108267,193,9,5,1075.7,pending,2026-08-06 02:21:00
108268,129,25,5,531.25,completed,2026-07-17 07:55:00
108269,206,24,1,264.83,completed,2026-08-07 15:25:00
108270,110,24,5,1205.8,completed,2026-07-23 11:36:00
108271,188,34,5,1931.0,completed,2026-07-09 19:16:00
108272,46,22,3,1363.41,completed,2026-07-22 19:07:00
108273,206,27,3,116.34,completed,2026-08-08 03:12:00
108274,82,47,2,102.36,completed,2026-07-05 15:14:00
108275,32,27,3,187.86,cancelled,2026-07-14 19:01:00
108276,12,6,2,738.7,completed,2026-08-02 20:09:00
108277,12,38,3,221.97,completed,2026-07-28 02:03:00
108278,1,27,1,262.7,completed,2026-07-01 12:25:00
108279,110,44,2,338.34,completed,2026-07-10 18:04:00
108280,115,35,2,776.12,completed,2026-08-06 04:02:00
108281,150,24,3,1355.04,completed,2026-08-03 12:57:00
108282,71,12,5,1994.35,completed,2026-08-06 05:27:00
108283,111,49,1,123.9,completed,2026-07-15 01:15:00
108284,118,4,4,210.44,pending,2026-07-19 11:53:00
108285,109,44,5,1000.15,completed,2026-07-26 11:58:00
108286,79,46,1,250.1,completed,2026-08-03 01:51:00
108287,25,9,1,155.15,completed,2026-07-28 17:05:00
108288,72,35,4,140.28,completed,2026-07-09 20:08:00
108289,122,20,3,501.09,completed,2026-07-14 23:26:00
108290,23,23,1,499.72,cancelled,2026-07-16 12:27:00
108291,21,3,4,82.16,completed,2026-07-25 17:09:00
108292,202,11,5,,cancelled,2026-07-27 04:22:00
108293,162,48,2,950.1,completed,2026-07-25 09:39:00
108294,165,44,5,1379.95,completed,2026-07-18 09:44:00
108295,114,18,3,,pending,2026-07-06 19:53:00
108296,111,33,1,370.09,pending,2026-07-24 17:42:00
108297,205,48,5,2294.7,completed,2026-07-19 14:19:00
108298,89,12,4,704.0,completed,2026-07-09 09:27:00
108299,32,23,4,79.84,completed,2026-07-25 02:10:00
108300,158,38,5,1652.85,completed,2026-07-30 06:55:00
108301,177,2,1,422.19,completed,2026-08-08 17:12:00
108302,31,24,1,62.49,cancelled,2026-07-06 02:54:00
108303,29,50,3,1007.91,completed,2026-07-18 15:48:00
108304,175,26,4,1574.4,cancelled,2026-07-03 21:48:00
108305,89,38,3,69.9,pending,2026-08-03 19:17:00
108306,136,33,2,376.04,completed,2026-07-16 03:19:00
108307,124,47,5,1687.95,completed,2026-07-08 04:22:00
108308,188,15,3,650.43,cancelled,2026-07-16 14:43:00
108309,16,5,1,263.63,cancelled,2026-08-03 15:54:00
108310,37,20,5,2085.8,completed,2026-08-09 01:23:00
108311,42,6,1,333.02,completed,2026-07-13 14:26:00
108312,105,38,3,1235.07,completed,2026-07-25 23:00:00
108313,57,24,1,79.66,completed,2026-07-18 12:50:00
108314,10,11,1,435.07,completed,2026-07-22 12:27:00
108315,110,26,1,375.91,completed,2026-08-06 20:24:00
108316,132,16,1,296.05,pending,2026-07-18 12:49:00
108317,10,22,3,592.11,completed,2026-07-24 05:35:00
108318,173,37,5,1771.2,pending,2026-07-27 12:46:00
108319,131,23,1,121.71,cancelled,2026-08-05 04:04:00
108320,45,3,5,748.6,completed,2026-07-02 03:13:00
108321,160,22,3,183.69,completed,2026-07-07 23:44:00
108322,120,10,1,200.34,completed,2026-07-17 10:02:00
108323,5,48,1,254.38,completed,2026-07-17 21:19:00
108324,182,11,2,21.68,completed,2026-07-20 18:15:00
108325,180,9,4,809.72,cancelled,2026-07-20 07:58:00
108326,16,49,5,984.7,completed,2026-07-12 09:36:00
108327,107,47,2,547.14,completed,2026-07-20 09:59:00
108328,13,28,2,330.56,completed,2026-07-14 17:01:00
108329,196,27,1,416.86,completed,2026-07-16 17:39:00
108330,69,6,2,695.28,completed,2026-07-31 09:46:00
108331,5,48,5,1274.45,completed,2026-07-25 18:16:00
108332,18,41,3,1385.1,completed,2026-08-03 18:02:00
108333,80,2,1,165.51,completed,2026-07-25 21:00:00
108334,48,36,2,629.88,completed,2026-07-29 06:52:00
108335,91,41,4,1976.2,cancelled,2026-07-14 22:57:00
108336,4,9,1,218.77,completed,2026-07-13 04:52:00
108337,120,5,1,48.14,completed,2026-07-01 22:35:00
108338,75,9,5,,cancelled,2026-07-11 18:43:00
108339,34,41,2,218.68,pending,2026-08-03 22:00:00
108340,58,35,2,697.48,completed,2026-07-29 13:16:00
108341,17,2,5,193.0,completed,2026-08-08 10:46:00
108342,107,46,4,231.96,completed,2026-08-05 03:35:00
108343,34,11,3,425.85,completed,2026-07-22 23:23:00
108344,142,34,4,838.24,completed,2026-08-02 08:16:00
108345,129,20,3,1043.25,cancelled,2026-07-17 17:17:00
108346,162,27,4,1453.08,completed,2026-07-30 21:10:00
108347,11,32,2,946.58,completed,2026-07-14 02:56:00
108348,172,21,4,1092.52,completed,2026-07-01 08:33:00
108349,29,33,3,698.85,completed,2026-07-02 13:04:00
108350,154,14,4,714.24,cancelled,2026-07-07 11:25:00
108351,86,10,1,218.36,completed,2026-07-09 06:13:00
108352,106,46,5,2238.65,completed,2026-08-02 08:03:00
108353,31,2,3,50.97,completed,2026-07-24 03:52:00
108354,118,46,2,42.84,pending,2026-08-01 16:18:00
108355,77,20,1,395.14,completed,2026-07-09 10:28:00
108356,69,1,1,409.35,completed,2026-07-21 20:58:00
108357,92,32,5,800.35,completed,2026-07-13 11:09:00
108358,116,43,5,2365.2,completed,2026-07-03 00:53:00
108359,198,35,3,771.48,completed,2026-07-16 06:40:00
108360,158,14,3,785.67,completed,2026-07-14 19:38:00
108361,152,6,1,108.9,cancelled,2026-07-02 19:52:00
108362,83,21,4,684.4,completed,2026-07-26 02:20:00
108363,69,38,3,405.93,completed,2026-07-11 16:41:00
108364,126,37,3,850.77,completed,2026-07-14 18:58:00
108365,6,43,1,90.95,completed,2026-07-29 06:41:00
108366,33,50,4,509.56,completed,2026-07-29 01:04:00
108367,182,5,5,1938.65,completed,2026-08-09 18:42:00
108368,177,14,5,773.25,completed,2026-07-16 19:48:00
108369,201,9,1,341.22,completed,2026-07-30 18:10:00
108370,122,27,4,1853.64,completed,2026-07-21 00:53:00
108371,50,27,2,135.1,completed,2026-07-20 19:40:00
108372,49,6,5,631.55,completed,2026-07-20 12:41:00
108373,66,5,1,44.34,cancelled,2026-07-06 17:12:00
108374,19,42,2,965.92,cancelled,2026-07-20 21:25:00
108375,8,17,1,335.93,completed,2026-08-03 12:16:00
108376,178,25,3,1324.77,cancelled,2026-07-22 12:02:00
108377,91,18,3,352.59,completed,2026-07-18 13:46:00
108378,149,6,5,1897.35,cancelled,2026-07-22 15:13:00
108379,27,27,3,880.65,cancelled,2026-08-03 16:49:00
108380,26,47,5,198.9,completed,2026-07-21 04:46:00
108381,48,44,1,418.96,completed,2026-08-07 19:14:00
108382,49,42,2,950.48,completed,2026-07-18 19:10:00
108383,94,50,1,323.22,completed,2026-07-17 16:17:00
108384,21,15,2,898.44,pending,2026-07-06 20:31:00
108385,62,24,3,872.73,pending,2026-08-10 02:20:00
108386,92,20,2,326.66,completed,2026-08-04 19:17:00
108387,206,15,5,1631.05,completed,2026-07-17 09:26:00
108388,121,34,3,66.63,completed,2026-07-03 23:18:00
108389,147,32,1,457.86,completed,2026-07-28 16:43:00
108390,81,7,2,836.28,completed,2026-08-07 05:58:00
108391,73,13,2,690.36,completed,2026-08-02 12:37:00
108392,12,15,3,1089.84,completed,2026-07-31 20:11:00
108393,46,34,1,327.26,cancelled,2026-07-19 04:04:00
108394,168,34,2,813.44,completed,2026-07-26 18:49:00
108395,108,9,3,241.53,cancelled,2026-07-28 06:50:00
108396,121,28,3,1408.86,completed,2026-08-01 12:30:00
108397,57,3,4,571.48,cancelled,2026-07-28 13:24:00
108398,86,20,4,1201.96,completed,2026-07-30 21:38:00
108399,84,8,5,2142.1,completed,2026-07-17 09:38:00
108400,25,24,1,172.06,cancelled,2026-08-07 14:07:00
108401,26,6,2,414.32,completed,2026-07-14 05:59:00
108402,57,30,2,,pending,2026-07-27 11:45:00
108403,124,13,4,1028.08,completed,2026-07-23 01:19:00
108404,22,50,1,116.9,pending,2026-07-16 03:26:00
108405,156,17,5,1780.05,completed,2026-08-08 18:24:00
108406,149,23,5,1524.2,completed,2026-07-29 19:55:00
108407,40,18,4,1377.92,completed,2026-08-10 07:59:00
108408,169,38,1,340.3,completed,2026-07-16 23:35:00
108409,122,24,4,1272.24,completed,2026-07-21 02:28:00
108410,3,21,4,940.68,completed,2026-08-05 08:48:00
108411,115,42,5,1337.7,completed,2026-08-06 01:56:00
108412,138,35,5,1652.2,cancelled,2026-07-06 02:18:00
108413,155,16,4,1665.24,completed,2026-07-21 15:28:00
108414,65,24,2,416.18,completed,2026-07-31 19:12:00
108415,198,32,5,1552.6,completed,2026-07-12 20:17:00
108416,123,50,4,1268.16,completed,2026-07-05 11:19:00
108417,178,29,4,1051.76,completed,2026-07-31 10:24:00
108418,121,27,5,1825.6,completed,2026-07-11 09:46:00
108419,68,41,2,860.0,cancelled,2026-07-21 12:08:00
108420,145,29,5,1159.2,completed,2026-08-10 18:39:00
108421,59,10,1,416.95,completed,2026-08-10 16:20:00
108422,96,34,1,,completed,2026-08-04 03:08:00
108423,97,24,1,28.75,completed,2026-08-08 07:59:00
108424,188,38,2,292.18,completed,2026-07-14 18:00:00
108425,95,19,4,1311.6,cancelled,2026-07-07 14:08:00
108426,207,22,3,537.96,completed,2026-08-02 08:59:00
108427,193,22,1,30.53,completed,2026-07-09 04:59:00
108428,187,25,1,300.98,completed,2026-07-29 20:57:00
108429,190,17,1,111.05,pending,2026-07-23 02:34:00
108430,193,10,2,406.8,completed,2026-07-11 16:30:00
108431,82,35,4,136.92,completed,2026-07-01 01:44:00
108432,51,39,4,1015.4,completed,2026-08-03 20:50:00
108433,87,15,4,923.64,completed,2026-07-03 00:51:00
108434,157,44,3,1073.49,completed,2026-07-20 18:46:00
108435,28,29,2,654.18,cancelled,2026-07-07 00:49:00
108436,161,49,3,228.75,completed,2026-07-15 03:55:00
108437,149,41,4,1332.64,completed,2026-07-20 19:17:00
108438,24,8,4,1997.12,completed,2026-07-02 15:04:00
108439,98,2,5,2165.15,cancelled,2026-07-03 08:13:00
108440,94,49,2,211.38,cancelled,2026-08-10 20:05:00
108441,170,23,3,765.27,completed,2026-07-15 20:50:00
108442,168,36,1,41.87,cancelled,2026-07-17 08:42:00
108443,129,25,2,295.32,completed,2026-07-10 10:19:00
108444,162,40,4,166.84,completed,2026-07-19 14:41:00
108445,76,40,2,968.86,completed,2026-07-05 04:30:00
108446,209,39,3,1460.43,completed,2026-07-14 19:01:00
108447,134,3,3,823.68,completed,2026-07-09 11:06:00
108448,19,44,4,,completed,2026-07-17 17:22:00
108449,7,5,4,1618.24,completed,2026-08-03 11:57:00
108450,186,14,1,438.15,completed,2026-08-07 06:18:00
108451,160,38,5,1524.55,completed,2026-07-14 12:11:00
108452,119,13,3,942.03,completed,2026-07-17 09:23:00
108453,122,19,5,1573.05,completed,2026-08-05 21:48:00
108454,209,12,1,334.0,completed,2026-08-04 07:59:00
108455,110,41,1,442.7,completed,2026-07-07 23:27:00
108456,95,2,5,1467.05,completed,2026-08-07 23:44:00
108457,36,18,5,152.95,completed,2026-07-24 18:41:00
108458,133,18,3,578.07,completed,2026-07-07 08:46:00
108459,11,47,1,,completed,2026-07-24 08:43:00
108460,3,44,2,967.68,completed,2026-07-10 06:40:00
108461,24,42,2,,cancelled,2026-07-27 12:28:00
108462,195,45,4,1951.44,cancelled,2026-07-26 00:05:00
108463,206,30,5,2428.35,completed,2026-08-03 02:26:00
108464,15,11,2,741.74,cancelled,2026-08-05 13:43:00
108465,161,50,2,632.18,completed,2026-07-07 00:38:00
108466,201,23,5,1017.5,pending,2026-07-11 01:04:00
108467,64,23,2,785.98,completed,2026-07-08 11:56:00
108468,205,34,2,431.98,pending,2026-07-14 17:30:00
108469,85,40,2,62.4,completed,2026-08-06 13:27:00
108470,11,14,4,1427.24,completed,2026-07-07 10:51:00
108471,151,46,5,2143.4,cancelled,2026-08-02 03:54:00
108472,156,46,3,1288.56,completed,2026-07-22 00:47:00
108473,90,8,4,155.56,completed,2026-08-08 20:33:00
108474,117,34,3,546.3,completed,2026-08-03 06:35:00
108475,106,10,2,672.32,pending,2026-08-08 10:04:00
108476,30,30,3,511.41,cancelled,2026-07-16 11:47:00
108477,105,14,3,84.33,completed,2026-07-25 01:20:00
108478,204,29,3,62.49,completed,2026-07-21 01:59:00
108479,56,17,4,1189.56,completed,2026-07-08 02:47:00
108480,89,31,4,342.04,completed,2026-07-22 01:05:00
108481,110,7,2,572.48,completed,2026-07-07 11:33:00
108482,19,2,3,274.23,completed,2026-07-08 15:17:00
108483,184,18,1,173.86,completed,2026-07-04 01:10:00
108484,157,3,3,1031.16,completed,2026-07-04 06:22:00
108485,102,27,5,1637.0,completed,2026-07-29 16:57:00
108486,159,11,4,133.04,completed,2026-07-11 00:40:00
108487,160,43,3,256.05,cancelled,2026-07-05 17:28:00
108488,45,2,2,247.7,completed,2026-07-10 21:34:00
108489,118,13,1,402.8,cancelled,2026-07-12 23:21:00
108490,55,9,4,1669.64,completed,2026-07-04 01:22:00
108491,2,31,2,184.78,completed,2026-07-24 14:18:00
108492,32,35,3,47.31,completed,2026-07-16 10:02:00
108493,74,26,1,474.41,cancelled,2026-07-13 18:05:00
108494,134,44,4,212.2,completed,2026-07-06 07:48:00
108495,140,46,1,460.82,cancelled,2026-07-10 22:16:00
108496,106,40,1,298.12,completed,2026-07-28 09:37:00
108497,15,11,4,1980.8,completed,2026-07-17 13:12:00
108498,124,31,1,360.22,completed,2026-07-26 19:44:00
108499,183,46,1,344.92,completed,2026-07-02 12:21:00
108500,152,21,4,638.84,pending,2026-07-27 05:06:00
108501,101,21,2,801.66,completed,2026-07-20 03:57:00
108502,67,16,1,422.49,pending,2026-08-05 06:21:00
108503,58,34,5,927.6,completed,2026-08-07 23:44:00
108504,50,37,5,1943.9,cancelled,2026-07-04 20:49:00
108505,21,12,5,735.2,completed,2026-08-10 16:04:00
108506,66,20,2,686.92,completed,2026-07-07 09:53:00
108507,174,27,4,995.52,pending,2026-08-07 15:19:00
108508,61,43,3,50.07,completed,2026-08-03 01:19:00
108509,101,1,1,385.18,completed,2026-07-21 11:06:00
108510,63,29,3,974.4,completed,2026-07-15 06:05:00
108511,131,31,4,1233.56,completed,2026-07-31 08:53:00
108512,179,42,2,525.02,completed,2026-07-25 12:21:00
108513,88,40,5,2183.4,completed,2026-08-07 03:53:00
108514,185,35,3,1441.08,completed,2026-07-20 08:30:00
108515,151,18,5,1710.95,completed,2026-08-02 23:41:00
108516,176,7,2,356.42,completed,2026-07-18 11:51:00
108517,41,14,1,389.69,completed,2026-08-09 23:49:00
108518,25,2,5,763.7,completed,2026-08-01 18:35:00
108519,96,16,1,498.57,cancelled,2026-07-20 19:08:00
108520,71,39,1,426.42,pending,2026-07-30 17:38:00
108521,16,38,1,374.47,cancelled,2026-07-17 04:40:00
108522,13,42,3,509.19,completed,2026-07-29 17:09:00
108523,103,43,3,382.02,cancelled,2026-07-18 09:35:00
108524,74,34,3,878.58,completed,2026-08-08 20:01:00
108525,42,43,4,1082.84,pending,2026-08-08 20:51:00
108526,196,46,3,1395.48,cancelled,2026-07-15 03:20:00
108527,46,22,1,305.98,completed,2026-07-23 08:32:00
108528,63,35,3,545.13,completed,2026-07-13 09:57:00
108529,111,18,5,414.5,completed,2026-07-26 06:09:00
108530,10,49,4,731.52,completed,2026-07-14 18:15:00
108531,107,10,2,556.78,completed,2026-08-04 17:01:00
108532,129,16,2,524.8,completed,2026-07-22 10:54:00
108533,94,17,5,2442.75,completed,2026-07-12 14:09:00
108534,136,47,3,806.25,completed,2026-07-02 03:31:00
108535,3,43,1,356.0,completed,2026-07-11 14:45:00
108536,37,35,5,1691.95,cancelled,2026-08-10 17:36:00
108537,160,20,3,389.1,completed,2026-07-31 20:56:00
108538,145,9,4,1617.08,completed,2026-07-02 16:56:00
108539,167,43,2,830.84,completed,2026-07-19 22:29:00
108540,160,33,4,1175.88,completed,2026-07-11 09:30:00
108541,80,38,3,171.69,completed,2026-08-01 14:52:00
108542,203,12,4,1664.2,cancelled,2026-07-10 03:01:00
108543,145,45,5,1679.45,completed,2026-08-06 23:09:00
108544,202,17,2,496.34,cancelled,2026-07-03 23:10:00
108545,32,1,4,1204.2,cancelled,2026-07-25 12:59:00
108546,28,18,5,833.8,completed,2026-08-08 04:05:00
108547,85,7,4,1607.68,pending,2026-07-29 01:55:00
108548,148,25,4,511.28,completed,2026-07-14 07:28:00
108549,44,33,1,412.04,cancelled,2026-07-09 18:42:00
108550,204,4,2,217.68,completed,2026-07-02 22:13:00
108551,176,2,3,1343.13,completed,2026-07-09 04:47:00
108552,90,31,2,682.62,completed,2026-07-11 03:45:00
108553,207,40,5,1846.8,completed,2026-07-20 19:56:00
108554,202,36,1,421.6,completed,2026-08-04 22:11:00
108555,94,28,2,880.94,completed,2026-07-16 08:34:00
108556,8,3,4,318.8,pending,2026-07-17 15:24:00
108557,157,47,4,413.04,pending,2026-07-27 05:05:00
108558,119,2,2,275.88,completed,2026-07-07 23:22:00
108559,81,17,1,164.45,completed,2026-08-10 17:00:00
108560,128,32,5,834.95,cancelled,2026-07-15 00:01:00
108561,53,18,5,1899.7,pending,2026-07-25 12:49:00
108562,111,8,3,604.32,completed,2026-07-29 13:57:00
108563,79,42,3,1227.69,cancelled,2026-07-15 20:30:00
108564,49,41,5,1462.05,completed,2026-07-14 18:25:00
108565,198,24,4,908.56,completed,2026-07-09 07:59:00
108566,198,34,3,874.05,completed,2026-08-04 17:19:00
108567,71,29,2,851.46,completed,2026-08-02 18:45:00
108568,60,32,3,1495.5,completed,2026-08-06 22:35:00
108569,122,18,5,254.9,completed,2026-08-04 19:36:00
108570,47,1,3,288.48,completed,2026-07-04 08:02:00
108571,181,44,4,1040.64,cancelled,2026-07-21 13:32:00
108572,1,18,1,265.88,cancelled,2026-07-05 13:07:00
108573,95,24,3,1344.93,completed,2026-07-15 10:59:00
108574,10,7,5,958.7,cancelled,2026-07-13 17:03:00
108575,164,49,3,1287.21,pending,2026-07-16 07:38:00
108576,166,22,2,976.78,completed,2026-08-08 16:08:00
108577,70,32,3,540.0,completed,2026-07-01 22:56:00
108578,45,17,2,480.14,completed,2026-07-16 15:29:00
108579,63,41,5,2388.45,cancelled,2026-07-22 09:08:00
108580,53,36,5,719.15,completed,2026-07-10 03:37:00
108581,182,37,1,234.78,completed,2026-08-02 12:51:00
108582,204,39,4,339.88,completed,2026-07-16 15:22:00
108583,137,10,2,423.52,completed,2026-07-11 22:26:00
108584,25,43,4,1011.44,completed,2026-07-12 15:31:00
108585,113,10,5,2019.85,cancelled,2026-07-30 10:25:00
108586,11,37,3,29.49,completed,2026-07-13 19:18:00
108587,162,12,3,1096.38,cancelled,2026-07-23 10:09:00
108588,172,43,4,556.28,completed,2026-08-08 17:25:00
108589,194,16,5,1358.6,completed,2026-07-16 08:16:00
108590,94,38,3,577.17,pending,2026-07-30 13:02:00
108591,210,19,3,37.77,completed,2026-07-13 00:02:00
108592,23,36,1,350.6,completed,2026-07-12 00:14:00
108593,177,16,4,1819.72,completed,2026-08-06 21:48:00
108594,173,19,5,676.95,cancelled,2026-07-07 19:06:00
108595,161,49,2,811.72,completed,2026-08-02 04:18:00
108596,80,25,5,1089.2,completed,2026-07-12 15:28:00
108597,104,17,5,1521.75,completed,2026-08-08 14:55:00
108598,188,9,3,819.63,completed,2026-08-01 23:16:00
108599,63,24,3,870.42,completed,2026-07-14 09:14:00
108600,34,47,5,2259.5,completed,2026-07-27 04:59:00
108601,168,32,4,1982.4,completed,2026-07-05 20:00:00
108602,97,4,3,242.64,completed,2026-08-09 00:38:00
108603,209,26,5,2032.5,pending,2026-07-23 22:35:00
108604,142,7,2,630.4,completed,2026-07-30 09:54:00
108605,10,39,3,667.92,completed,2026-07-26 05:43:00
108606,53,33,3,539.7,completed,2026-07-23 19:45:00
108607,88,29,5,616.95,cancelled,2026-07-18 01:29:00
108608,102,49,5,667.85,completed,2026-07-18 20:27:00
108609,49,35,2,25.08,completed,2026-07-01 13:03:00
108610,197,41,1,31.29,completed,2026-07-12 06:47:00
108611,67,31,3,375.63,completed,2026-07-06 12:29:00
108612,199,39,4,363.88,completed,2026-07-28 21:36:00
108613,158,18,4,1094.68,completed,2026-08-04 08:49:00
108614,54,40,5,2024.55,completed,2026-07-16 22:18:00
108615,177,30,5,1028.0,cancelled,2026-07-04 12:02:00
108616,97,35,3,1425.87,completed,2026-07-17 19:32:00
108617,69,5,2,638.34,completed,2026-07-15 16:58:00
108618,125,19,4,1398.72,completed,2026-08-05 06:14:00
108619,87,22,2,517.16,cancelled,2026-07-14 03:37:00
108620,42,48,5,1574.2,completed,2026-07-15 14:18:00
108621,56,23,1,54.68,completed,2026-07-16 12:24:00
108622,173,29,3,1291.83,cancelled,2026-07-24 07:56:00
108623,137,10,1,130.45,completed,2026-07-14 17:51:00
108624,139,9,4,1652.6,completed,2026-07-15 01:55:00
108625,174,24,5,1816.2,completed,2026-07-21 07:34:00
108626,179,42,5,1289.4,cancelled,2026-07-04 19:48:00
108627,185,1,3,972.99,completed,2026-07-09 00:03:00
108628,207,1,4,426.68,completed,2026-07-13 14:21:00
108629,60,16,3,1425.84,completed,2026-08-01 06:44:00
108630,205,33,4,433.4,completed,2026-07-18 14:55:00
108631,183,37,1,497.4,completed,2026-07-27 03:59:00
108632,98,33,5,2078.45,cancelled,2026-08-06 04:32:00
108633,95,20,4,830.64,completed,2026-07-31 15:00:00
108634,30,28,5,2117.5,completed,2026-07-12 23:46:00
108635,55,7,4,1177.68,completed,2026-07-24 22:51:00
108636,87,44,1,90.24,completed,2026-07-11 09:41:00
108637,183,39,1,56.05,completed,2026-08-08 08:16:00
108638,166,48,5,2446.35,completed,2026-07-19 01:11:00
108639,104,9,5,2185.15,completed,2026-07-30 23:16:00
108640,152,4,2,837.96,completed,2026-07-05 00:09:00
108641,16,8,1,340.82,completed,2026-07-27 05:42:00
108642,10,19,4,222.28,completed,2026-07-25 20:41:00
108643,75,43,4,53.96,completed,2026-07-17 00:08:00
108644,180,46,2,556.74,completed,2026-07-31 08:39:00
108645,113,11,4,1843.4,completed,2026-07-07 04:41:00
108646,104,8,3,767.34,completed,2026-07-16 11:00:00
108647,117,43,2,103.2,completed,2026-07-10 06:56:00
108648,66,42,3,519.36,completed,2026-07-24 20:08:00
108649,101,18,1,87.24,completed,2026-07-16 03:49:00
108650,90,16,1,490.87,completed,2026-07-13 20:23:00
108651,136,23,3,226.74,cancelled,2026-07-01 09:30:00
108652,162,19,1,263.09,completed,2026-07-19 11:09:00
108653,191,15,4,555.0,completed,2026-07-13 13:59:00
108654,153,36,1,334.84,cancelled,2026-07-07 00:30:00
108655,157,43,4,1401.52,completed,2026-07-04 21:16:00
108656,141,27,2,728.62,completed,2026-07-16 23:29:00
108657,119,13,3,256.17,pending,2026-07-26 13:19:00
108658,164,31,5,2080.65,cancelled,2026-08-02 02:52:00
108659,92,7,5,1159.8,cancelled,2026-07-30 12:07:00
108660,106,32,3,1046.52,completed,2026-07-10 09:38:00
108661,199,47,2,496.86,completed,2026-07-16 12:51:00
108662,152,24,1,243.74,completed,2026-07-08 05:54:00
108663,96,10,5,811.9,completed,2026-08-04 07:30:00
108664,58,16,5,745.75,completed,2026-07-01 00:08:00
108665,75,6,3,783.6,completed,2026-07-07 21:18:00
108666,105,9,4,438.2,completed,2026-08-03 16:16:00
108667,15,31,5,1997.05,cancelled,2026-07-27 17:42:00
108668,57,10,5,221.35,cancelled,2026-07-24 03:52:00
108669,200,36,3,597.84,completed,2026-07-08 18:00:00
108670,133,49,4,197.16,completed,2026-07-29 07:56:00
108671,57,46,2,106.16,completed,2026-07-08 18:52:00
108672,117,45,1,272.26,completed,2026-07-31 08:51:00
108673,21,26,2,845.54,completed,2026-07-31 21:50:00
108674,71,21,3,1041.33,completed,2026-08-08 07:33:00
108675,2,25,1,492.54,completed,2026-08-06 00:28:00
108676,96,14,1,445.22,completed,2026-07-07 18:36:00
108677,76,39,2,759.48,completed,2026-07-19 22:42:00
108678,82,12,4,57.28,completed,2026-07-02 18:30:00
108679,164,21,4,475.24,cancelled,2026-08-07 19:09:00
108680,186,43,5,385.1,cancelled,2026-07-08 16:31:00
108681,38,12,2,551.98,completed,2026-08-10 22:49:00
108682,59,8,5,1949.5,completed,2026-07-06 21:39:00
108683,98,38,1,272.79,completed,2026-07-15 16:38:00
108684,100,34,1,427.08,completed,2026-07-30 17:11:00
108685,43,44,4,906.76,completed,2026-07-31 18:34:00
108686,7,39,4,934.8,completed,2026-07-07 21:28:00
108687,167,46,3,1347.99,completed,2026-07-05 23:41:00
108688,92,43,2,343.28,completed,2026-07-27 20:18:00
108689,209,47,3,464.28,pending,2026-07-15 16:47:00
108690,48,26,1,412.41,cancelled,2026-07-07 04:46:00
108691,2,31,2,846.46,cancelled,2026-08-06 15:52:00
108692,24,18,2,524.92,completed,2026-07-13 17:20:00
108693,205,26,4,187.88,cancelled,2026-07-19 20:32:00
108694,122,28,5,300.8,completed,2026-07-19 10:48:00
108695,74,30,5,998.4,completed,2026-07-07 05:11:00
108696,71,39,4,1305.4,completed,2026-07-28 12:59:00
108697,103,30,2,449.32,completed,2026-07-06 22:38:00
108698,78,11,5,1565.65,completed,2026-08-08 20:43:00
108699,52,13,2,445.44,completed,2026-07-12 11:59:00
108700,179,44,5,320.25,completed,2026-07-05 10:33:00
108701,157,22,4,1179.48,pending,2026-07-25 18:40:00
108702,124,6,3,387.24,pending,2026-07-02 13:37:00
108703,203,31,1,251.31,completed,2026-08-02 10:32:00
108704,40,37,3,480.81,completed,2026-07-17 14:11:00
108705,71,3,1,277.85,cancelled,2026-08-03 10:50:00
108706,125,4,3,911.97,completed,2026-07-12 07:20:00
108707,31,4,5,2019.85,completed,2026-08-06 10:07:00
108708,87,14,1,,completed,2026-08-08 08:08:00
108709,49,15,4,1697.88,completed,2026-07-22 00:23:00
108710,81,8,2,808.66,completed,2026-07-11 09:17:00
108711,34,28,4,1823.72,completed,2026-07-01 01:44:00
108712,107,40,1,205.92,completed,2026-07-13 19:38:00
108713,60,49,1,250.25,completed,2026-08-09 18:19:00
108714,35,22,3,1485.42,completed,2026-07-08 01:26:00
108715,188,14,2,363.44,completed,2026-07-08 09:42:00
108716,10,25,2,542.7,completed,2026-07-27 02:16:00
108717,136,25,2,632.88,cancelled,2026-07-01 19:50:00
108718,82,34,5,1514.5,completed,2026-08-01 13:56:00
108719,182,28,5,1039.85,completed,2026-07-31 18:38:00
108720,34,23,4,1242.96,completed,2026-08-02 15:01:00
108721,157,4,4,1504.16,completed,2026-07-08 06:50:00
108722,79,6,5,1673.65,completed,2026-07-21 08:57:00
108723,61,28,3,886.59,pending,2026-08-02 02:04:00
108724,104,30,3,293.7,completed,2026-07-09 06:04:00
108725,87,31,3,1019.73,cancelled,2026-07-09 12:47:00
108726,55,20,1,171.06,completed,2026-08-08 23:36:00
108727,146,46,3,524.67,completed,2026-07-30 22:37:00
108728,47,29,3,361.59,completed,2026-07-09 14:35:00
108729,141,25,1,5.69,completed,2026-07-25 06:40:00
108730,94,35,4,1900.6,completed,2026-07-07 02:33:00
108731,195,25,5,1816.1,completed,2026-08-03 16:27:00
108732,161,22,1,475.94,pending,2026-08-04 07:50:00
108733,73,44,4,884.08,completed,2026-07-22 11:14:00
108734,88,41,4,391.16,cancelled,2026-07-14 17:27:00
108735,60,6,1,114.77,completed,2026-07-14 01:00:00
108736,205,35,2,522.96,cancelled,2026-07-13 06:40:00
108737,107,22,1,263.31,cancelled,2026-07-01 14:11:00
108738,100,49,4,655.84,completed,2026-07-24 21:10:00
108739,72,43,3,603.39,pending,2026-07-29 18:20:00
108740,111,9,2,802.86,completed,2026-08-04 03:15:00
108741,161,5,1,360.25,pending,2026-08-10 15:44:00
108742,202,12,1,266.32,cancelled,2026-07-09 23:56:00
108743,143,30,2,392.52,completed,2026-07-20 11:45:00
108744,73,11,3,342.66,completed,2026-07-18 08:44:00
108745,107,40,1,116.11,completed,2026-07-06 23:36:00
108746,18,28,3,678.9,completed,2026-07-24 13:44:00
108747,49,42,4,1417.56,cancelled,2026-07-11 15:42:00
108748,78,4,2,13.48,completed,2026-07-08 07:32:00
108749,174,17,5,1547.5,cancelled,2026-08-05 12:21:00
108750,152,34,1,463.72,completed,2026-08-08 01:40:00
108751,175,2,3,1280.43,completed,2026-07-27 01:17:00
108752,207,6,5,,completed,2026-08-02 10:05:00
108753,18,38,5,1462.3,cancelled,2026-07-03 19:25:00
108754,127,26,2,471.14,completed,2026-07-14 23:09:00
108755,67,19,3,1094.31,completed,2026-07-22 22:25:00
108756,176,15,3,391.59,completed,2026-07-04 17:20:00
108757,198,1,1,223.44,completed,2026-08-04 21:18:00
108758,96,4,5,987.1,completed,2026-07-03 01:54:00
108759,67,1,4,82.36,pending,2026-08-02 08:35:00
108760,133,19,1,152.58,completed,2026-07-10 07:12:00
108761,147,16,4,362.84,completed,2026-07-22 17:13:00
108762,162,28,5,1615.95,cancelled,2026-08-01 04:16:00
108763,43,40,5,356.55,completed,2026-08-06 14:41:00
108764,173,38,2,497.66,completed,2026-08-03 10:36:00
108765,54,33,3,1151.52,cancelled,2026-07-29 00:52:00
108766,74,41,3,1276.32,completed,2026-08-08 00:31:00
108767,159,17,4,1698.08,completed,2026-07-02 14:34:00
108768,88,31,5,546.6,completed,2026-07-16 14:29:00
108769,137,47,1,207.55,completed,2026-07-14 23:27:00
108770,121,39,3,307.53,completed,2026-07-31 22:48:00
108771,203,32,3,734.76,completed,2026-08-03 15:36:00
108772,50,34,5,1782.85,cancelled,2026-07-29 05:14:00
108773,149,9,4,49.28,completed,2026-07-28 09:50:00
108774,167,36,1,340.74,completed,2026-07-15 13:32:00
108775,8,1,3,852.57,completed,2026-07-30 00:30:00
108776,188,5,3,21.63,completed,2026-08-09 03:53:00
108777,53,40,3,236.19,completed,2026-07-20 22:32:00
108778,171,48,4,744.56,cancelled,2026-07-24 17:36:00
108779,68,8,4,1169.0,completed,2026-07-16 19:13:00
108780,85,28,1,139.77,cancelled,2026-08-08 16:48:00
108781,206,14,5,1892.15,completed,2026-07-12 08:23:00
108782,16,28,5,1541.1,completed,2026-08-02 15:19:00
108783,142,39,2,748.0,completed,2026-07-13 04:06:00
108784,135,4,2,731.04,pending,2026-07-26 19:30:00
108785,142,31,3,126.09,completed,2026-07-27 19:48:00
108786,125,43,2,817.18,cancelled,2026-07-17 05:15:00
108787,118,30,4,1967.92,completed,2026-07-09 15:40:00
108788,104,46,1,232.79,completed,2026-07-21 02:21:00
108789,59,47,1,228.31,completed,2026-08-09 01:00:00
108790,201,35,3,685.11,cancelled,2026-07-03 05:28:00
108791,157,40,5,1534.75,completed,2026-07-20 09:31:00
108792,15,21,2,25.82,completed,2026-07-15 08:14:00
108793,163,23,2,299.02,completed,2026-07-21 05:58:00
108794,37,7,1,147.06,completed,2026-07-15 08:44:00
108795,167,10,1,65.81,cancelled,2026-07-19 18:22:00
108796,4,16,4,1579.64,pending,2026-07-17 05:58:00
108797,24,19,1,193.54,completed,2026-07-27 02:17:00
108798,29,37,4,1609.2,completed,2026-07-02 02:44:00
108799,52,7,4,1047.32,cancelled,2026-07-26 03:19:00
108800,67,48,2,946.9,cancelled,2026-08-01 21:43:00
108801,73,47,2,216.04,completed,2026-07-11 00:05:00
108802,175,7,4,465.0,cancelled,2026-08-03 06:23:00
108803,75,47,3,254.55,pending,2026-07-17 02:15:00
108804,162,3,1,254.69,completed,2026-07-15 05:30:00
108805,107,46,5,772.55,cancelled,2026-07-10 19:23:00
108806,27,38,4,899.04,pending,2026-07-10 22:55:00
108807,171,14,2,526.8,completed,2026-07-30 20:38:00
108808,144,49,1,75.88,cancelled,2026-07-16 09:34:00
108809,92,7,1,454.67,completed,2026-07-03 23:14:00
108810,156,49,5,1703.4,completed,2026-07-12 08:50:00
108811,8,48,2,563.46,completed,2026-08-01 05:49:00
108812,196,3,3,17.82,completed,2026-07-16 19:31:00
108813,173,13,2,400.08,completed,2026-07-28 00:10:00
108814,125,38,3,615.48,cancelled,2026-07-14 01:51:00
108815,170,40,5,2061.8,cancelled,2026-07-20 08:54:00
108816,88,46,2,975.34,completed,2026-07-02 08:04:00
108817,200,15,2,162.48,completed,2026-07-28 20:16:00
108818,192,30,2,321.3,completed,2026-07-29 08:20:00
108819,203,11,4,1841.32,completed,2026-07-04 19:04:00
108820,203,45,3,159.18,completed,2026-07-16 14:35:00
108821,6,44,1,269.98,completed,2026-08-01 01:28:00
108822,192,5,4,1951.16,completed,2026-07-24 13:23:00
108823,77,23,3,688.08,completed,2026-07-01 01:28:00
108824,58,11,1,327.1,completed,2026-07-07 11:43:00
108825,154,15,2,242.5,completed,2026-07-10 04:52:00
108826,145,31,5,1695.15,cancelled,2026-07-26 02:33:00
108827,201,10,4,81.92,completed,2026-07-26 22:25:00
108828,112,48,4,850.04,completed,2026-08-04 19:06:00
108829,89,37,4,101.84,completed,2026-07-13 18:43:00
108830,210,46,3,337.26,completed,2026-08-04 04:00:00
108831,130,31,2,700.84,completed,2026-08-04 20:20:00
108832,170,22,2,258.4,completed,2026-07-24 05:00:00
108833,50,1,3,1183.53,cancelled,2026-07-02 08:49:00
108834,169,18,4,1169.36,cancelled,2026-08-03 05:39:00
108835,181,18,3,91.2,completed,2026-07-22 05:53:00
108836,92,37,2,582.44,completed,2026-07-05 21:05:00
108837,81,28,5,196.2,cancelled,2026-07-14 05:24:00
108838,51,21,4,704.2,cancelled,2026-07-31 21:36:00
108839,65,34,3,1283.97,completed,2026-08-04 00:56:00
108840,165,9,1,246.47,completed,2026-07-13 05:38:00
108841,187,7,3,807.21,completed,2026-07-05 07:05:00
108842,81,37,2,541.02,pending,2026-07-08 02:22:00
108843,159,32,1,481.44,completed,2026-07-05 03:01:00
108844,41,35,4,1439.84,completed,2026-07-15 16:02:00
108845,171,22,3,727.44,completed,2026-07-31 22:50:00
108846,139,6,5,1563.5,completed,2026-08-03 20:32:00
108847,125,34,4,275.24,completed,2026-07-12 19:01:00
108848,119,5,4,716.04,completed,2026-07-19 11:04:00
108849,136,5,5,478.6,completed,2026-07-12 02:02:00
108850,87,38,5,2075.75,completed,2026-07-17 15:23:00
108851,70,47,3,625.29,completed,2026-07-03 23:09:00
108852,202,48,4,1121.36,completed,2026-08-08 20:09:00
108853,58,24,3,918.39,pending,2026-07-30 12:32:00
108854,40,44,5,1226.5,pending,2026-08-05 17:03:00
108855,4,42,4,1663.52,completed,2026-08-08 14:07:00
108856,144,31,1,365.26,completed,2026-07-05 10:59:00
108857,201,43,4,198.6,completed,2026-07-12 17:23:00
108858,49,20,5,1144.35,completed,2026-07-25 13:49:00
108859,42,43,5,709.4,completed,2026-07-08 13:21:00
108860,125,48,1,266.62,cancelled,2026-07-13 06:16:00
108861,120,37,1,40.51,completed,2026-08-08 10:57:00
108862,187,28,2,972.68,completed,2026-07-13 08:50:00
108863,4,15,3,480.75,completed,2026-08-10 23:30:00
108864,170,27,2,470.76,completed,2026-07-18 19:45:00
108865,167,12,3,1494.69,completed,2026-07-14 04:02:00
108866,102,40,3,855.69,completed,2026-07-08 03:12:00
108867,114,12,5,2071.25,completed,2026-07-17 16:53:00
108868,74,33,2,221.4,cancelled,2026-07-11 21:25:00
108869,66,19,4,1402.68,completed,2026-07-26 18:56:00
108870,50,29,4,721.16,pending,2026-08-04 08:43:00
108871,138,15,5,2209.95,completed,2026-07-12 11:58:00
108872,186,46,2,626.2,completed,2026-07-10 12:16:00
108873,130,29,2,883.06,completed,2026-07-17 07:37:00
108874,142,10,1,272.17,completed,2026-07-06 11:50:00
108875,124,3,4,775.92,completed,2026-08-05 02:30:00
108876,136,37,2,540.4,completed,2026-07-15 05:28:00
108877,21,16,1,,completed,2026-07-15 05:04:00
108878,68,46,1,69.09,completed,2026-07-16 07:49:00
108879,180,28,3,1112.85,completed,2026-07-05 19:09:00
108880,171,7,4,1229.68,completed,2026-08-02 14:59:00
108881,203,4,5,1669.95,completed,2026-08-07 05:06:00
108882,177,19,4,240.44,completed,2026-07-14 04:15:00
108883,75,17,2,21.76,completed,2026-07-26 05:53:00
108884,46,5,1,302.72,completed,2026-07-13 14:16:00
108885,209,16,5,1732.05,completed,2026-07-22 18:01:00
108886,4,15,4,391.64,completed,2026-08-05 14:14:00
108887,69,13,4,153.08,completed,2026-07-14 19:12:00
108888,200,27,4,,completed,2026-07-08 02:10:00
108889,158,41,4,37.2,completed,2026-07-09 09:40:00
108890,123,44,4,1419.24,completed,2026-07-14 13:09:00
108891,84,34,3,680.37,completed,2026-08-08 05:08:00
108892,199,3,2,709.92,pending,2026-07-29 14:34:00
108893,146,27,3,249.6,completed,2026-08-03 05:13:00
108894,30,30,5,866.25,completed,2026-07-23 23:35:00
108895,137,5,2,265.5,completed,2026-07-02 18:42:00
108896,32,18,5,1293.3,completed,2026-07-20 21:33:00
108897,48,9,3,1275.33,completed,2026-08-07 08:48:00
108898,176,16,4,1033.36,completed,2026-07-05 10:59:00
108899,49,6,5,1275.95,completed,2026-07-09 09:44:00
108900,112,20,3,282.57,completed,2026-07-27 21:08:00
108901,27,8,5,2122.95,completed,2026-07-07 07:00:00
108902,33,7,2,804.14,cancelled,2026-07-07 18:28:00
108903,188,7,5,150.8,pending,2026-08-05 02:12:00
108904,157,25,4,674.96,completed,2026-07-23 00:11:00
108905,102,31,2,959.04,pending,2026-07-11 18:32:00
108906,111,12,4,770.84,completed,2026-07-20 04:06:00
108907,197,4,1,332.53,completed,2026-07-01 09:38:00
108908,68,38,2,771.4,pending,2026-07-06 02:48:00
108909,22,32,5,529.5,cancelled,2026-07-08 07:04:00
108910,181,3,2,,pending,2026-08-10 17:51:00
108911,81,14,3,924.75,completed,2026-07-01 05:21:00
108912,17,2,5,2222.25,completed,2026-08-09 10:12:00
108913,136,17,4,942.44,completed,2026-07-23 15:38:00
108914,18,27,3,187.38,completed,2026-07-16 12:26:00
108915,206,50,2,205.56,cancelled,2026-07-04 10:46:00
108916,87,34,3,706.26,completed,2026-08-10 09:57:00
108917,144,6,4,1923.96,cancelled,2026-08-10 14:37:00
108918,11,20,2,562.3,completed,2026-07-22 12:34:00
108919,139,19,4,951.68,cancelled,2026-07-13 10:58:00
108920,191,4,4,1929.2,completed,2026-07-15 20:38:00
108921,162,6,4,,completed,2026-07-31 00:00:00
108922,9,16,3,1352.25,completed,2026-07-02 16:53:00
108923,205,29,2,375.38,cancelled,2026-07-09 15:17:00
108924,160,13,2,463.14,completed,2026-07-10 09:04:00
108925,15,30,4,987.12,pending,2026-07-16 23:48:00
108926,42,21,1,386.15,pending,2026-07-19 04:43:00
108927,155,9,4,702.0,completed,2026-07-12 06:45:00
108928,83,12,3,1236.81,completed,2026-07-09 10:10:00
108929,70,20,4,238.04,completed,2026-07-02 10:13:00
108930,136,17,5,585.35,completed,2026-07-26 01:40:00
108931,184,50,1,461.33,completed,2026-08-07 02:14:00
108932,19,16,1,429.14,completed,2026-07-27 14:00:00
108933,15,16,2,593.22,completed,2026-07-16 17:41:00
108934,40,37,4,1822.88,completed,2026-07-29 22:53:00
108935,119,47,3,1184.4,completed,2026-08-03 16:02:00
108936,74,27,4,182.36,completed,2026-08-05 07:15:00
108937,97,21,1,291.14,pending,2026-07-13 04:38:00
108938,144,38,5,1364.9,completed,2026-07-17 00:11:00
108939,1,46,1,303.78,completed,2026-07-10 21:36:00
108940,206,22,5,933.3,completed,2026-07-19 05:20:00
108941,1,1,3,1121.97,completed,2026-07-07 11:28:00
108942,15,10,4,126.64,completed,2026-07-18 00:24:00
108943,111,29,2,345.94,completed,2026-08-06 11:29:00
108944,6,38,4,326.96,pending,2026-07-04 15:27:00
108945,122,32,5,319.35,cancelled,2026-07-29 05:11:00
108946,113,30,4,685.32,completed,2026-07-30 13:59:00
108947,209,16,5,1150.1,completed,2026-08-10 05:52:00
108948,89,6,2,565.76,completed,2026-07-09 21:38:00
108949,179,22,4,591.04,cancelled,2026-07-24 00:23:00
108950,157,42,5,330.25,cancelled,2026-08-01 11:23:00
108951,164,1,3,1039.83,cancelled,2026-07-27 01:35:00
108952,199,32,4,402.68,completed,2026-08-05 07:35:00
108953,138,18,4,592.2,completed,2026-08-09 20:34:00
108954,177,29,4,1186.16,completed,2026-07-22 18:22:00
108955,12,33,2,824.12,completed,2026-08-10 11:19:00
108956,127,20,1,447.87,completed,2026-08-03 23:50:00
108957,129,36,5,2047.0,completed,2026-08-05 01:18:00
108958,157,9,4,733.72,completed,2026-07-14 15:26:00
108959,22,5,5,1635.7,completed,2026-07-04 10:02:00
108960,62,41,1,344.25,completed,2026-07-26 23:59:00
108961,31,41,5,1555.25,completed,2026-07-08 08:53:00
108962,156,14,4,1371.2,completed,2026-07-13 15:49:00
108963,36,17,5,1965.45,completed,2026-08-02 19:01:00
108964,157,44,2,205.18,completed,2026-07-25 00:58:00
108965,104,28,3,350.13,completed,2026-08-06 16:18:00
108966,78,32,4,1265.24,completed,2026-08-01 13:52:00
108967,152,25,2,577.2,completed,2026-08-09 13:38:00
108968,8,46,1,84.17,cancelled,2026-07-15 03:46:00
108969,114,11,2,320.74,completed,2026-07-08 18:01:00
108970,202,42,3,27.78,cancelled,2026-07-01 22:35:00
108971,93,46,4,341.64,completed,2026-07-16 12:07:00
108972,52,32,5,476.15,completed,2026-07-22 12:52:00
108973,203,40,1,268.88,completed,2026-07-07 06:53:00
108974,116,18,1,233.01,completed,2026-08-08 18:05:00
108975,51,12,3,1219.02,completed,2026-07-01 15:42:00
108976,160,8,2,,completed,2026-07-04 08:14:00
108977,30,31,3,120.12,completed,2026-07-26 16:36:00
108978,156,50,5,826.55,completed,2026-07-27 17:41:00
108979,202,1,2,,cancelled,2026-08-04 14:01:00
108980,18,27,4,1997.92,completed,2026-08-06 19:24:00
108981,165,49,2,324.7,completed,2026-07-30 02:59:00
108982,76,24,5,353.25,cancelled,2026-07-24 22:00:00
108983,174,23,2,15.68,completed,2026-08-05 12:50:00
108984,35,17,2,111.5,completed,2026-07-11 10:59:00
108985,77,43,5,1628.0,completed,2026-07-22 10:48:00
108986,152,14,1,171.03,completed,2026-07-26 21:20:00
108987,60,20,2,30.82,cancelled,2026-07-19 06:58:00
108988,165,16,5,2193.85,completed,2026-07-07 15:36:00
108989,208,39,5,1865.55,completed,2026-07-19 03:16:00
108990,36,50,3,1237.56,completed,2026-07-06 14:16:00
108991,206,3,4,1118.92,pending,2026-07-20 12:35:00
108992,197,21,2,575.48,cancelled,2026-07-10 17:14:00
108993,113,31,3,268.59,completed,2026-07-16 20:53:00
108994,134,23,5,2061.65,completed,2026-08-10 20:57:00
108995,199,46,2,203.78,completed,2026-07-02 23:45:00
108996,184,26,4,98.0,completed,2026-07-14 12:53:00
108997,198,25,2,781.02,completed,2026-07-07 03:51:00
108998,113,6,1,494.34,completed,2026-07-01 00:36:00
108999,65,27,2,748.16,completed,2026-07-12 22:22:00
109000,166,39,5,1464.35,completed,2026-07-19 15:04:00
109001,9,23,2,987.18,pending,2026-07-04 01:24:00
109002,188,12,5,1256.55,completed,2026-08-08 18:56:00
109003,152,3,5,1407.3,completed,2026-07-27 21:02:00
109004,35,48,4,1164.12,completed,2026-07-19 16:36:00
109005,128,31,1,367.58,completed,2026-07-23 20:24:00
109006,139,35,1,138.82,cancelled,2026-08-04 05:59:00
109007,18,34,3,602.07,completed,2026-07-20 13:08:00
109008,123,15,2,808.16,completed,2026-08-01 18:29:00
109009,143,24,2,631.38,cancelled,2026-07-08 12:14:00
109010,29,12,4,1474.88,completed,2026-07-05 03:44:00
109011,12,29,1,334.72,completed,2026-07-30 21:02:00
109012,1,43,2,272.36,completed,2026-07-21 08:49:00
109013,153,12,1,384.92,completed,2026-07-17 17:46:00
109014,75,45,2,259.78,completed,2026-08-08 03:07:00
109015,38,4,4,741.48,cancelled,2026-07-21 17:14:00
109016,179,31,3,912.93,cancelled,2026-07-10 13:05:00
109017,144,43,1,156.82,completed,2026-07-31 15:45:00
109018,172,28,1,457.37,completed,2026-08-07 09:07:00
109019,4,48,1,379.11,completed,2026-08-03 05:10:00
109020,41,1,2,109.34,completed,2026-07-02 02:04:00
109021,172,28,2,21.9,cancelled,2026-07-20 16:12:00
109022,42,49,4,263.56,completed,2026-08-03 17:13:00
109023,110,36,5,2106.25,completed,2026-07-05 15:22:00
109024,108,18,2,450.26,completed,2026-07-01 12:25:00
109025,55,9,4,1397.8,completed,2026-08-09 14:21:00
109026,101,21,5,418.85,pending,2026-07-16 06:17:00
109027,55,3,4,1720.88,completed,2026-07-08 19:30:00
109028,178,42,4,1130.8,completed,2026-07-05 15:56:00
109029,111,33,2,98.14,pending,2026-07-09 17:00:00
109030,29,21,3,582.9,completed,2026-07-18 23:20:00
109031,173,32,4,1668.48,pending,2026-07-06 21:13:00
109032,100,6,5,2479.5,completed,2026-07-26 20:30:00
109033,67,49,2,919.34,completed,2026-07-18 02:36:00
109034,51,7,2,350.08,pending,2026-07-12 02:30:00
109035,7,3,2,407.78,completed,2026-08-09 03:45:00
109036,76,46,4,1881.96,completed,2026-07-27 19:47:00
109037,44,36,5,1341.65,completed,2026-08-09 04:21:00
109038,206,7,5,1120.3,completed,2026-07-07 03:36:00
109039,31,45,3,1293.3,completed,2026-07-07 20:10:00
109040,48,13,2,467.58,cancelled,2026-07-25 03:36:00
109041,22,47,4,1834.56,cancelled,2026-07-05 16:31:00
109042,41,36,3,1256.19,completed,2026-08-10 09:02:00
109043,144,35,3,1290.63,completed,2026-07-15 06:32:00
109044,184,6,1,385.8,completed,2026-07-23 00:52:00
109045,102,17,4,568.16,completed,2026-07-05 16:45:00
109046,132,9,4,753.56,completed,2026-07-23 19:37:00
109047,141,50,3,967.23,completed,2026-07-10 20:20:00
109048,210,36,1,96.9,pending,2026-07-28 05:26:00
109049,16,36,1,283.67,completed,2026-07-01 13:36:00
109050,184,20,4,871.76,completed,2026-07-07 22:20:00
109051,166,33,5,602.2,completed,2026-07-09 06:23:00
109052,208,39,4,351.4,completed,2026-07-13 00:19:00
109053,15,40,3,262.71,cancelled,2026-08-02 11:35:00
109054,26,34,5,1527.85,completed,2026-07-04 03:15:00
109055,98,28,4,1292.64,completed,2026-07-12 11:21:00
109056,180,18,1,383.64,completed,2026-08-09 19:10:00
109057,35,48,3,900.42,completed,2026-07-06 00:22:00
109058,159,20,3,428.61,completed,2026-07-16 06:25:00
109059,167,28,5,1899.0,completed,2026-07-31 14:10:00
109060,156,48,1,111.54,completed,2026-07-31 01:38:00
109061,20,50,2,166.56,cancelled,2026-08-08 22:23:00
109062,130,28,1,274.07,completed,2026-08-05 17:56:00
109063,115,32,4,166.44,completed,2026-07-23 00:22:00
109064,126,37,3,1131.48,pending,2026-07-28 10:18:00
109065,182,16,1,397.19,completed,2026-08-03 17:23:00
109066,168,12,2,182.36,completed,2026-07-02 13:03:00
109067,66,20,2,395.48,completed,2026-07-02 02:47:00
109068,123,15,3,1174.14,completed,2026-07-03 19:23:00
109069,65,27,2,885.22,cancelled,2026-07-20 05:41:00
109070,38,42,1,166.02,completed,2026-07-23 21:57:00
109071,15,49,2,843.02,completed,2026-07-20 20:17:00
109072,155,38,4,643.96,completed,2026-07-12 06:41:00
109073,125,46,2,528.66,completed,2026-07-12 07:15:00
109074,75,22,1,391.44,completed,2026-07-18 19:48:00
109075,156,38,2,298.72,completed,2026-08-01 04:42:00
109076,10,27,2,589.02,pending,2026-07-01 02:40:00
109077,20,41,3,1158.57,completed,2026-07-02 16:04:00
109078,30,45,4,268.52,completed,2026-08-02 18:53:00
109079,139,18,3,392.73,completed,2026-07-08 07:00:00
109080,161,16,4,1403.6,cancelled,2026-08-01 16:15:00
109081,135,8,3,277.68,completed,2026-07-31 03:46:00
109082,120,43,4,1979.88,completed,2026-07-21 02:28:00
109083,10,12,4,557.92,pending,2026-07-03 12:13:00
109084,118,15,1,232.71,completed,2026-07-22 19:00:00
109085,171,17,3,1125.42,completed,2026-07-27 05:27:00
109086,87,21,4,954.48,completed,2026-07-09 15:00:00
109087,2,38,1,160.06,completed,2026-08-04 19:25:00
109088,122,31,1,182.82,completed,2026-07-26 20:18:00
109089,153,27,1,146.93,cancelled,2026-07-23 03:58:00
109090,96,20,2,202.06,cancelled,2026-07-10 06:26:00
109091,20,41,5,1306.75,completed,2026-07-05 11:23:00
109092,14,9,4,1857.28,completed,2026-07-14 17:10:00
109093,201,44,5,1901.2,completed,2026-07-09 09:21:00
109094,170,44,1,487.9,completed,2026-07-21 20:43:00
109095,56,24,2,126.86,completed,2026-07-18 06:48:00
109096,106,5,5,758.35,completed,2026-07-31 12:46:00
109097,156,2,4,1656.88,cancelled,2026-07-29 04:42:00
109098,175,26,4,271.4,completed,2026-08-08 18:04:00
109099,173,9,1,,completed,2026-07-03 10:11:00
109100,132,3,4,535.16,completed,2026-07-06 15:44:00
109101,66,2,2,352.62,completed,2026-07-19 16:38:00
109102,174,14,1,95.69,completed,2026-08-02 07:19:00
109103,156,23,4,848.08,completed,2026-07-31 16:17:00
109104,66,42,1,462.57,pending,2026-07-07 21:58:00
109105,166,4,2,141.84,completed,2026-07-09 18:57:00
109106,72,24,3,1413.0,completed,2026-07-10 21:53:00
109107,134,31,2,804.92,completed,2026-07-27 04:27:00
109108,99,47,3,1153.32,cancelled,2026-07-26 18:32:00
109109,24,34,4,1057.44,completed,2026-07-18 04:23:00
109110,41,23,2,489.6,completed,2026-08-08 06:50:00
109111,200,24,5,418.5,completed,2026-08-10 11:11:00
109112,40,5,5,1935.5,completed,2026-08-09 20:54:00
109113,192,8,4,1731.84,completed,2026-07-13 02:23:00
109114,56,3,5,482.8,completed,2026-07-12 17:11:00
109115,70,48,5,2216.95,completed,2026-07-27 06:44:00
109116,181,5,4,1896.0,completed,2026-07-06 23:49:00
109117,25,20,3,893.61,cancelled,2026-07-10 06:05:00
109118,176,16,4,156.88,completed,2026-08-04 13:09:00
109119,49,18,3,190.62,completed,2026-08-09 11:01:00
109120,71,40,4,692.0,completed,2026-08-02 11:07:00
109121,81,12,3,540.48,completed,2026-07-09 07:43:00
109122,15,4,1,406.93,completed,2026-07-09 16:20:00
109123,180,32,3,740.82,completed,2026-07-26 05:51:00
109124,106,11,3,1208.82,completed,2026-08-08 08:32:00
109125,146,45,2,328.76,completed,2026-08-09 08:16:00
109126,129,10,1,345.38,completed,2026-07-22 12:49:00
109127,192,42,1,126.46,completed,2026-07-05 11:55:00
109128,107,10,1,339.97,completed,2026-07-18 12:41:00
109129,27,8,4,,completed,2026-08-04 04:32:00
109130,84,34,5,683.4,completed,2026-07-10 22:05:00
109131,63,32,3,164.19,completed,2026-08-01 03:35:00
109132,209,29,1,430.24,completed,2026-08-08 21:57:00
109133,195,6,5,584.1,completed,2026-08-07 12:58:00
109134,53,8,5,701.9,cancelled,2026-07-09 15:41:00
109135,205,35,5,1631.65,completed,2026-07-09 13:37:00
109136,171,39,3,481.65,completed,2026-08-09 15:47:00
109137,39,31,5,2435.65,cancelled,2026-08-10 09:33:00
109138,51,8,5,1813.2,completed,2026-07-09 05:41:00
109139,196,8,4,,completed,2026-07-27 11:33:00
109140,96,30,4,1827.76,completed,2026-07-03 00:14:00
109141,25,30,3,1403.4,completed,2026-07-24 09:58:00
109142,187,46,4,1327.12,completed,2026-07-25 01:15:00
109143,91,24,1,370.92,completed,2026-07-09 05:49:00
109144,59,30,1,285.16,completed,2026-07-24 01:21:00
109145,126,24,4,1944.88,pending,2026-07-14 17:56:00
109146,103,5,5,2231.0,completed,2026-07-18 19:15:00
109147,100,39,4,775.24,pending,2026-08-01 02:48:00
109148,150,21,3,174.27,completed,2026-07-06 02:45:00
109149,121,38,5,1770.6,pending,2026-08-05 14:08:00
109150,98,43,2,667.88,completed,2026-07-23 22:22:00
109151,200,21,3,488.73,completed,2026-07-17 21:10:00
109152,93,12,5,1995.6,completed,2026-08-09 11:37:00
109153,33,12,2,119.58,completed,2026-07-26 00:26:00
109154,85,12,1,416.61,completed,2026-07-04 23:07:00
109155,189,35,4,1955.4,completed,2026-08-09 04:18:00
109156,81,1,5,1850.2,completed,2026-07-01 11:23:00
109157,101,35,4,1746.2,completed,2026-07-08 16:55:00
109158,207,16,4,374.88,completed,2026-08-02 20:40:00
109159,145,5,1,418.42,completed,2026-07-18 12:29:00
109160,176,4,2,244.44,cancelled,2026-07-15 04:56:00
109161,182,18,2,970.26,completed,2026-07-18 22:04:00
109162,141,17,3,157.29,completed,2026-07-28 15:41:00
109163,2,23,5,1191.15,cancelled,2026-08-02 23:38:00
109164,196,35,4,534.52,cancelled,2026-07-31 20:38:00
109165,50,28,2,476.8,cancelled,2026-07-18 07:43:00
109166,160,46,3,18.24,completed,2026-07-18 17:54:00
109167,46,39,4,287.04,completed,2026-07-25 01:44:00
109168,206,14,5,890.9,completed,2026-08-09 08:31:00
109169,99,6,1,125.98,completed,2026-08-10 07:49:00
109170,65,24,3,277.98,completed,2026-07-15 07:17:00
109171,41,37,1,64.66,completed,2026-07-08 10:07:00
109172,4,6,5,539.15,completed,2026-08-05 08:33:00
109173,78,45,3,1155.69,cancelled,2026-07-05 16:38:00
109174,183,6,3,176.88,completed,2026-07-22 03:36:00
109175,108,46,1,370.43,cancelled,2026-07-01 19:12:00
109176,56,2,3,925.35,cancelled,2026-07-07 18:48:00
109177,88,13,5,1309.85,cancelled,2026-07-30 19:28:00
109178,23,4,4,1456.68,completed,2026-07-29 07:42:00
109179,92,3,3,981.18,completed,2026-07-01 23:18:00
109180,191,22,5,1193.8,completed,2026-07-13 02:13:00
109181,203,35,2,580.38,completed,2026-08-03 21:19:00
109182,156,40,2,131.44,completed,2026-07-02 12:39:00
109183,137,21,4,1611.56,cancelled,2026-07-21 13:03:00
109184,83,7,5,1775.7,completed,2026-07-05 21:01:00
109185,27,1,4,1077.68,cancelled,2026-07-18 13:17:00
109186,163,10,2,521.0,completed,2026-07-11 16:43:00
109187,113,36,1,252.65,completed,2026-07-30 21:25:00
109188,74,30,3,1213.53,completed,2026-07-06 20:56:00
109189,60,49,2,916.2,completed,2026-08-02 11:23:00
109190,156,16,4,1222.72,cancelled,2026-08-08 01:24:00
109191,78,47,3,1129.95,completed,2026-07-10 21:26:00
109192,87,30,5,201.1,completed,2026-08-06 14:37:00
109193,100,17,3,,completed,2026-07-01 12:44:00
109194,204,40,3,1480.56,cancelled,2026-08-01 04:19:00
109195,148,17,1,18.64,completed,2026-07-07 09:07:00
109196,202,36,5,1566.95,pending,2026-07-22 01:51:00
109197,93,37,3,1357.53,pending,2026-07-10 20:42:00
109198,108,12,1,93.91,cancelled,2026-08-10 05:35:00
109199,45,1,2,358.58,completed,2026-07-06 14:35:00
109200,78,17,1,397.97,completed,2026-08-03 15:38:00
109201,145,34,2,882.62,completed,2026-07-20 06:10:00
109202,124,10,4,1273.2,completed,2026-08-05 12:03:00
109203,27,44,1,43.26,completed,2026-07-24 11:01:00
109204,159,12,4,1162.08,completed,2026-07-04 03:33:00
109205,132,4,2,50.62,completed,2026-07-01 06:35:00
109206,184,17,5,1778.7,completed,2026-08-06 01:01:00
109207,139,42,4,855.12,cancelled,2026-07-21 00:07:00
109208,106,19,3,869.25,completed,2026-07-29 08:53:00
109209,155,41,1,411.6,cancelled,2026-07-28 18:40:00
109210,8,27,4,1029.84,completed,2026-07-09 19:46:00
109211,92,50,2,640.28,completed,2026-07-21 08:33:00
109212,158,10,3,481.32,completed,2026-07-04 01:53:00
109213,175,5,5,2210.4,completed,2026-07-25 22:26:00
109214,138,23,2,902.08,completed,2026-07-25 12:55:00
109215,45,5,3,1260.09,completed,2026-07-11 10:17:00
109216,131,44,1,44.95,completed,2026-07-09 13:53:00
109217,110,44,3,855.15,completed,2026-07-14 23:51:00
109218,156,18,3,1055.79,completed,2026-07-11 11:43:00
109219,75,6,4,734.72,completed,2026-07-11 14:05:00
109220,162,24,2,884.94,completed,2026-07-29 07:18:00
109221,148,33,3,414.0,completed,2026-07-04 07:36:00
109222,131,22,4,923.92,cancelled,2026-08-08 08:51:00
109223,66,29,1,428.57,pending,2026-08-05 19:20:00
109224,169,50,4,946.72,cancelled,2026-07-16 17:35:00
109225,66,7,5,1132.8,completed,2026-07-09 06:45:00
109226,21,32,4,1451.16,completed,2026-07-07 10:01:00
109227,207,19,5,207.55,completed,2026-07-02 08:59:00
109228,21,13,1,441.3,cancelled,2026-07-07 10:54:00
109229,86,15,5,937.7,completed,2026-07-31 15:21:00
109230,204,21,5,96.15,completed,2026-08-04 22:03:00
109231,148,36,2,,completed,2026-08-05 05:27:00
109232,182,24,5,2001.95,completed,2026-07-29 11:29:00
109233,86,49,4,,completed,2026-07-16 09:53:00
109234,177,4,5,2351.55,completed,2026-07-11 13:34:00
109235,186,29,2,238.7,pending,2026-07-25 07:45:00
109236,101,48,2,237.82,completed,2026-07-10 00:09:00
109237,172,15,3,329.7,completed,2026-08-09 21:34:00
109238,130,50,3,1293.6,cancelled,2026-08-01 03:25:00
109239,42,6,1,38.3,cancelled,2026-07-29 07:48:00
109240,128,40,5,1322.4,completed,2026-07-13 20:45:00
109241,49,37,1,69.35,completed,2026-08-09 08:52:00
109242,138,39,3,203.7,completed,2026-08-05 13:47:00
109243,64,27,3,220.08,completed,2026-07-16 10:34:00
109244,90,35,2,825.14,completed,2026-08-03 09:17:00
109245,134,38,1,274.98,completed,2026-08-06 13:41:00
109246,67,36,3,614.76,completed,2026-07-23 03:29:00
109247,162,4,2,391.36,completed,2026-08-04 13:07:00
109248,116,30,1,437.54,completed,2026-07-25 21:05:00
109249,144,45,4,1667.32,cancelled,2026-07-03 11:12:00
109250,210,26,2,726.96,completed,2026-07-04 06:07:00
109251,64,50,5,2307.15,completed,2026-07-28 21:38:00
109252,175,27,2,859.64,completed,2026-07-07 23:14:00
109253,199,13,2,20.16,cancelled,2026-08-05 18:05:00
109254,56,16,3,43.74,completed,2026-07-24 07:46:00
109255,67,9,1,288.49,completed,2026-07-16 23:58:00
109256,100,2,2,416.58,completed,2026-08-02 01:35:00
109257,155,28,5,776.35,completed,2026-07-08 05:58:00
109258,129,2,4,1077.0,completed,2026-07-04 20:58:00
109259,142,5,5,2237.4,cancelled,2026-07-10 21:12:00
109260,62,9,5,42.7,completed,2026-07-25 05:00:00
109261,200,5,2,,pending,2026-07-13 22:01:00
109262,32,15,2,241.96,completed,2026-07-09 15:44:00
109263,2,25,3,1482.99,cancelled,2026-08-06 00:30:00
109264,68,2,2,473.74,completed,2026-07-08 18:11:00
109265,207,41,3,364.65,completed,2026-08-10 05:11:00
109266,145,35,3,857.25,completed,2026-07-22 10:19:00
109267,162,6,1,424.1,completed,2026-07-25 23:08:00
109268,108,6,1,320.14,completed,2026-08-09 07:35:00
109269,41,50,2,503.12,completed,2026-07-15 13:39:00
109270,13,14,5,356.6,completed,2026-07-31 11:38:00
109271,194,24,4,1195.76,completed,2026-07-17 18:12:00
109272,107,36,4,1652.24,completed,2026-07-13 05:54:00
109273,4,35,1,20.07,cancelled,2026-07-02 00:59:00
109274,54,38,2,378.64,completed,2026-07-31 16:11:00
109275,138,38,3,918.99,completed,2026-08-01 00:21:00
109276,50,32,4,1427.12,completed,2026-07-27 17:56:00
109277,52,36,2,895.96,completed,2026-07-20 08:16:00
109278,39,40,1,314.82,cancelled,2026-07-08 04:17:00
109279,140,20,3,42.75,completed,2026-07-01 14:22:00
109280,157,11,2,204.34,completed,2026-07-12 12:15:00
109281,94,17,4,445.0,completed,2026-07-20 07:43:00
109282,200,21,3,358.14,completed,2026-07-05 08:43:00
109283,80,42,1,443.42,completed,2026-07-24 23:04:00
109284,153,26,2,521.34,completed,2026-07-23 01:00:00
109285,62,12,3,1073.55,completed,2026-07-21 06:05:00
109286,196,39,2,,completed,2026-07-31 14:34:00
109287,27,18,4,1031.84,completed,2026-07-02 17:29:00
109288,165,8,3,1200.3,completed,2026-07-14 22:45:00
109289,168,26,2,875.9,completed,2026-07-14 07:14:00
109290,123,27,1,7.73,cancelled,2026-07-04 12:08:00
109291,65,14,3,,cancelled,2026-07-26 11:31:00
109292,136,37,5,1224.7,completed,2026-08-01 00:59:00
109293,92,42,1,52.56,completed,2026-08-02 10:03:00
109294,31,10,3,903.33,cancelled,2026-08-06 19:06:00
109295,68,6,1,444.42,completed,2026-07-02 09:48:00
109296,106,31,2,583.26,completed,2026-07-16 04:37:00
109297,40,26,5,334.8,completed,2026-08-09 02:47:00
109298,165,41,4,745.32,completed,2026-07-05 09:22:00
109299,127,13,3,676.95,cancelled,2026-07-24 09:30:00
109300,122,11,2,779.44,completed,2026-07-26 19:15:00
109301,194,38,5,539.8,pending,2026-07-15 07:35:00
109302,106,19,3,1173.42,cancelled,2026-07-29 21:01:00
109303,189,45,1,359.43,cancelled,2026-07-12 13:50:00
109304,87,13,4,1425.0,completed,2026-08-04 08:15:00
109305,8,16,2,866.34,completed,2026-07-12 12:12:00
109306,103,4,3,191.22,completed,2026-07-28 01:32:00
109307,207,13,2,943.76,completed,2026-08-03 06:36:00
109308,167,7,3,438.12,completed,2026-07-13 10:17:00
109309,145,24,5,,completed,2026-07-22 18:36:00
109310,34,43,1,417.88,completed,2026-07-29 14:02:00
109311,26,13,4,45.8,completed,2026-08-01 11:35:00
109312,56,14,3,664.89,completed,2026-07-01 02:26:00
109313,80,4,5,335.4,completed,2026-07-05 18:10:00
109314,110,26,5,1546.2,completed,2026-07-10 08:49:00
109315,129,40,1,,completed,2026-08-08 19:57:00
109316,169,41,4,1676.48,cancelled,2026-08-03 21:39:00
109317,25,41,1,214.54,cancelled,2026-07-11 10:25:00
109318,98,47,5,810.55,pending,2026-08-03 11:30:00
109319,37,37,1,176.02,completed,2026-07-03 19:25:00
109320,195,38,4,47.48,completed,2026-07-30 19:49:00
109321,53,16,3,161.1,completed,2026-07-10 11:33:00
109322,18,33,5,2355.15,completed,2026-07-11 00:13:00
109323,32,36,1,204.73,completed,2026-08-03 01:41:00
109324,137,9,2,918.92,cancelled,2026-07-23 15:35:00
109325,199,22,4,627.0,completed,2026-07-27 00:08:00
109326,84,29,3,1105.41,completed,2026-07-26 01:28:00
109327,132,2,4,1410.08,completed,2026-08-05 13:18:00
109328,23,23,4,1078.56,completed,2026-07-10 08:01:00
109329,91,25,4,1807.84,cancelled,2026-07-27 07:37:00
109330,185,13,3,1207.5,cancelled,2026-07-22 17:45:00
109331,29,50,2,321.4,cancelled,2026-07-25 03:11:00
109332,184,27,3,106.5,completed,2026-07-01 18:05:00
109333,154,26,3,608.79,pending,2026-07-29 21:49:00
109334,172,50,3,782.31,pending,2026-08-06 01:55:00
109335,20,16,4,1354.92,cancelled,2026-07-16 08:57:00
109336,197,9,4,1196.32,pending,2026-07-10 02:10:00
109337,155,39,1,144.52,completed,2026-07-16 15:03:00
109338,50,27,2,288.92,completed,2026-07-24 22:20:00
109339,194,48,1,98.15,completed,2026-07-09 05:35:00
109340,92,21,4,1663.52,completed,2026-07-11 09:59:00
109341,8,38,2,366.48,completed,2026-07-05 03:39:00
109342,183,38,1,257.2,completed,2026-07-06 05:26:00
109343,68,45,1,200.41,completed,2026-07-09 01:23:00
109344,201,44,5,459.4,completed,2026-08-02 04:54:00
109345,168,35,2,781.18,completed,2026-07-16 14:42:00
109346,17,10,5,601.65,pending,2026-07-18 12:56:00
109347,166,30,3,956.25,completed,2026-07-18 17:02:00
109348,11,45,3,499.47,completed,2026-08-10 08:42:00
109349,209,24,1,175.18,completed,2026-07-14 03:58:00
109350,31,28,5,1776.3,completed,2026-08-08 03:36:00
109351,148,47,5,751.35,completed,2026-08-02 22:02:00
109352,146,20,2,576.94,completed,2026-07-25 08:14:00
109353,167,17,2,616.72,completed,2026-08-03 05:25:00
109354,114,46,2,358.5,cancelled,2026-07-12 03:48:00
109355,207,38,3,946.53,completed,2026-07-24 00:51:00
109356,46,10,1,240.75,cancelled,2026-07-09 09:20:00
109357,103,15,3,809.4,completed,2026-07-20 15:40:00
109358,110,41,5,1096.4,cancelled,2026-08-09 18:40:00
109359,77,43,5,1620.75,completed,2026-08-02 14:15:00
109360,196,49,2,930.82,completed,2026-07-23 07:40:00
109361,32,45,4,872.36,completed,2026-07-21 18:52:00
109362,209,19,1,489.57,completed,2026-07-10 03:24:00
109363,153,46,5,2449.4,completed,2026-08-06 23:06:00
109364,210,34,1,86.8,completed,2026-07-30 06:25:00
109365,85,46,4,1468.64,completed,2026-08-08 10:43:00
109366,189,42,2,769.46,completed,2026-07-22 18:47:00
109367,40,33,1,463.65,completed,2026-08-01 13:18:00
109368,197,42,3,16.92,cancelled,2026-07-03 16:49:00
109369,207,1,3,397.44,completed,2026-08-03 05:23:00
109370,149,28,5,,completed,2026-07-18 11:48:00
109371,118,47,4,1991.28,cancelled,2026-07-09 19:57:00
109372,141,47,4,486.12,completed,2026-08-07 15:53:00
109373,198,42,2,62.88,completed,2026-07-13 06:51:00
109374,85,43,1,285.84,completed,2026-07-30 02:39:00
109375,66,43,2,375.84,completed,2026-07-15 17:54:00
109376,72,46,2,654.86,cancelled,2026-08-03 06:04:00
109377,61,5,4,1676.16,completed,2026-08-08 11:17:00
109378,93,39,5,1651.15,completed,2026-07-30 08:25:00
109379,98,25,2,314.32,pending,2026-07-19 03:30:00
109380,106,11,3,,completed,2026-07-30 04:06:00
109381,126,33,3,,cancelled,2026-07-08 21:26:00
109382,93,49,4,1872.84,completed,2026-07-02 15:47:00
109383,98,33,5,643.3,completed,2026-07-22 03:35:00
109384,73,21,3,176.34,completed,2026-08-05 04:06:00
109385,80,41,3,1094.94,completed,2026-07-02 18:14:00
109386,192,22,4,1645.44,completed,2026-07-31 08:59:00
109387,185,5,3,597.78,completed,2026-08-07 23:02:00
109388,201,42,4,1730.32,completed,2026-08-02 07:21:00
109389,22,42,4,1555.16,cancelled,2026-07-25 03:42:00
109390,63,27,2,214.88,cancelled,2026-07-16 09:01:00
109391,206,37,3,107.13,cancelled,2026-08-07 11:24:00
109392,184,1,2,304.68,completed,2026-07-19 03:47:00
109393,79,27,3,122.19,completed,2026-07-07 13:41:00
109394,56,36,5,2303.1,completed,2026-08-01 16:18:00
109395,184,31,3,345.0,completed,2026-07-31 22:01:00
109396,137,33,2,49.1,completed,2026-07-03 18:09:00
109397,126,28,1,392.41,completed,2026-07-23 10:46:00
109398,100,26,3,1395.6,completed,2026-07-19 09:42:00
109399,164,5,1,86.51,completed,2026-07-06 04:10:00
109400,67,17,2,495.04,cancelled,2026-07-17 14:22:00
109401,46,40,1,49.06,completed,2026-08-01 01:02:00
109402,63,4,3,903.03,completed,2026-07-26 18:51:00
109403,179,19,5,977.45,cancelled,2026-07-17 10:23:00
109404,149,16,3,1233.48,cancelled,2026-07-20 03:31:00
109405,154,19,5,1528.95,completed,2026-07-14 08:47:00
109406,154,44,1,463.31,completed,2026-07-25 23:06:00
109407,201,17,3,419.7,completed,2026-07-18 17:53:00
109408,157,5,1,46.05,completed,2026-07-04 20:36:00
109409,56,19,1,199.81,completed,2026-07-17 23:05:00
109410,28,7,1,416.79,completed,2026-07-19 09:34:00
109411,204,5,1,288.43,completed,2026-07-09 17:37:00
109412,208,41,2,509.9,completed,2026-07-16 14:15:00
109413,137,35,2,566.36,completed,2026-07-12 16:03:00
109414,177,25,2,826.12,completed,2026-07-01 20:03:00
109415,81,3,2,433.5,cancelled,2026-07-16 02:06:00
109416,65,6,4,409.6,completed,2026-07-16 04:24:00
109417,32,4,5,765.05,completed,2026-08-04 18:58:00
109418,202,14,5,1896.45,completed,2026-08-08 18:02:00
109419,78,36,5,484.15,completed,2026-08-10 10:05:00
109420,190,15,2,782.94,pending,2026-07-02 10:59:00
109421,99,15,3,1247.28,completed,2026-07-21 01:06:00
109422,45,4,5,2245.1,completed,2026-08-07 22:40:00
109423,54,9,3,1057.23,completed,2026-07-22 04:04:00
109424,26,31,4,91.4,completed,2026-07-29 07:51:00
109425,64,28,3,1330.2,completed,2026-08-06 16:03:00
109426,144,30,4,,completed,2026-07-02 05:29:00
109427,29,6,5,1385.7,pending,2026-08-02 08:05:00
109428,57,25,3,497.16,completed,2026-07-26 21:18:00
109429,42,42,1,290.63,completed,2026-08-05 22:47:00
109430,137,35,5,1104.9,completed,2026-08-06 20:04:00
109431,76,4,5,357.3,completed,2026-07-27 18:49:00
109432,206,22,5,2145.3,completed,2026-07-30 17:52:00
109433,97,13,2,259.24,completed,2026-07-17 02:39:00
109434,161,8,3,865.8,completed,2026-08-06 10:12:00
109435,192,7,2,413.48,completed,2026-07-11 01:42:00
109436,63,50,3,19.68,cancelled,2026-07-12 17:23:00
109437,177,39,3,1420.32,completed,2026-07-13 14:36:00
109438,115,3,5,1230.45,completed,2026-07-20 01:37:00
109439,37,28,2,497.54,completed,2026-07-12 21:18:00
109440,160,26,3,956.07,completed,2026-08-06 12:19:00
109441,28,45,4,299.44,completed,2026-07-24 00:13:00
109442,99,47,4,1379.08,completed,2026-07-20 22:14:00
109443,137,26,5,524.6,completed,2026-07-17 05:27:00
109444,151,32,5,1159.9,pending,2026-08-10 18:51:00
109445,201,11,2,31.38,cancelled,2026-08-03 12:23:00
109446,32,42,5,1613.6,completed,2026-07-26 10:31:00
109447,13,29,3,1297.02,pending,2026-07-14 20:48:00
109448,119,39,2,369.3,completed,2026-07-13 06:39:00
109449,174,5,2,,completed,2026-07-01 23:21:00
109450,86,11,3,656.88,completed,2026-07-20 01:31:00
109451,91,18,2,422.56,completed,2026-07-24 13:26:00
109452,110,16,3,1398.33,completed,2026-07-23 15:02:00
109453,126,42,1,322.66,completed,2026-07-24 07:46:00
109454,74,13,2,369.2,completed,2026-07-25 17:32:00
109455,131,36,4,1887.56,completed,2026-07-11 18:06:00
109456,30,26,2,982.98,completed,2026-08-07 19:42:00
109457,132,30,3,1280.28,completed,2026-07-27 03:28:00
109458,182,4,4,1625.24,completed,2026-07-09 22:15:00
109459,64,22,1,151.32,completed,2026-07-21 05:45:00
109460,45,28,1,,cancelled,2026-07-05 00:31:00
109461,111,3,2,682.88,completed,2026-07-25 17:41:00
109462,32,5,5,2173.15,completed,2026-07-02 18:03:00
109463,158,14,3,733.2,completed,2026-07-11 02:34:00
109464,81,43,3,,completed,2026-07-12 00:48:00
109465,84,32,3,1250.31,completed,2026-07-08 19:34:00
109466,138,9,5,1728.4,completed,2026-07-12 01:57:00
109467,17,40,1,463.62,completed,2026-07-06 23:52:00
109468,6,12,2,823.16,completed,2026-07-09 03:51:00
109469,165,6,2,569.54,completed,2026-07-25 04:15:00
109470,168,7,3,1414.71,completed,2026-07-08 17:13:00
109471,154,29,2,151.32,completed,2026-07-15 04:23:00
109472,93,3,3,1248.0,completed,2026-07-04 17:35:00
109473,30,5,2,832.86,completed,2026-07-15 17:26:00
109474,98,38,5,1244.9,completed,2026-08-04 05:04:00
109475,140,19,5,525.25,pending,2026-08-05 20:27:00
109476,187,4,5,2227.45,completed,2026-07-27 06:19:00
109477,175,21,2,507.72,completed,2026-07-20 10:08:00
109478,137,2,4,1163.04,completed,2026-08-03 20:31:00
109479,127,9,4,1071.36,completed,2026-07-13 07:31:00
109480,127,15,4,1700.84,pending,2026-07-18 12:22:00
109481,89,7,5,1740.8,completed,2026-07-19 12:52:00
109482,13,22,2,866.1,cancelled,2026-08-06 13:06:00
109483,42,1,2,367.9,completed,2026-07-11 06:10:00
109484,65,27,5,471.65,completed,2026-08-06 15:02:00
109485,32,8,5,738.85,cancelled,2026-08-01 14:46:00
109486,102,6,1,265.26,completed,2026-07-08 03:32:00
109487,167,35,4,962.16,completed,2026-07-18 16:52:00
109488,55,48,2,377.44,completed,2026-08-06 15:51:00
109489,57,9,4,884.16,completed,2026-07-02 15:57:00
109490,157,27,1,263.57,completed,2026-07-12 19:50:00
109491,91,5,2,518.98,cancelled,2026-07-11 01:17:00
109492,147,32,4,575.96,completed,2026-07-08 22:26:00
109493,172,15,3,225.96,completed,2026-08-09 11:23:00
109494,20,14,3,690.27,completed,2026-07-12 17:55:00
109495,40,6,3,1059.78,completed,2026-07-02 08:52:00
109496,186,15,4,100.44,completed,2026-08-02 08:39:00
109497,210,49,4,1754.32,completed,2026-08-05 01:12:00
109498,46,11,4,1682.8,pending,2026-07-06 22:38:00
109499,62,45,3,371.25,completed,2026-08-03 13:08:00
109500,22,17,4,,completed,2026-07-01 21:40:00
109501,6,25,1,475.9,completed,2026-07-17 16:13:00
109502,84,17,1,438.07,pending,2026-08-10 07:38:00
109503,15,32,2,975.72,completed,2026-07-27 02:47:00
109504,29,12,3,937.68,pending,2026-07-18 20:30:00
109505,28,28,4,845.8,completed,2026-07-09 17:52:00
109506,130,9,5,1241.3,completed,2026-07-14 07:13:00
109507,34,47,4,821.2,cancelled,2026-07-18 11:02:00
109508,117,7,2,953.18,completed,2026-07-25 05:21:00
109509,132,27,1,347.55,completed,2026-07-30 21:48:00
109510,64,25,5,2002.1,completed,2026-07-17 22:34:00
109511,16,7,1,431.4,completed,2026-07-16 10:07:00
109512,8,34,4,1542.04,completed,2026-08-01 14:26:00
109513,136,38,3,680.13,completed,2026-07-26 22:02:00
109514,13,33,1,189.78,completed,2026-07-27 15:39:00
109515,48,28,2,520.72,completed,2026-07-03 21:21:00
109516,129,45,4,108.52,completed,2026-07-12 09:46:00
109517,167,32,1,415.82,completed,2026-07-19 23:28:00
109518,182,13,2,880.22,completed,2026-07-18 06:22:00
109519,202,16,3,639.81,completed,2026-08-06 17:51:00
109520,88,16,2,504.42,completed,2026-07-24 18:01:00
109521,38,25,3,635.31,completed,2026-07-21 22:39:00
109522,85,10,5,1514.85,completed,2026-07-11 17:44:00
109523,49,17,5,1587.15,completed,2026-07-10 02:18:00
109524,88,28,5,1626.8,completed,2026-07-30 09:54:00
109525,6,30,2,322.12,completed,2026-08-08 11:01:00
109526,49,12,2,721.78,cancelled,2026-08-05 05:15:00
109527,94,35,3,355.59,completed,2026-07-15 13:44:00
109528,192,12,4,1615.28,completed,2026-07-05 02:55:00
109529,207,33,3,1164.45,completed,2026-07-10 00:22:00
109530,26,50,1,150.23,pending,2026-07-22 18:53:00
109531,97,14,4,985.64,completed,2026-07-28 12:01:00
109532,114,29,4,1647.08,cancelled,2026-08-03 01:18:00
109533,49,30,2,755.18,completed,2026-08-07 23:40:00
109534,170,35,4,,cancelled,2026-07-11 19:48:00
109535,93,29,4,939.88,completed,2026-07-13 22:15:00
109536,158,30,2,863.1,cancelled,2026-07-12 13:54:00
109537,158,41,1,427.48,cancelled,2026-08-03 23:09:00
109538,133,2,4,1044.76,completed,2026-07-11 01:11:00
109539,21,19,1,498.24,cancelled,2026-07-28 21:53:00
109540,102,47,3,1275.84,completed,2026-07-01 07:31:00
109541,103,9,3,1146.75,pending,2026-08-01 15:30:00
109542,130,20,2,239.32,pending,2026-07-23 23:25:00
109543,52,24,1,283.82,completed,2026-07-31 14:19:00
109544,179,5,4,238.4,completed,2026-07-19 15:06:00
109545,174,46,3,265.92,completed,2026-07-13 07:02:00
109546,56,38,1,117.5,completed,2026-08-04 11:56:00
109547,132,44,5,589.35,completed,2026-07-25 00:18:00
109548,147,1,4,652.6,cancelled,2026-07-27 00:19:00
109549,199,28,3,288.72,completed,2026-07-03 14:06:00
109550,66,5,2,655.14,completed,2026-07-12 00:02:00
109551,49,33,4,175.28,completed,2026-07-14 13:39:00
109552,131,1,4,1258.84,completed,2026-07-30 00:26:00
109553,84,32,2,790.26,completed,2026-07-17 14:20:00
109554,185,3,4,1654.88,pending,2026-07-19 22:34:00
109555,28,14,5,2292.6,cancelled,2026-08-03 00:00:00
109556,49,2,5,136.25,completed,2026-07-09 14:58:00
109557,102,18,3,399.69,completed,2026-07-20 21:28:00
109558,157,33,3,282.45,completed,2026-07-05 11:15:00
109559,144,35,3,1238.58,completed,2026-07-31 08:01:00
109560,209,42,3,988.02,completed,2026-08-06 21:46:00
109561,73,20,2,484.72,completed,2026-07-01 09:41:00
109562,120,4,2,67.52,completed,2026-08-08 03:39:00
109563,119,35,2,660.48,completed,2026-07-22 01:10:00
109564,154,1,4,596.36,completed,2026-08-08 10:02:00
109565,17,32,3,256.44,completed,2026-07-28 23:28:00
109566,204,40,4,395.48,completed,2026-07-29 13:20:00
109567,209,22,5,615.8,pending,2026-07-30 07:10:00
109568,116,15,5,901.5,completed,2026-07-28 11:50:00
109569,206,15,2,407.56,cancelled,2026-07-18 03:03:00
109570,106,43,4,1547.68,completed,2026-07-06 04:53:00
109571,156,24,4,471.96,completed,2026-07-18 02:15:00
109572,15,44,1,232.86,completed,2026-07-22 07:27:00
109573,64,34,4,1211.12,completed,2026-08-09 06:08:00
109574,166,38,3,256.41,completed,2026-07-17 10:10:00
109575,134,1,3,670.77,completed,2026-08-01 16:53:00
109576,40,12,3,1258.17,cancelled,2026-07-17 18:46:00
109577,126,17,1,161.81,completed,2026-07-12 18:35:00
109578,55,50,3,,completed,2026-07-21 15:06:00
109579,190,40,1,75.2,completed,2026-07-20 10:33:00
109580,126,24,1,284.74,completed,2026-08-09 05:09:00
109581,19,50,4,492.24,completed,2026-07-13 00:06:00
109582,208,22,2,95.38,cancelled,2026-07-20 14:55:00
109583,141,32,5,423.05,completed,2026-07-02 13:53:00
109584,187,40,5,1312.9,pending,2026-08-02 16:45:00
109585,60,23,3,679.32,completed,2026-07-16 15:13:00
109586,176,29,2,324.52,completed,2026-07-13 11:51:00
109587,19,24,5,1919.95,completed,2026-07-05 15:50:00
109588,106,4,2,844.48,cancelled,2026-07-15 03:22:00
109589,106,44,4,175.68,cancelled,2026-08-05 13:53:00
109590,93,23,3,,completed,2026-07-14 07:48:00
109591,186,29,5,2306.7,completed,2026-07-20 13:12:00
109592,120,11,1,124.28,completed,2026-07-25 11:55:00
109593,147,4,5,1060.6,completed,2026-07-01 20:09:00
109594,39,30,4,411.2,completed,2026-07-12 19:25:00
109595,48,6,1,31.05,completed,2026-07-01 07:14:00
109596,153,24,5,1704.3,completed,2026-07-10 13:11:00
109597,77,36,1,485.73,completed,2026-08-01 23:57:00
109598,204,16,4,232.88,completed,2026-07-17 15:11:00
109599,191,26,3,1489.02,completed,2026-07-26 02:50:00
109600,153,11,1,274.73,cancelled,2026-07-18 16:43:00
109601,156,6,1,482.12,completed,2026-07-11 00:22:00
109602,42,17,3,371.91,completed,2026-07-11 21:35:00
109603,128,27,1,244.92,completed,2026-07-01 04:57:00
109604,207,2,5,2365.15,completed,2026-07-28 03:22:00
109605,190,21,5,2130.8,completed,2026-07-17 08:55:00
109606,92,18,2,415.46,completed,2026-07-14 04:50:00
109607,66,32,2,517.06,completed,2026-08-05 22:01:00
109608,41,46,2,188.16,completed,2026-07-05 15:38:00
109609,158,7,4,1722.68,completed,2026-07-10 01:05:00
109610,41,13,4,860.88,completed,2026-07-23 15:42:00
109611,93,37,4,448.88,completed,2026-07-20 17:22:00
109612,42,35,2,26.22,completed,2026-07-10 11:13:00
109613,51,23,1,231.19,completed,2026-07-11 02:19:00
109614,120,28,2,554.18,completed,2026-07-24 02:55:00
109615,134,5,5,1597.75,completed,2026-07-23 04:50:00
109616,92,19,2,554.2,cancelled,2026-07-28 04:21:00
109617,187,28,5,1152.5,completed,2026-07-29 20:53:00
109618,73,36,2,912.66,completed,2026-07-09 08:05:00
109619,23,35,2,455.42,completed,2026-07-03 00:48:00
109620,78,22,1,375.02,completed,2026-07-05 12:04:00
109621,32,2,3,281.31,completed,2026-07-25 20:14:00
109622,125,45,4,1885.32,completed,2026-08-02 04:04:00
109623,103,41,3,162.06,completed,2026-07-04 21:49:00
109624,43,9,5,266.7,completed,2026-07-06 16:02:00
109625,196,16,4,1255.32,completed,2026-08-07 16:42:00
109626,15,16,2,441.64,completed,2026-07-23 12:02:00
109627,56,26,1,281.94,pending,2026-07-14 13:59:00
109628,25,33,4,150.56,completed,2026-08-08 06:36:00
109629,6,50,1,177.39,cancelled,2026-07-18 11:20:00
109630,161,31,1,366.2,completed,2026-07-20 18:13:00
109631,82,22,4,871.92,completed,2026-08-08 17:45:00
109632,187,24,2,846.38,completed,2026-07-22 15:33:00
109633,175,38,4,118.32,completed,2026-07-07 06:26:00
109634,100,16,5,1413.6,completed,2026-07-06 09:45:00
109635,25,5,5,910.8,completed,2026-07-12 23:59:00
109636,53,20,1,44.28,completed,2026-07-30 12:17:00
109637,201,20,2,431.26,completed,2026-07-10 13:30:00
109638,192,8,1,391.3,completed,2026-07-06 19:44:00
109639,116,31,3,1487.61,cancelled,2026-07-16 12:54:00
109640,121,5,5,1142.6,cancelled,2026-07-15 01:56:00
109641,138,16,4,1458.64,completed,2026-07-22 09:26:00
109642,175,48,5,521.2,pending,2026-07-01 04:40:00
109643,111,14,1,45.03,completed,2026-08-04 00:00:00
109644,191,45,2,856.88,pending,2026-08-03 14:20:00
109645,45,47,2,512.18,completed,2026-07-16 16:44:00
109646,80,28,2,535.28,completed,2026-07-31 19:16:00
109647,146,2,3,1100.28,cancelled,2026-07-17 14:37:00
109648,208,40,2,106.0,completed,2026-07-08 23:14:00
109649,137,5,4,519.2,completed,2026-07-18 10:19:00
109650,187,3,5,1523.5,cancelled,2026-07-04 23:32:00
109651,180,22,4,913.28,completed,2026-07-06 10:27:00
109652,1,42,5,882.15,cancelled,2026-07-15 07:05:00
109653,23,21,4,1744.2,completed,2026-07-21 06:34:00
109654,92,12,1,173.82,cancelled,2026-07-28 02:26:00
109655,66,42,4,355.96,completed,2026-07-18 03:14:00
109656,25,23,2,884.0,completed,2026-08-10 10:45:00
109657,49,13,4,742.0,completed,2026-07-09 20:41:00
109658,161,39,2,709.72,completed,2026-07-08 17:17:00
109659,133,8,4,1659.64,completed,2026-07-11 22:23:00
109660,209,16,3,377.79,completed,2026-07-20 07:33:00
109661,70,38,4,,completed,2026-07-08 11:48:00
109662,15,32,2,99.14,completed,2026-07-31 22:41:00
109663,5,16,3,313.8,completed,2026-07-12 09:44:00
109664,72,41,5,165.15,cancelled,2026-07-02 11:47:00
109665,65,33,3,302.16,completed,2026-07-27 05:06:00
109666,15,33,1,373.38,cancelled,2026-08-04 00:26:00
109667,203,30,1,275.83,pending,2026-08-09 22:11:00
109668,126,33,4,509.0,completed,2026-07-29 04:26:00
109669,20,30,2,183.22,completed,2026-07-04 07:06:00
109670,57,26,2,640.06,completed,2026-08-07 00:06:00
109671,172,23,1,315.2,completed,2026-07-26 14:27:00
109672,174,18,5,,completed,2026-07-27 09:22:00
109673,56,16,5,1867.9,completed,2026-07-08 15:54:00
109674,122,15,3,450.0,pending,2026-08-07 08:04:00
109675,83,8,1,402.11,completed,2026-07-09 12:37:00
109676,171,1,3,1087.29,pending,2026-08-08 14:44:00
109677,78,15,4,396.64,completed,2026-08-05 03:26:00
109678,97,29,5,802.8,completed,2026-08-05 10:02:00
109679,158,36,3,1479.9,completed,2026-07-07 11:43:00
109680,209,31,5,279.35,completed,2026-07-13 15:02:00
109681,196,38,4,209.64,cancelled,2026-07-18 07:26:00
109682,1,15,4,1979.52,cancelled,2026-07-11 01:31:00
109683,177,44,4,1851.6,cancelled,2026-07-16 13:26:00
109684,188,44,4,54.08,completed,2026-07-30 12:11:00
109685,57,11,4,633.68,cancelled,2026-07-09 22:33:00
109686,118,15,3,385.77,completed,2026-07-24 20:03:00
109687,18,12,4,1245.2,completed,2026-08-05 05:14:00
109688,51,22,5,440.0,pending,2026-08-05 16:20:00
109689,145,15,1,311.4,completed,2026-07-15 23:30:00
109690,22,20,3,1294.02,completed,2026-07-30 19:02:00
109691,66,44,3,813.36,completed,2026-07-23 18:11:00
109692,29,8,5,633.9,completed,2026-07-14 07:01:00
109693,116,19,2,50.86,completed,2026-08-02 20:16:00
109694,199,13,5,2087.2,completed,2026-07-17 15:46:00
109695,1,37,5,1594.95,completed,2026-07-12 12:55:00
109696,7,37,1,69.87,cancelled,2026-07-28 14:33:00
109697,113,25,4,419.8,pending,2026-07-04 17:30:00
109698,105,33,5,2385.45,completed,2026-07-18 20:43:00
109699,121,26,1,298.09,cancelled,2026-08-10 09:46:00
109700,26,29,5,1726.4,pending,2026-08-01 21:25:00
109701,152,32,1,391.66,cancelled,2026-07-16 00:20:00
109702,205,47,5,1724.15,completed,2026-07-07 15:19:00
109703,146,26,1,54.79,completed,2026-07-10 00:01:00
109704,78,30,4,1539.76,cancelled,2026-07-04 21:10:00
109705,201,16,5,1587.45,completed,2026-07-27 21:37:00
109706,9,10,5,1091.15,completed,2026-07-31 12:00:00
109707,164,19,5,2081.3,completed,2026-07-02 15:34:00
109708,55,48,4,284.56,completed,2026-07-22 04:23:00
109709,57,29,4,940.24,completed,2026-07-27 21:59:00
109710,145,11,2,825.96,completed,2026-07-19 20:36:00
109711,186,7,5,1056.6,completed,2026-08-06 22:28:00
109712,138,21,3,374.49,completed,2026-08-03 11:15:00
109713,37,45,5,2394.15,completed,2026-07-17 02:22:00
109714,119,32,2,114.9,completed,2026-08-05 08:40:00
109715,151,43,2,402.44,completed,2026-07-27 22:58:00
109716,122,21,2,712.3,completed,2026-07-07 19:32:00
109717,153,35,3,1418.25,completed,2026-07-21 14:49:00
109718,88,50,5,1356.95,completed,2026-07-28 17:27:00
109719,151,14,4,434.08,cancelled,2026-08-02 02:14:00
109720,84,14,3,317.19,completed,2026-07-05 13:07:00
109721,7,25,4,849.08,completed,2026-07-06 06:05:00
109722,57,45,4,1931.32,completed,2026-08-01 04:38:00
109723,200,18,4,639.64,completed,2026-08-06 11:39:00
109724,70,31,5,400.0,completed,2026-07-10 19:25:00
109725,106,5,3,303.69,completed,2026-07-24 09:50:00
109726,104,31,4,288.2,completed,2026-07-13 22:36:00
109727,163,5,3,407.64,completed,2026-08-05 01:19:00
109728,82,37,1,129.0,completed,2026-07-14 13:30:00
109729,116,21,2,663.58,cancelled,2026-07-08 20:14:00
109730,35,36,1,232.71,cancelled,2026-07-03 10:26:00
109731,9,9,4,1414.88,completed,2026-07-30 05:59:00
109732,13,5,1,134.46,completed,2026-08-01 23:39:00
109733,192,7,2,172.46,completed,2026-07-06 11:05:00
109734,133,25,3,969.15,completed,2026-07-07 02:24:00
109735,172,45,3,1297.71,completed,2026-07-11 19:58:00
109736,156,29,1,326.34,completed,2026-07-14 21:03:00
109737,14,7,5,455.85,completed,2026-07-21 07:59:00
109738,136,5,5,760.4,completed,2026-07-14 20:11:00
109739,183,36,2,172.68,completed,2026-08-08 11:25:00
109740,7,9,2,651.42,completed,2026-08-08 22:37:00
109741,145,27,5,467.65,cancelled,2026-07-29 11:25:00
109742,197,37,5,296.1,completed,2026-07-01 19:34:00
109743,184,26,2,620.84,completed,2026-07-25 08:30:00
109744,131,8,3,1292.25,cancelled,2026-08-04 03:53:00
109745,158,22,1,171.54,completed,2026-07-03 12:56:00
109746,132,10,1,199.68,cancelled,2026-07-04 05:56:00
109747,120,21,4,1265.44,completed,2026-07-04 21:21:00
109748,78,25,2,361.28,cancelled,2026-07-25 12:08:00
109749,209,14,3,,completed,2026-07-17 03:29:00
109750,132,23,4,694.8,cancelled,2026-07-13 23:10:00
109751,25,9,5,919.6,completed,2026-08-08 21:24:00
109752,66,17,2,851.86,completed,2026-07-10 00:13:00
109753,185,23,4,552.12,completed,2026-08-07 01:29:00
109754,4,32,3,194.79,completed,2026-07-05 03:59:00
109755,62,49,4,1932.64,completed,2026-07-19 06:12:00
109756,50,41,5,791.1,completed,2026-08-03 06:50:00
109757,172,26,5,742.2,completed,2026-08-03 12:21:00
109758,157,42,1,185.72,completed,2026-07-13 06:04:00
109759,195,29,3,317.07,completed,2026-08-05 14:42:00
109760,45,49,1,402.34,completed,2026-07-26 03:50:00
109761,180,4,5,42.25,cancelled,2026-07-01 03:43:00
109762,90,42,5,1000.75,completed,2026-07-07 00:00:00
109763,100,32,4,1149.32,completed,2026-07-25 16:29:00
109764,41,23,5,1385.65,cancelled,2026-07-11 20:15:00
109765,180,1,1,275.67,completed,2026-07-28 16:41:00
109766,82,18,2,51.52,completed,2026-08-05 13:24:00
109767,71,39,3,472.32,completed,2026-07-16 06:11:00
109768,151,3,3,1252.68,completed,2026-07-20 04:46:00
109769,126,50,4,1618.12,completed,2026-07-16 18:30:00
109770,39,21,2,266.6,completed,2026-07-17 02:08:00
109771,154,28,2,807.26,pending,2026-07-31 01:46:00
109772,20,50,4,1403.8,completed,2026-08-03 19:46:00
109773,145,49,5,1421.6,cancelled,2026-08-05 13:50:00
109774,163,24,1,75.87,completed,2026-07-24 14:17:00
109775,182,40,4,631.2,completed,2026-07-29 00:59:00
109776,107,41,4,1195.08,completed,2026-07-29 02:19:00
109777,48,9,2,133.42,completed,2026-07-30 21:09:00
109778,157,20,4,94.56,completed,2026-07-14 18:32:00
109779,6,46,3,1434.09,completed,2026-07-15 04:58:00
109780,29,14,3,291.93,completed,2026-08-01 18:55:00
109781,198,23,4,479.56,completed,2026-07-15 05:05:00
109782,89,8,2,168.56,completed,2026-07-16 06:37:00
109783,88,32,3,668.19,completed,2026-07-10 10:36:00
109784,73,24,1,350.57,completed,2026-07-24 05:48:00
109785,95,5,3,21.99,completed,2026-07-26 03:02:00
109786,197,1,4,91.0,completed,2026-07-24 10:07:00
109787,56,42,4,427.92,completed,2026-07-13 14:41:00
109788,199,30,2,975.68,completed,2026-07-30 15:31:00
109789,182,13,2,431.92,pending,2026-07-18 09:17:00
109790,25,42,2,514.68,completed,2026-07-16 03:44:00
109791,106,47,4,1828.8,completed,2026-07-13 04:14:00
109792,193,28,2,968.44,completed,2026-08-03 15:41:00
109793,134,2,5,2184.55,cancelled,2026-07-13 03:35:00
109794,140,42,4,98.12,cancelled,2026-08-04 23:46:00
109795,186,19,2,899.46,completed,2026-08-08 12:33:00
109796,69,15,1,66.86,completed,2026-07-19 08:42:00
109797,79,5,5,2363.75,completed,2026-08-04 07:56:00
109798,125,39,3,393.66,completed,2026-08-10 09:30:00
109799,165,30,3,322.89,pending,2026-07-04 02:20:00
109800,152,3,4,1038.0,cancelled,2026-07-30 20:12:00
109801,136,7,1,401.19,completed,2026-08-02 11:36:00
109802,204,46,4,495.76,completed,2026-07-31 23:29:00
109803,1,4,5,2121.75,completed,2026-07-21 23:20:00
109804,173,35,4,299.68,completed,2026-07-03 10:05:00
109805,203,41,4,868.96,completed,2026-08-09 05:09:00
109806,15,13,1,318.24,completed,2026-07-15 03:41:00
109807,164,2,3,391.95,completed,2026-07-02 00:20:00
109808,208,38,3,864.27,completed,2026-07-30 16:05:00
109809,162,29,4,660.72,completed,2026-08-04 10:29:00
109810,188,34,2,285.24,completed,2026-07-13 16:12:00
109811,170,48,3,1267.74,completed,2026-07-19 22:40:00
109812,170,38,1,262.61,completed,2026-08-04 15:06:00
109813,183,27,4,1135.32,cancelled,2026-08-03 10:25:00
109814,21,17,3,337.08,completed,2026-07-09 16:00:00
109815,8,6,3,171.27,completed,2026-07-16 21:31:00
109816,45,13,1,124.1,completed,2026-07-22 17:27:00
109817,188,23,2,336.16,completed,2026-07-28 18:27:00
109818,162,5,4,1680.48,completed,2026-07-18 07:32:00
109819,187,47,3,100.38,completed,2026-08-09 19:46:00
109820,142,13,3,1385.22,completed,2026-07-05 22:21:00
109821,97,15,3,337.02,completed,2026-08-04 13:25:00
109822,98,15,1,111.09,cancelled,2026-07-21 03:53:00
109823,101,35,2,356.88,completed,2026-08-10 10:42:00
109824,96,37,2,471.68,cancelled,2026-07-28 16:57:00
109825,183,2,1,209.79,cancelled,2026-08-09 19:37:00
109826,148,29,3,,completed,2026-08-01 08:09:00
109827,203,36,5,1573.05,completed,2026-07-09 07:17:00
109828,40,13,4,572.76,completed,2026-08-08 00:31:00
109829,34,12,1,,completed,2026-08-02 00:03:00
109830,171,16,1,301.93,completed,2026-07-08 14:04:00
109831,139,20,5,1699.9,completed,2026-07-16 03:57:00
109832,2,46,2,935.16,completed,2026-07-20 01:18:00
109833,172,40,5,2137.2,completed,2026-08-05 13:59:00
109834,153,28,5,1139.4,completed,2026-08-02 07:26:00
109835,92,5,1,40.56,completed,2026-07-27 16:39:00
109836,18,21,5,1355.45,completed,2026-08-10 02:23:00
109837,196,4,4,787.44,cancelled,2026-07-14 23:16:00
109838,161,9,2,919.38,completed,2026-07-07 06:24:00
109839,23,34,2,92.4,cancelled,2026-07-27 04:12:00
109840,134,39,4,714.72,completed,2026-08-01 02:19:00
109841,188,13,1,368.15,completed,2026-07-04 05:20:00
109842,56,35,3,506.85,completed,2026-07-28 22:13:00
109843,96,35,5,1997.1,completed,2026-07-22 14:57:00
109844,91,30,2,163.94,completed,2026-07-07 05:30:00
109845,154,35,2,43.36,completed,2026-07-27 19:56:00
109846,123,47,1,176.14,completed,2026-08-06 06:54:00
109847,195,32,3,1198.05,completed,2026-07-12 05:09:00
109848,78,48,4,85.08,completed,2026-07-19 19:24:00
109849,42,5,3,668.13,completed,2026-07-25 14:50:00
109850,201,6,4,1508.84,cancelled,2026-07-01 20:43:00
109851,204,25,1,487.6,completed,2026-07-26 00:00:00
109852,67,45,2,618.08,completed,2026-08-10 21:56:00
109853,143,29,3,144.81,cancelled,2026-08-07 06:08:00
109854,95,25,2,940.36,completed,2026-07-08 15:43:00
109855,197,17,1,269.37,completed,2026-07-26 03:54:00
109856,58,48,3,1242.45,completed,2026-07-01 16:08:00
109857,38,1,4,513.6,completed,2026-08-02 20:06:00
109858,162,10,2,155.04,completed,2026-07-26 02:32:00
109859,7,10,4,1314.8,cancelled,2026-07-21 15:21:00
109860,167,27,3,1492.17,completed,2026-07-18 22:23:00
109861,60,46,2,459.68,completed,2026-07-26 12:54:00
109862,41,44,3,783.96,completed,2026-08-03 20:33:00
109863,17,15,1,118.31,completed,2026-07-03 07:21:00
109864,16,44,3,505.2,completed,2026-07-13 11:04:00
109865,20,46,4,1996.48,completed,2026-07-11 18:59:00
109866,101,31,2,28.58,completed,2026-08-04 17:46:00
109867,46,50,3,333.36,completed,2026-07-11 23:53:00
109868,37,30,1,,completed,2026-08-06 03:08:00
109869,193,8,3,759.03,completed,2026-07-11 05:11:00
109870,64,48,3,245.19,completed,2026-07-01 14:05:00
109871,201,45,5,2221.5,completed,2026-07-29 22:39:00
109872,144,38,2,605.92,cancelled,2026-07-25 15:19:00
109873,123,28,2,547.9,completed,2026-07-02 04:11:00
109874,118,17,3,,completed,2026-08-08 20:15:00
109875,10,49,2,969.28,completed,2026-07-22 18:59:00
109876,105,37,3,1075.95,completed,2026-07-30 20:01:00
109877,176,46,5,313.9,cancelled,2026-07-15 05:25:00
109878,107,26,4,1736.4,completed,2026-07-24 09:55:00
109879,124,21,2,353.56,completed,2026-08-02 21:21:00
109880,191,35,3,1402.92,completed,2026-08-09 17:00:00
109881,204,11,3,302.1,completed,2026-07-03 20:35:00
109882,96,36,2,10.1,completed,2026-08-09 12:57:00
109883,131,44,3,1361.34,pending,2026-07-14 02:35:00
109884,19,24,3,789.45,cancelled,2026-07-24 10:55:00
109885,132,9,1,415.64,completed,2026-08-07 08:31:00
109886,99,31,1,252.56,cancelled,2026-07-20 09:01:00
109887,22,41,1,385.77,completed,2026-08-06 04:59:00
109888,71,17,2,384.84,completed,2026-07-31 18:19:00
109889,203,9,1,331.68,completed,2026-07-29 17:22:00
109890,121,22,5,1948.95,completed,2026-08-07 04:05:00
109891,67,23,2,441.44,completed,2026-07-08 22:35:00
109892,156,17,3,753.45,completed,2026-07-28 08:33:00
109893,145,11,2,472.72,completed,2026-07-20 18:19:00
109894,179,4,2,351.76,completed,2026-07-09 16:21:00
109895,57,16,2,727.82,completed,2026-07-26 22:13:00
109896,3,12,5,507.1,completed,2026-08-02 00:19:00
109897,168,35,5,2275.8,completed,2026-07-29 02:24:00
109898,154,12,5,1345.65,completed,2026-07-06 12:20:00
109899,21,13,5,2475.95,cancelled,2026-07-22 00:48:00
109900,196,24,3,1342.26,completed,2026-07-18 19:55:00
109901,122,23,1,175.4,completed,2026-08-03 20:51:00
109902,200,31,3,1448.25,cancelled,2026-08-05 22:07:00
109903,186,3,2,438.88,cancelled,2026-07-05 07:29:00
109904,160,32,1,,completed,2026-07-15 21:26:00
109905,78,11,3,154.44,completed,2026-07-19 17:32:00
109906,203,47,2,414.7,cancelled,2026-07-14 14:41:00
109907,171,23,5,1820.9,completed,2026-07-20 22:35:00
109908,78,15,5,2376.9,completed,2026-08-05 21:38:00
109909,60,4,2,134.46,completed,2026-07-09 19:48:00
109910,193,17,5,1461.25,completed,2026-07-19 05:03:00
109911,88,7,5,1934.15,completed,2026-07-03 12:42:00
109912,207,10,4,181.36,completed,2026-08-07 23:42:00
109913,1,46,1,475.28,cancelled,2026-08-08 15:29:00
109914,167,10,2,840.5,pending,2026-07-22 06:39:00
109915,104,28,1,322.83,completed,2026-08-10 17:16:00
109916,183,13,3,842.28,completed,2026-07-16 01:37:00
109917,84,37,2,386.34,completed,2026-07-19 21:41:00
109918,49,18,1,88.0,completed,2026-08-05 10:37:00
109919,207,49,5,2262.5,completed,2026-07-08 21:39:00
109920,139,42,5,356.75,completed,2026-07-20 04:18:00
109921,169,11,5,1790.05,completed,2026-07-03 09:16:00
109922,125,40,5,2154.1,completed,2026-07-02 05:08:00
109923,68,28,5,91.65,completed,2026-07-24 13:48:00
109924,205,6,3,23.19,completed,2026-07-19 04:47:00
109925,75,12,3,204.63,cancelled,2026-07-02 08:57:00
109926,132,22,5,1011.2,completed,2026-07-11 10:20:00
109927,174,16,2,247.68,completed,2026-07-06 15:55:00
109928,200,2,4,26.96,completed,2026-07-03 19:04:00
109929,133,17,5,1626.35,completed,2026-08-10 22:23:00
109930,175,50,5,994.9,cancelled,2026-08-01 18:19:00
109931,181,25,4,1936.52,cancelled,2026-07-26 06:43:00
109932,47,49,5,1452.45,completed,2026-07-06 05:51:00
109933,110,23,3,1192.11,pending,2026-08-09 18:25:00
109934,161,23,2,884.68,cancelled,2026-08-01 10:45:00
109935,75,32,3,1321.23,pending,2026-07-02 15:37:00
109936,202,34,5,2315.4,completed,2026-08-09 22:55:00
109937,83,44,4,992.04,cancelled,2026-07-28 02:54:00
109938,10,22,1,84.4,completed,2026-07-27 07:06:00
109939,32,46,3,614.1,completed,2026-07-21 13:06:00
109940,186,43,2,824.06,completed,2026-07-29 21:13:00
109941,22,30,1,259.87,completed,2026-08-09 16:42:00
109942,5,41,4,1046.84,completed,2026-07-25 04:39:00
109943,162,34,2,117.34,completed,2026-08-08 11:33:00
109944,142,25,5,2221.9,completed,2026-08-02 01:02:00
109945,32,47,5,1943.35,completed,2026-07-21 00:13:00
109946,182,29,4,1166.08,completed,2026-07-23 21:16:00
109947,194,10,2,724.92,completed,2026-07-31 18:16:00
109948,110,20,3,1221.78,cancelled,2026-07-01 02:15:00
109949,40,28,3,1217.79,completed,2026-07-19 19:35:00
109950,161,25,1,116.03,cancelled,2026-07-29 12:46:00
109951,177,13,3,176.28,completed,2026-07-20 06:05:00
109952,53,47,4,1155.04,completed,2026-08-08 22:18:00
109953,91,24,3,949.98,completed,2026-07-01 05:43:00
109954,85,13,5,1276.1,completed,2026-07-28 08:24:00
109955,7,16,2,976.14,pending,2026-07-03 07:40:00
109956,204,29,1,250.98,completed,2026-07-04 20:43:00
109957,57,7,1,73.59,completed,2026-07-24 10:13:00
109958,82,5,1,303.4,completed,2026-07-25 04:00:00
109959,126,11,4,606.48,completed,2026-08-08 00:45:00
109960,25,43,3,247.95,completed,2026-07-24 18:11:00
109961,158,23,4,210.16,completed,2026-07-04 14:33:00
109962,151,2,2,798.92,completed,2026-07-23 20:53:00
109963,86,46,3,1044.63,cancelled,2026-07-12 08:49:00
109964,96,47,3,632.7,completed,2026-07-20 00:27:00
109965,60,15,4,1986.76,completed,2026-08-05 13:34:00
109966,173,9,2,384.76,completed,2026-07-15 06:38:00
109967,121,19,1,390.05,completed,2026-07-19 18:00:00
109968,137,17,4,1550.88,cancelled,2026-07-29 13:32:00
109969,85,24,3,1413.48,completed,2026-07-11 05:06:00
109970,38,49,3,1393.74,completed,2026-08-09 19:57:00
109971,196,12,4,1543.76,completed,2026-08-10 13:06:00
109972,53,17,1,450.03,completed,2026-08-02 13:10:00
109973,160,5,1,140.83,completed,2026-07-01 06:39:00
109974,149,26,3,1205.22,completed,2026-07-07 19:06:00
109975,183,30,1,462.11,cancelled,2026-07-21 23:44:00
109976,41,43,3,1148.1,cancelled,2026-08-07 16:02:00
109977,152,41,2,841.78,completed,2026-07-06 03:26:00
109978,161,4,3,654.18,cancelled,2026-08-03 15:57:00
109979,165,5,3,1018.71,completed,2026-07-31 10:59:00
109980,105,2,1,478.99,completed,2026-07-25 01:24:00
109981,202,1,3,338.79,completed,2026-07-07 09:07:00
109982,134,23,3,1153.95,completed,2026-07-15 18:24:00
109983,167,35,2,129.8,completed,2026-08-06 16:36:00
109984,163,35,1,368.92,completed,2026-07-27 12:57:00
109985,151,33,3,1421.52,completed,2026-07-02 06:10:00
109986,83,15,5,1843.2,completed,2026-08-03 21:23:00
109987,83,8,5,829.9,completed,2026-07-05 23:14:00
109988,145,36,5,1330.0,completed,2026-07-09 23:19:00
109989,76,45,1,332.49,completed,2026-07-01 09:39:00
109990,102,7,5,842.45,pending,2026-07-23 15:02:00
109991,22,25,4,1989.28,completed,2026-07-12 09:34:00
109992,181,2,1,422.62,cancelled,2026-07-24 05:21:00
109993,172,14,3,802.02,completed,2026-07-07 17:01:00
109994,50,38,4,1990.28,completed,2026-07-09 01:46:00
109995,40,50,2,133.34,cancelled,2026-08-07 09:16:00
109996,41,36,4,1540.32,cancelled,2026-08-02 10:05:00
109997,7,26,1,64.01,completed,2026-08-06 04:38:00
109998,182,30,4,1597.4,completed,2026-07-01 02:28:00
109999,178,16,1,493.64,completed,2026-07-27 00:26:00
110000,174,50,4,1922.04,cancelled,2026-07-09 22:23:00
103408,135,29,4,1821.08,pending,2026-08-07 14:02:00
103634,27,27,1,93.54,completed,2026-07-02 09:10:00
107158,38,42,3,1294.56,completed,2026-07-28 16:03:00
109621,32,2,3,281.31,completed,2026-07-25 20:14:00
103133,16,23,2,339.58,completed,2026-07-08 03:16:00
105924,23,43,2,710.16,completed,2026-07-12 18:27:00
102322,88,43,4,434.96,completed,2026-07-01 16:55:00
105521,117,24,4,1447.08,completed,2026-07-31 10:45:00
100084,194,42,4,217.76,completed,2026-07-19 10:21:00
104523,178,1,3,51.81,completed,2026-07-10 00:04:00
100331,102,22,3,968.61,completed,2026-07-27 01:37:00
104403,133,30,4,72.84,completed,2026-08-04 17:52:00
104599,69,6,3,1316.91,completed,2026-07-21 19:48:00
106118,153,49,1,323.55,completed,2026-07-24 02:20:00
106325,208,39,1,130.93,pending,2026-07-24 01:05:00
106009,115,6,3,1148.73,cancelled,2026-07-30 16:48:00
103895,112,43,4,1044.76,pending,2026-07-10 14:52:00
109907,171,23,5,1820.9,completed,2026-07-20 22:35:00
100371,164,8,2,67.14,completed,2026-07-14 02:52:00
106477,129,42,3,262.32,completed,2026-07-14 14:48:00
101106,68,18,4,1489.8,completed,2026-08-08 06:29:00
100678,133,24,4,592.8,completed,2026-08-02 05:06:00
102696,208,21,4,380.44,completed,2026-07-09 07:20:00
108765,54,33,3,1151.52,cancelled,2026-07-29 00:52:00
109490,157,27,1,263.57,completed,2026-07-12 19:50:00
103687,189,33,1,308.36,completed,2026-08-03 23:51:00
107663,6,6,3,1271.88,cancelled,2026-07-01 17:38:00
101151,118,43,1,276.68,completed,2026-07-22 05:59:00
101263,86,5,5,1500.5,completed,2026-08-05 23:21:00
107359,26,28,1,208.94,completed,2026-07-01 07:15:00
104731,154,39,5,1856.2,completed,2026-07-31 11:34:00
106140,24,27,5,1918.05,completed,2026-07-18 01:19:00
100819,79,24,1,291.27,completed,2026-07-17 23:02:00
103471,19,11,3,17.7,completed,2026-08-08 01:30:00
104169,140,20,3,411.3,cancelled,2026-07-28 14:09:00
108253,19,9,1,476.5,completed,2026-07-28 04:28:00
104176,106,3,3,1063.47,cancelled,2026-07-05 20:45:00
104840,42,15,3,817.38,pending,2026-07-05 14:49:00
101568,27,49,5,961.7,pending,2026-07-18 08:41:00
103387,85,37,3,488.58,cancelled,2026-08-02 07:24:00
103117,90,40,2,387.9,completed,2026-07-15 04:04:00
100220,108,41,3,1233.51,pending,2026-07-19 09:52:00
100528,59,12,1,349.46,completed,2026-07-12 22:50:00
104992,93,27,5,1447.6,completed,2026-07-26 18:56:00
107809,164,3,3,156.15,cancelled,2026-08-03 01:16:00
107507,146,39,4,1141.0,completed,2026-07-18 02:32:00
109211,92,50,2,640.28,completed,2026-07-21 08:33:00
109603,128,27,1,244.92,completed,2026-07-01 04:57:00
105222,128,28,4,1220.36,completed,2026-07-06 15:23:00
107291,191,26,3,1140.27,completed,2026-07-27 10:39:00
103370,176,21,2,286.0,completed,2026-07-10 18:01:00
103419,180,9,4,1416.56,completed,2026-08-07 17:12:00
106853,199,26,2,835.72,completed,2026-07-23 23:27:00
100074,178,17,1,171.08,completed,2026-07-03 08:40:00
108686,7,39,4,934.8,completed,2026-07-07 21:28:00
103257,191,19,5,1524.75,completed,2026-07-27 11:50:00
109410,28,7,1,416.79,completed,2026-07-19 09:34:00
101831,58,21,2,549.66,completed,2026-07-02 15:16:00
102086,81,36,2,883.14,completed,2026-07-05 17:23:00
103309,153,32,5,1271.4,completed,2026-07-16 01:25:00
109853,143,29,3,144.81,cancelled,2026-08-07 06:08:00
100894,144,29,1,225.14,completed,2026-07-29 16:38:00
103781,139,22,4,1712.32,completed,2026-07-14 15:19:00
100718,131,8,5,2258.5,pending,2026-07-30 11:57:00
107428,59,12,2,577.16,completed,2026-08-01 01:11:00
108465,161,50,2,632.18,completed,2026-07-07 00:38:00
108261,81,19,5,65.7,completed,2026-08-02 01:53:00
106614,105,27,5,1701.3,cancelled,2026-08-10 21:56:00
101691,121,23,2,534.26,completed,2026-08-06 06:05:00
104552,58,21,5,433.5,completed,2026-07-08 10:55:00
103767,144,33,4,516.52,cancelled,2026-07-22 03:25:00
102857,28,30,2,625.0,completed,2026-07-28 18:55:00
105638,118,38,4,899.2,completed,2026-08-04 00:12:00
109770,39,21,2,266.6,completed,2026-07-17 02:08:00
106656,111,25,5,2363.0,cancelled,2026-07-27 21:53:00
105064,30,47,1,145.26,completed,2026-07-01 03:39:00
101471,123,5,2,443.44,completed,2026-07-24 06:27:00
108065,207,15,2,343.66,completed,2026-07-25 17:59:00
102221,103,16,5,2118.45,completed,2026-08-09 17:19:00
100920,143,11,1,448.76,pending,2026-08-05 07:38:00
101935,186,39,3,796.2,completed,2026-08-06 19:02:00
106045,100,21,3,1061.04,completed,2026-07-18 22:31:00
109350,31,28,5,1776.3,completed,2026-08-08 03:36:00
100600,87,43,4,1765.12,completed,2026-07-29 04:55:00
102728,160,27,4,845.4,completed,2026-07-28 11:00:00
103002,183,42,4,1205.36,completed,2026-07-03 14:20:00
104067,206,21,5,1235.0,completed,2026-08-02 04:19:00
109432,206,22,5,2145.3,completed,2026-07-30 17:52:00
108090,198,19,3,951.99,completed,2026-07-21 14:15:00
105324,175,13,1,337.05,completed,2026-07-10 01:09:00
104540,199,32,2,285.68,cancelled,2026-07-20 22:51:00
108630,205,33,4,433.4,completed,2026-07-18 14:55:00
103491,145,34,1,,completed,2026-07-29 18:28:00
101804,73,37,3,459.81,cancelled,2026-08-05 04:09:00
106520,39,11,5,102.6,completed,2026-07-09 02:12:00
103151,114,38,4,1156.52,completed,2026-07-16 16:42:00
100884,19,20,3,682.38,completed,2026-08-07 22:12:00
109697,113,25,4,419.8,pending,2026-07-04 17:30:00
105825,171,33,1,167.5,completed,2026-07-27 06:24:00
101407,130,11,3,1496.4,cancelled,2026-07-07 21:53:00
109166,160,46,3,18.24,completed,2026-07-18 17:54:00
106171,168,22,2,392.18,cancelled,2026-07-29 01:17:00
107191,38,42,1,,completed,2026-08-08 19:34:00
100506,60,5,2,22.48,pending,2026-07-02 16:54:00
104791,57,40,4,542.84,completed,2026-07-30 22:44:00
108051,27,23,2,429.5,completed,2026-08-08 21:42:00
104908,158,6,3,939.21,cancelled,2026-07-07 17:06:00
103464,132,33,4,66.0,cancelled,2026-07-19 18:55:00
102165,2,30,4,1383.52,completed,2026-07-30 05:18:00
102262,178,2,2,497.16,completed,2026-07-23 16:56:00
103544,197,8,1,,completed,2026-07-28 20:54:00
107247,75,46,1,16.03,completed,2026-07-04 20:57:00
105883,76,25,3,,pending,2026-07-12 17:52:00
106983,208,47,3,1031.4,completed,2026-08-07 20:35:00
109892,156,17,3,753.45,completed,2026-07-28 08:33:00
105574,173,43,3,1497.96,completed,2026-07-06 17:00:00
100564,151,34,3,866.31,completed,2026-07-20 14:26:00
101303,114,31,4,24.48,completed,2026-07-26 14:18:00
104111,153,48,5,426.75,completed,2026-08-06 21:44:00
105083,166,32,1,59.15,completed,2026-07-13 00:28:00
104629,33,27,3,966.84,completed,2026-07-23 11:04:00
100387,85,1,3,267.0,pending,2026-07-11 15:19:00
102024,107,1,3,1293.39,cancelled,2026-07-24 10:26:00
107934,163,48,2,659.9,pending,2026-07-12 20:05:00
107546,90,31,2,430.58,cancelled,2026-07-16 03:34:00
104299,183,46,2,671.4,completed,2026-07-02 03:48:00
104696,23,12,1,42.93,completed,2026-08-05 12:45:00
108663,96,10,5,811.9,completed,2026-08-04 07:30:00
105444,101,46,3,830.97,completed,2026-07-03 09:18:00
104505,157,37,1,158.43,completed,2026-08-08 15:42:00
107225,210,9,2,810.7,completed,2026-07-14 20:19:00
108410,3,21,4,940.68,completed,2026-08-05 08:48:00
103552,20,4,3,813.63,completed,2026-07-11 20:53:00
109968,137,17,4,1550.88,cancelled,2026-07-29 13:32:00
107802,65,6,1,490.07,completed,2026-07-06 04:37:00
100873,187,27,5,1204.0,completed,2026-08-02 14:10:00
105118,27,4,5,1774.25,cancelled,2026-07-26 19:28:00
108983,174,23,2,15.68,completed,2026-08-05 12:50:00
101498,23,15,5,1339.45,completed,2026-08-04 01:20:00
104808,55,23,4,268.96,completed,2026-07-06 21:17:00
100413,171,25,5,1843.05,completed,2026-07-07 08:42:00
106822,110,37,5,356.15,completed,2026-08-02 22:27:00
100559,82,50,3,1345.38,completed,2026-07-04 23:55:00
100996,9,30,4,55.2,completed,2026-07-27 15:25:00
107241,28,4,5,1914.85,pending,2026-07-14 11:13:00
101919,185,19,4,1677.16,completed,2026-08-02 22:29:00
109550,66,5,2,655.14,completed,2026-07-12 00:02:00
104483,100,42,2,465.14,cancelled,2026-07-16 04:09:00
103903,207,38,3,724.98,completed,2026-07-04 04:29:00
104245,2,31,1,108.92,completed,2026-07-16 00:18:00
